Timestamp,Node_ID,Latitude,Longitude,Soil_Moisture,Pore_Water_Pressure,Tilt_X,Tilt_Y,Rainfall_24h
2023-06-01 00:00:00,NODE_01,27.29535,88.6231,25.01,14.47,0.0061,0.0021,0.0
2023-06-01 00:00:00,NODE_02,27.35987,88.66507,24.94,14.94,0.0,0.0046,0.0
2023-06-01 00:00:00,NODE_03,27.32649,88.60522,25.15,14.74,0.002,-0.007,0.0
2023-06-01 00:00:00,NODE_04,27.36949,88.5676,24.89,15.16,-0.0121,0.0084,0.0
2023-06-01 00:00:00,NODE_05,27.35503,88.67429,25.15,14.91,0.0268,-0.0093,0.0
2023-06-01 00:00:00,NODE_06,27.3375,88.61639,25.46,14.88,0.003,-0.0099,0.0
2023-06-01 00:00:00,NODE_07,27.35687,88.65051,25.09,15.25,-0.0007,0.0087,0.0
2023-06-01 00:00:00,NODE_08,27.3729,88.65823,25.28,14.79,0.0038,0.0048,0.0
2023-06-01 00:00:00,NODE_09,27.32405,88.62626,24.92,15.24,0.0023,-0.0044,0.0
2023-06-01 00:00:00,NODE_10,27.28763,88.57017,24.98,15.09,-0.016,-0.0111,0.0
2023-06-01 01:00:00,NODE_01,27.29535,88.6231,24.95,15.36,-0.0021,0.0159,0.0
2023-06-01 01:00:00,NODE_02,27.35987,88.66507,24.89,15.15,-0.013,0.0202,0.0
2023-06-01 01:00:00,NODE_03,27.32649,88.60522,25.69,16.11,0.0084,0.0086,0.0
2023-06-01 01:00:00,NODE_04,27.36949,88.5676,24.48,15.84,-0.0013,-0.0013,0.0
2023-06-01 01:00:00,NODE_05,27.35503,88.67429,25.2,16.03,0.031,-0.0119,0.0
2023-06-01 01:00:00,NODE_06,27.3375,88.61639,25.51,15.61,0.0033,0.0193,0.0
2023-06-01 01:00:00,NODE_07,27.35687,88.65051,25.7,15.87,-0.0132,-0.0091,0.0
2023-06-01 01:00:00,NODE_08,27.3729,88.65823,24.93,15.63,0.0007,-0.0041,0.0
2023-06-01 01:00:00,NODE_09,27.32405,88.62626,25.27,15.07,0.0027,-0.0075,0.0
2023-06-01 01:00:00,NODE_10,27.28763,88.57017,24.76,15.72,0.0043,0.0109,0.0
2023-06-01 02:00:00,NODE_01,27.29535,88.6231,25.49,16.36,-0.0185,0.0022,0.0
2023-06-01 02:00:00,NODE_02,27.35987,88.66507,25.19,16.17,0.0163,0.0018,0.0
2023-06-01 02:00:00,NODE_03,27.32649,88.60522,25.31,16.24,-0.0163,-0.0048,0.0
2023-06-01 02:00:00,NODE_04,27.36949,88.5676,24.84,15.98,0.0122,-0.0184,0.0
2023-06-01 02:00:00,NODE_05,27.35503,88.67429,24.86,16.25,-0.0176,-0.0016,0.0
2023-06-01 02:00:00,NODE_06,27.3375,88.61639,25.09,15.58,0.005,0.0111,0.0
2023-06-01 02:00:00,NODE_07,27.35687,88.65051,25.22,16.24,-0.0079,0.0029,0.0
2023-06-01 02:00:00,NODE_08,27.3729,88.65823,24.93,16.04,-0.0069,0.0046,0.0
2023-06-01 02:00:00,NODE_09,27.32405,88.62626,25.27,16.38,0.0016,0.0156,0.0
2023-06-01 02:00:00,NODE_10,27.28763,88.57017,25.96,16.23,0.0045,0.0002,0.0
2023-06-01 03:00:00,NODE_01,27.29535,88.6231,23.93,16.88,-0.0046,0.0138,0.0
2023-06-01 03:00:00,NODE_02,27.35987,88.66507,25.27,16.27,-0.0008,0.0245,0.0
2023-06-01 03:00:00,NODE_03,27.32649,88.60522,25.49,16.89,-0.0013,0.0006,0.0
2023-06-01 03:00:00,NODE_04,27.36949,88.5676,26.03,16.72,-0.0089,0.0072,0.0
2023-06-01 03:00:00,NODE_05,27.35503,88.67429,25.07,17.46,-0.022,0.0216,0.0
2023-06-01 03:00:00,NODE_06,27.3375,88.61639,24.9,16.94,0.0087,-0.0036,0.0
2023-06-01 03:00:00,NODE_07,27.35687,88.65051,25.28,17.17,0.0171,-0.0139,0.0
2023-06-01 03:00:00,NODE_08,27.3729,88.65823,25.59,16.27,0.008,0.0047,0.0
2023-06-01 03:00:00,NODE_09,27.32405,88.62626,24.77,16.94,-0.0042,-0.0191,0.0
2023-06-01 03:00:00,NODE_10,27.28763,88.57017,25.16,17.21,-0.0104,0.0068,0.0
2023-06-01 04:00:00,NODE_01,27.29535,88.6231,25.84,16.86,0.0042,0.0064,5.87
2023-06-01 04:00:00,NODE_02,27.35987,88.66507,25.63,17.5,0.0005,0.0018,5.87
2023-06-01 04:00:00,NODE_03,27.32649,88.60522,25.44,17.28,-0.0138,0.0121,5.87
2023-06-01 04:00:00,NODE_04,27.36949,88.5676,26.0,17.05,0.0097,0.0015,5.87
2023-06-01 04:00:00,NODE_05,27.35503,88.67429,25.78,17.28,-0.0001,-0.0103,5.87
2023-06-01 04:00:00,NODE_06,27.3375,88.61639,25.93,17.44,0.0045,-0.0029,5.87
2023-06-01 04:00:00,NODE_07,27.35687,88.65051,26.32,17.89,0.0153,-0.0113,5.87
2023-06-01 04:00:00,NODE_08,27.3729,88.65823,25.31,16.92,-0.0027,0.0237,5.87
2023-06-01 04:00:00,NODE_09,27.32405,88.62626,25.28,16.95,0.0083,0.0129,5.87
2023-06-01 04:00:00,NODE_10,27.28763,88.57017,25.19,16.97,0.0156,-0.0122,5.87
2023-06-01 05:00:00,NODE_01,27.29535,88.6231,26.98,17.69,-0.0109,0.0163,5.87
2023-06-01 05:00:00,NODE_02,27.35987,88.66507,26.39,18.03,0.0135,0.0002,5.87
2023-06-01 05:00:00,NODE_03,27.32649,88.60522,26.15,18.0,0.0028,-0.0035,5.87
2023-06-01 05:00:00,NODE_04,27.36949,88.5676,26.25,17.55,0.0073,0.0042,5.87
2023-06-01 05:00:00,NODE_05,27.35503,88.67429,25.39,18.0,0.005,-0.0016,5.87
2023-06-01 05:00:00,NODE_06,27.3375,88.61639,26.27,17.67,0.0028,0.0021,5.87
2023-06-01 05:00:00,NODE_07,27.35687,88.65051,26.24,18.25,0.006,-0.0118,5.87
2023-06-01 05:00:00,NODE_08,27.3729,88.65823,25.61,18.24,-0.0153,-0.0034,5.87
2023-06-01 05:00:00,NODE_09,27.32405,88.62626,26.44,17.64,-0.0036,-0.0038,5.87
2023-06-01 05:00:00,NODE_10,27.28763,88.57017,26.31,17.86,-0.0111,0.0017,5.87
2023-06-01 06:00:00,NODE_01,27.29535,88.6231,26.57,18.31,0.0063,-0.0006,5.87
2023-06-01 06:00:00,NODE_02,27.35987,88.66507,26.71,19.07,0.0066,-0.0128,5.87
2023-06-01 06:00:00,NODE_03,27.32649,88.60522,26.93,18.23,0.0164,-0.0069,5.87
2023-06-01 06:00:00,NODE_04,27.36949,88.5676,26.78,18.79,0.0027,0.0194,5.87
2023-06-01 06:00:00,NODE_05,27.35503,88.67429,27.28,19.08,-0.0008,0.0009,5.87
2023-06-01 06:00:00,NODE_06,27.3375,88.61639,26.2,18.54,0.0071,0.006,5.87
2023-06-01 06:00:00,NODE_07,27.35687,88.65051,26.6,18.43,-0.0156,-0.0029,5.87
2023-06-01 06:00:00,NODE_08,27.3729,88.65823,27.24,18.89,-0.002,-0.0014,5.87
2023-06-01 06:00:00,NODE_09,27.32405,88.62626,26.5,18.68,0.008,-0.0007,5.87
2023-06-01 06:00:00,NODE_10,27.28763,88.57017,27.42,18.02,0.0026,0.0057,5.87
2023-06-01 07:00:00,NODE_01,27.29535,88.6231,26.84,18.96,0.0091,0.0239,5.87
2023-06-01 07:00:00,NODE_02,27.35987,88.66507,26.65,19.34,-0.0088,0.0111,5.87
2023-06-01 07:00:00,NODE_03,27.32649,88.60522,26.93,19.14,-0.0047,0.0142,5.87
2023-06-01 07:00:00,NODE_04,27.36949,88.5676,26.98,18.91,-0.0033,-0.0082,5.87
2023-06-01 07:00:00,NODE_05,27.35503,88.67429,27.05,18.63,0.007,-0.0011,5.87
2023-06-01 07:00:00,NODE_06,27.3375,88.61639,27.22,19.08,-0.0243,0.0109,5.87
2023-06-01 07:00:00,NODE_07,27.35687,88.65051,27.7,19.19,0.0031,0.0018,5.87
2023-06-01 07:00:00,NODE_08,27.3729,88.65823,26.74,19.57,0.0019,-0.0065,5.87
2023-06-01 07:00:00,NODE_09,27.32405,88.62626,27.51,19.0,0.0139,-0.0034,5.87
2023-06-01 07:00:00,NODE_10,27.28763,88.57017,26.96,19.31,-0.0042,-0.0204,5.87
2023-06-01 08:00:00,NODE_01,27.29535,88.6231,26.66,19.25,0.0013,-0.0049,5.87
2023-06-01 08:00:00,NODE_02,27.35987,88.66507,27.27,19.56,-0.0065,-0.005,5.87
2023-06-01 08:00:00,NODE_03,27.32649,88.60522,26.56,19.5,0.0013,0.0005,5.87
2023-06-01 08:00:00,NODE_04,27.36949,88.5676,27.01,18.96,-0.0099,-0.0287,5.87
2023-06-01 08:00:00,NODE_05,27.35503,88.67429,27.19,19.19,-0.0027,-0.0046,5.87
2023-06-01 08:00:00,NODE_06,27.3375,88.61639,27.32,20.29,0.0209,-0.0134,5.87
2023-06-01 08:00:00,NODE_07,27.35687,88.65051,27.02,19.99,0.0038,0.0036,5.87
2023-06-01 08:00:00,NODE_08,27.3729,88.65823,26.53,19.75,-0.0082,-0.0103,5.87
2023-06-01 08:00:00,NODE_09,27.32405,88.62626,27.03,20.02,-0.0068,0.0024,5.87
2023-06-01 08:00:00,NODE_10,27.28763,88.57017,27.28,19.89,0.0011,0.0117,5.87
2023-06-01 09:00:00,NODE_01,27.29535,88.6231,26.58,20.07,-0.0306,-0.0077,5.87
2023-06-01 09:00:00,NODE_02,27.35987,88.66507,27.11,20.53,0.0049,-0.0065,5.87
2023-06-01 09:00:00,NODE_03,27.32649,88.60522,27.44,20.3,0.0076,0.0109,5.87
2023-06-01 09:00:00,NODE_04,27.36949,88.5676,26.77,20.82,0.0178,-0.0105,5.87
2023-06-01 09:00:00,NODE_05,27.35503,88.67429,26.42,20.04,-0.0069,0.0116,5.87
2023-06-01 09:00:00,NODE_06,27.3375,88.61639,27.51,20.05,0.0159,0.0044,5.87
2023-06-01 09:00:00,NODE_07,27.35687,88.65051,27.29,20.68,0.0003,-0.0177,5.87
2023-06-01 09:00:00,NODE_08,27.3729,88.65823,27.29,19.98,-0.0012,-0.0046,5.87
2023-06-01 09:00:00,NODE_09,27.32405,88.62626,26.65,20.38,0.024,-0.0073,5.87
2023-06-01 09:00:00,NODE_10,27.28763,88.57017,26.29,21.33,0.009,-0.0125,5.87
2023-06-01 10:00:00,NODE_01,27.29535,88.6231,26.77,20.64,-0.0128,-0.0121,5.87
2023-06-01 10:00:00,NODE_02,27.35987,88.66507,27.09,20.48,-0.0062,0.0128,5.87
2023-06-01 10:00:00,NODE_03,27.32649,88.60522,27.26,20.22,-0.0207,-0.0069,5.87
2023-06-01 10:00:00,NODE_04,27.36949,88.5676,27.12,20.65,0.0063,0.0049,5.87
2023-06-01 10:00:00,NODE_05,27.35503,88.67429,26.78,21.12,-0.0054,0.0045,5.87
2023-06-01 10:00:00,NODE_06,27.3375,88.61639,26.61,21.07,0.0022,-0.0212,5.87
2023-06-01 10:00:00,NODE_07,27.35687,88.65051,26.6,21.01,-0.0057,-0.0017,5.87
2023-06-01 10:00:00,NODE_08,27.3729,88.65823,26.85,20.74,-0.0007,0.0067,5.87
2023-06-01 10:00:00,NODE_09,27.32405,88.62626,26.48,20.9,-0.0071,0.0106,5.87
2023-06-01 10:00:00,NODE_10,27.28763,88.57017,26.33,21.23,0.0076,0.0021,5.87
2023-06-01 11:00:00,NODE_01,27.29535,88.6231,27.45,21.68,0.0189,0.0233,5.87
2023-06-01 11:00:00,NODE_02,27.35987,88.66507,26.99,21.21,-0.0212,0.0116,5.87
2023-06-01 11:00:00,NODE_03,27.32649,88.60522,26.75,21.24,-0.0052,0.0141,5.87
2023-06-01 11:00:00,NODE_04,27.36949,88.5676,26.49,21.41,0.0034,0.0003,5.87
2023-06-01 11:00:00,NODE_05,27.35503,88.67429,26.44,20.99,-0.002,0.0085,5.87
2023-06-01 11:00:00,NODE_06,27.3375,88.61639,26.97,21.24,-0.0141,-0.0018,5.87
2023-06-01 11:00:00,NODE_07,27.35687,88.65051,27.03,21.47,-0.0036,-0.0075,5.87
2023-06-01 11:00:00,NODE_08,27.3729,88.65823,26.37,21.02,-0.0006,0.0074,5.87
2023-06-01 11:00:00,NODE_09,27.32405,88.62626,26.62,21.42,-0.0071,0.011,5.87
2023-06-01 11:00:00,NODE_10,27.28763,88.57017,26.58,21.62,0.0071,0.0179,5.87
2023-06-01 12:00:00,NODE_01,27.29535,88.6231,27.58,22.28,-0.0055,0.0082,5.87
2023-06-01 12:00:00,NODE_02,27.35987,88.66507,26.87,22.18,-0.0005,0.0113,5.87
2023-06-01 12:00:00,NODE_03,27.32649,88.60522,27.1,22.61,0.0036,0.0027,5.87
2023-06-01 12:00:00,NODE_04,27.36949,88.5676,26.46,22.56,-0.0041,-0.0122,5.87
2023-06-01 12:00:00,NODE_05,27.35503,88.67429,27.14,22.23,0.0084,0.0059,5.87
2023-06-01 12:00:00,NODE_06,27.3375,88.61639,26.95,22.0,0.0121,0.0145,5.87
2023-06-01 12:00:00,NODE_07,27.35687,88.65051,26.41,22.7,-0.0064,0.0053,5.87
2023-06-01 12:00:00,NODE_08,27.3729,88.65823,27.62,21.59,0.0123,0.003,5.87
2023-06-01 12:00:00,NODE_09,27.32405,88.62626,26.22,22.14,0.0054,-0.0098,5.87
2023-06-01 12:00:00,NODE_10,27.28763,88.57017,26.73,22.16,0.0058,0.0095,5.87
2023-06-01 13:00:00,NODE_01,27.29535,88.6231,26.69,22.57,-0.0198,-0.0033,5.87
2023-06-01 13:00:00,NODE_02,27.35987,88.66507,27.1,22.02,-0.0148,-0.0036,5.87
2023-06-01 13:00:00,NODE_03,27.32649,88.60522,26.91,23.0,-0.029,0.0043,5.87
2023-06-01 13:00:00,NODE_04,27.36949,88.5676,26.97,22.59,0.0004,-0.0142,5.87
2023-06-01 13:00:00,NODE_05,27.35503,88.67429,26.26,22.77,-0.0049,0.0089,5.87
2023-06-01 13:00:00,NODE_06,27.3375,88.61639,26.85,22.82,-0.0069,-0.0142,5.87
2023-06-01 13:00:00,NODE_07,27.35687,88.65051,26.84,22.47,-0.0115,-0.0027,5.87
2023-06-01 13:00:00,NODE_08,27.3729,88.65823,26.18,22.69,-0.0131,-0.003,5.87
2023-06-01 13:00:00,NODE_09,27.32405,88.62626,27.02,22.85,0.0044,0.0067,5.87
2023-06-01 13:00:00,NODE_10,27.28763,88.57017,26.95,22.55,-0.0127,-0.0149,5.87
2023-06-01 14:00:00,NODE_01,27.29535,88.6231,27.55,23.07,0.0124,0.0125,5.87
2023-06-01 14:00:00,NODE_02,27.35987,88.66507,27.17,23.23,0.0162,-0.0005,5.87
2023-06-01 14:00:00,NODE_03,27.32649,88.60522,27.08,23.71,-0.0098,0.0013,5.87
2023-06-01 14:00:00,NODE_04,27.36949,88.5676,26.32,23.13,0.0016,-0.0035,5.87
2023-06-01 14:00:00,NODE_05,27.35503,88.67429,26.42,23.76,-0.0029,0.0158,5.87
2023-06-01 14:00:00,NODE_06,27.3375,88.61639,26.84,23.24,0.0053,-0.016,5.87
2023-06-01 14:00:00,NODE_07,27.35687,88.65051,26.53,23.06,0.0137,-0.0008,5.87
2023-06-01 14:00:00,NODE_08,27.3729,88.65823,26.76,23.34,0.0203,-0.0049,5.87
2023-06-01 14:00:00,NODE_09,27.32405,88.62626,26.47,23.31,0.0007,-0.0036,5.87
2023-06-01 14:00:00,NODE_10,27.28763,88.57017,27.05,23.23,0.0113,-0.0018,5.87
2023-06-01 15:00:00,NODE_01,27.29535,88.6231,26.78,23.8,0.0001,0.0069,5.87
2023-06-01 15:00:00,NODE_02,27.35987,88.66507,27.13,23.49,0.0018,-0.0006,5.87
2023-06-01 15:00:00,NODE_03,27.32649,88.60522,26.23,24.28,0.011,-0.0051,5.87
2023-06-01 15:00:00,NODE_04,27.36949,88.5676,27.06,23.35,0.004,-0.0125,5.87
2023-06-01 15:00:00,NODE_05,27.35503,88.67429,26.98,24.01,0.0057,0.0133,5.87
2023-06-01 15:00:00,NODE_06,27.3375,88.61639,26.78,23.85,-0.0128,0.0022,5.87
2023-06-01 15:00:00,NODE_07,27.35687,88.65051,26.41,23.48,0.0088,-0.0074,5.87
2023-06-01 15:00:00,NODE_08,27.3729,88.65823,26.01,24.3,-0.0003,-0.0092,5.87
2023-06-01 15:00:00,NODE_09,27.32405,88.62626,26.93,23.56,0.0082,0.0005,5.87
2023-06-01 15:00:00,NODE_10,27.28763,88.57017,27.75,23.83,-0.0106,0.0123,5.87
2023-06-01 16:00:00,NODE_01,27.29535,88.6231,28.03,24.08,0.011,0.0197,10.92
2023-06-01 16:00:00,NODE_02,27.35987,88.66507,27.29,24.38,-0.0091,0.0078,10.92
2023-06-01 16:00:00,NODE_03,27.32649,88.60522,27.27,24.6,0.01,-0.0,10.92
2023-06-01 16:00:00,NODE_04,27.36949,88.5676,27.32,23.76,0.0073,0.0052,10.92
2023-06-01 16:00:00,NODE_05,27.35503,88.67429,27.08,24.33,-0.002,0.0232,10.92
2023-06-01 16:00:00,NODE_06,27.3375,88.61639,27.41,24.49,0.0223,0.0139,10.92
2023-06-01 16:00:00,NODE_07,27.35687,88.65051,27.21,24.12,-0.0028,0.0172,10.92
2023-06-01 16:00:00,NODE_08,27.3729,88.65823,27.44,24.21,0.0058,-0.0056,10.92
2023-06-01 16:00:00,NODE_09,27.32405,88.62626,27.54,24.59,0.0025,0.0153,10.92
2023-06-01 16:00:00,NODE_10,27.28763,88.57017,27.03,23.7,-0.0011,-0.0082,10.92
2023-06-01 17:00:00,NODE_01,27.29535,88.6231,27.85,24.54,0.0028,-0.0155,10.92
2023-06-01 17:00:00,NODE_02,27.35987,88.66507,28.44,24.57,-0.007,0.0155,10.92
2023-06-01 17:00:00,NODE_03,27.32649,88.60522,27.86,24.8,0.0037,-0.0044,10.92
2023-06-01 17:00:00,NODE_04,27.36949,88.5676,27.15,24.73,-0.0078,-0.0041,10.92
2023-06-01 17:00:00,NODE_05,27.35503,88.67429,27.51,25.16,0.0112,0.0122,10.92
2023-06-01 17:00:00,NODE_06,27.3375,88.61639,28.18,24.78,-0.0144,0.0033,10.92
2023-06-01 17:00:00,NODE_07,27.35687,88.65051,26.97,25.29,0.0035,-0.0128,10.92
2023-06-01 17:00:00,NODE_08,27.3729,88.65823,27.63,24.36,0.0013,-0.013,10.92
2023-06-01 17:00:00,NODE_09,27.32405,88.62626,28.27,24.96,0.0207,-0.0067,10.92
2023-06-01 17:00:00,NODE_10,27.28763,88.57017,27.76,24.9,-0.0035,-0.0036,10.92
2023-06-01 18:00:00,NODE_01,27.29535,88.6231,28.48,25.15,0.0046,-0.0027,10.92
2023-06-01 18:00:00,NODE_02,27.35987,88.66507,28.52,25.58,-0.0189,0.0037,10.92
2023-06-01 18:00:00,NODE_03,27.32649,88.60522,28.68,25.17,0.0088,0.0096,10.92
2023-06-01 18:00:00,NODE_04,27.36949,88.5676,28.47,25.43,-0.0147,-0.0063,10.92
2023-06-01 18:00:00,NODE_05,27.35503,88.67429,28.79,25.45,-0.0092,-0.0067,10.92
2023-06-01 18:00:00,NODE_06,27.3375,88.61639,28.92,25.75,0.0007,-0.019,10.92
2023-06-01 18:00:00,NODE_07,27.35687,88.65051,27.96,25.82,0.0039,-0.004,10.92
2023-06-01 18:00:00,NODE_08,27.3729,88.65823,28.76,25.27,-0.0173,0.0136,10.92
2023-06-01 18:00:00,NODE_09,27.32405,88.62626,28.53,25.43,-0.0005,0.0093,10.92
2023-06-01 18:00:00,NODE_10,27.28763,88.57017,28.14,25.42,0.0035,-0.0039,10.92
2023-06-01 19:00:00,NODE_01,27.29535,88.6231,28.52,25.81,0.0036,-0.0046,10.92
2023-06-01 19:00:00,NODE_02,27.35987,88.66507,28.63,26.02,-0.011,0.0197,10.92
2023-06-01 19:00:00,NODE_03,27.32649,88.60522,28.13,26.37,0.0022,-0.002,10.92
2023-06-01 19:00:00,NODE_04,27.36949,88.5676,27.7,25.95,0.0008,-0.0076,10.92
2023-06-01 19:00:00,NODE_05,27.35503,88.67429,28.76,25.7,-0.0114,0.0085,10.92
2023-06-01 19:00:00,NODE_06,27.3375,88.61639,28.07,25.94,-0.0212,-0.0168,10.92
2023-06-01 19:00:00,NODE_07,27.35687,88.65051,28.69,25.95,0.0234,0.0011,10.92
2023-06-01 19:00:00,NODE_08,27.3729,88.65823,28.37,25.76,-0.0106,0.0184,10.92
2023-06-01 19:00:00,NODE_09,27.32405,88.62626,28.83,25.9,-0.0085,0.0046,10.92
2023-06-01 19:00:00,NODE_10,27.28763,88.57017,28.81,26.47,-0.0048,0.0057,10.92
2023-06-01 20:00:00,NODE_01,27.29535,88.6231,29.6,26.22,0.007,-0.0197,10.92
2023-06-01 20:00:00,NODE_02,27.35987,88.66507,28.44,27.0,0.0102,0.009,10.92
2023-06-01 20:00:00,NODE_03,27.32649,88.60522,27.33,26.58,0.0056,-0.015,10.92
2023-06-01 20:00:00,NODE_04,27.36949,88.5676,28.6,26.26,-0.0175,0.0026,10.92
2023-06-01 20:00:00,NODE_05,27.35503,88.67429,28.62,26.05,0.003,0.0071,10.92
2023-06-01 20:00:00,NODE_06,27.3375,88.61639,28.26,26.56,-0.0004,0.001,10.92
2023-06-01 20:00:00,NODE_07,27.35687,88.65051,28.47,26.65,0.0087,-0.0025,10.92
2023-06-01 20:00:00,NODE_08,27.3729,88.65823,28.87,26.25,-0.0052,-0.0194,10.92
2023-06-01 20:00:00,NODE_09,27.32405,88.62626,28.88,26.59,-0.0055,-0.0019,10.92
2023-06-01 20:00:00,NODE_10,27.28763,88.57017,28.78,26.47,-0.0016,-0.0154,10.92
2023-06-01 21:00:00,NODE_01,27.29535,88.6231,28.62,27.2,0.0228,0.0106,10.92
2023-06-01 21:00:00,NODE_02,27.35987,88.66507,28.38,27.15,0.0223,-0.0023,10.92
2023-06-01 21:00:00,NODE_03,27.32649,88.60522,27.84,27.84,-0.0032,-0.0168,10.92
2023-06-01 21:00:00,NODE_04,27.36949,88.5676,28.18,26.95,-0.0032,0.0004,10.92
2023-06-01 21:00:00,NODE_05,27.35503,88.67429,28.62,26.79,0.004,0.0192,10.92
2023-06-01 21:00:00,NODE_06,27.3375,88.61639,28.11,27.26,-0.0043,-0.0118,10.92
2023-06-01 21:00:00,NODE_07,27.35687,88.65051,27.85,27.04,0.0083,-0.0076,10.92
2023-06-01 21:00:00,NODE_08,27.3729,88.65823,28.1,27.07,0.0099,0.0029,10.92
2023-06-01 21:00:00,NODE_09,27.32405,88.62626,28.38,26.47,0.0047,0.0037,10.92
2023-06-01 21:00:00,NODE_10,27.28763,88.57017,28.1,26.83,0.0162,0.0063,10.92
2023-06-01 22:00:00,NODE_01,27.29535,88.6231,27.94,27.94,0.0097,-0.0027,10.92
2023-06-01 22:00:00,NODE_02,27.35987,88.66507,27.93,27.48,0.0073,0.0083,10.92
2023-06-01 22:00:00,NODE_03,27.32649,88.60522,28.2,27.53,0.0012,-0.0173,10.92
2023-06-01 22:00:00,NODE_04,27.36949,88.5676,28.97,26.95,-0.0051,0.002,10.92
2023-06-01 22:00:00,NODE_05,27.35503,88.67429,28.13,27.52,-0.0086,-0.0097,10.92
2023-06-01 22:00:00,NODE_06,27.3375,88.61639,28.0,27.77,0.0114,0.0014,10.92
2023-06-01 22:00:00,NODE_07,27.35687,88.65051,28.45,27.23,0.0004,-0.0181,10.92
2023-06-01 22:00:00,NODE_08,27.3729,88.65823,27.59,27.15,-0.0138,0.0027,10.92
2023-06-01 22:00:00,NODE_09,27.32405,88.62626,28.36,27.66,0.0049,0.0025,10.92
2023-06-01 22:00:00,NODE_10,27.28763,88.57017,29.05,27.71,-0.013,-0.0062,10.92
2023-06-01 23:00:00,NODE_01,27.29535,88.6231,28.57,27.8,-0.0158,0.0074,10.92
2023-06-01 23:00:00,NODE_02,27.35987,88.66507,28.46,28.18,-0.0009,0.0171,10.92
2023-06-01 23:00:00,NODE_03,27.32649,88.60522,28.2,28.76,-0.0063,0.0062,10.92
2023-06-01 23:00:00,NODE_04,27.36949,88.5676,28.61,28.19,0.0049,0.0018,10.92
2023-06-01 23:00:00,NODE_05,27.35503,88.67429,28.1,28.14,0.0134,0.0056,10.92
2023-06-01 23:00:00,NODE_06,27.3375,88.61639,27.53,28.43,-0.0043,0.002,10.92
2023-06-01 23:00:00,NODE_07,27.35687,88.65051,27.83,28.8,-0.0043,-0.0069,10.92
2023-06-01 23:00:00,NODE_08,27.3729,88.65823,28.27,28.11,-0.0086,0.0021,10.92
2023-06-01 23:00:00,NODE_09,27.32405,88.62626,27.96,28.64,0.0021,-0.0116,10.92
2023-06-01 23:00:00,NODE_10,27.28763,88.57017,27.9,28.21,-0.0,-0.0001,10.92
2023-06-02 00:00:00,NODE_01,27.29535,88.6231,27.99,28.84,0.0045,0.0236,10.92
2023-06-02 00:00:00,NODE_02,27.35987,88.66507,29.27,28.4,-0.0043,0.02,10.92
2023-06-02 00:00:00,NODE_03,27.32649,88.60522,28.81,28.64,0.0126,-0.0115,10.92
2023-06-02 00:00:00,NODE_04,27.36949,88.5676,27.71,28.64,0.0198,-0.0007,10.92
2023-06-02 00:00:00,NODE_05,27.35503,88.67429,27.87,27.99,0.0192,-0.0068,10.92
2023-06-02 00:00:00,NODE_06,27.3375,88.61639,28.14,28.85,0.0114,-0.0049,10.92
2023-06-02 00:00:00,NODE_07,27.35687,88.65051,28.42,29.08,0.0138,-0.0096,10.92
2023-06-02 00:00:00,NODE_08,27.3729,88.65823,28.03,28.79,0.0016,-0.0059,10.92
2023-06-02 00:00:00,NODE_09,27.32405,88.62626,27.74,28.75,-0.0085,-0.0061,10.92
2023-06-02 00:00:00,NODE_10,27.28763,88.57017,28.54,28.69,-0.0111,-0.0022,10.92
2023-06-02 01:00:00,NODE_01,27.29535,88.6231,28.05,29.29,0.0114,-0.0035,12.27
2023-06-02 01:00:00,NODE_02,27.35987,88.66507,28.09,29.46,-0.0096,0.0119,12.27
2023-06-02 01:00:00,NODE_03,27.32649,88.60522,28.47,29.6,0.0152,0.003,12.27
2023-06-02 01:00:00,NODE_04,27.36949,88.5676,27.43,29.7,-0.0194,-0.0103,12.27
2023-06-02 01:00:00,NODE_05,27.35503,88.67429,28.31,29.08,-0.0063,0.0051,12.27
2023-06-02 01:00:00,NODE_06,27.3375,88.61639,28.43,29.4,-0.0102,0.0181,12.27
2023-06-02 01:00:00,NODE_07,27.35687,88.65051,28.2,29.29,0.0065,0.0168,12.27
2023-06-02 01:00:00,NODE_08,27.3729,88.65823,27.51,29.53,0.0047,0.0102,12.27
2023-06-02 01:00:00,NODE_09,27.32405,88.62626,28.75,29.24,0.0111,-0.0105,12.27
2023-06-02 01:00:00,NODE_10,27.28763,88.57017,28.82,28.89,0.0067,0.006,12.27
2023-06-02 02:00:00,NODE_01,27.29535,88.6231,28.71,29.97,0.012,-0.0042,12.27
2023-06-02 02:00:00,NODE_02,27.35987,88.66507,28.38,30.03,0.0206,0.0003,12.27
2023-06-02 02:00:00,NODE_03,27.32649,88.60522,28.38,30.23,0.0138,0.0014,12.27
2023-06-02 02:00:00,NODE_04,27.36949,88.5676,28.05,29.62,0.0227,-0.0073,12.27
2023-06-02 02:00:00,NODE_05,27.35503,88.67429,28.14,29.67,0.0149,-0.0021,12.27
2023-06-02 02:00:00,NODE_06,27.3375,88.61639,28.29,29.66,-0.0028,0.0059,12.27
2023-06-02 02:00:00,NODE_07,27.35687,88.65051,28.22,29.43,-0.0083,0.0226,12.27
2023-06-02 02:00:00,NODE_08,27.3729,88.65823,27.93,29.69,0.0044,0.0041,12.27
2023-06-02 02:00:00,NODE_09,27.32405,88.62626,28.59,29.55,0.0194,-0.0028,12.27
2023-06-02 02:00:00,NODE_10,27.28763,88.57017,27.81,29.74,-0.0073,-0.0002,12.27
2023-06-02 03:00:00,NODE_01,27.29535,88.6231,28.47,30.37,-0.0043,0.0012,12.27
2023-06-02 03:00:00,NODE_02,27.35987,88.66507,28.28,31.1,-0.0019,-0.0022,12.27
2023-06-02 03:00:00,NODE_03,27.32649,88.60522,28.44,29.92,-0.0041,-0.0006,12.27
2023-06-02 03:00:00,NODE_04,27.36949,88.5676,27.97,29.83,-0.0023,-0.0039,12.27
2023-06-02 03:00:00,NODE_05,27.35503,88.67429,28.28,30.32,-0.0238,0.0048,12.27
2023-06-02 03:00:00,NODE_06,27.3375,88.61639,28.45,29.93,-0.0026,0.0121,12.27
2023-06-02 03:00:00,NODE_07,27.35687,88.65051,28.42,30.12,0.0045,-0.0005,12.27
2023-06-02 03:00:00,NODE_08,27.3729,88.65823,28.16,30.4,-0.0098,0.0103,12.27
2023-06-02 03:00:00,NODE_09,27.32405,88.62626,28.73,30.38,0.0003,0.0135,12.27
2023-06-02 03:00:00,NODE_10,27.28763,88.57017,28.69,30.13,0.0004,0.0144,12.27
2023-06-02 04:00:00,NODE_01,27.29535,88.6231,28.52,30.43,0.0116,0.0099,6.4
2023-06-02 04:00:00,NODE_02,27.35987,88.66507,28.21,30.67,0.0212,0.0058,6.4
2023-06-02 04:00:00,NODE_03,27.32649,88.60522,28.85,30.59,-0.0095,0.0044,6.4
2023-06-02 04:00:00,NODE_04,27.36949,88.5676,29.14,30.59,0.0035,0.0207,6.4
2023-06-02 04:00:00,NODE_05,27.35503,88.67429,28.65,31.13,0.0108,-0.0141,6.4
2023-06-02 04:00:00,NODE_06,27.3375,88.61639,28.57,30.32,0.005,0.0092,6.4
2023-06-02 04:00:00,NODE_07,27.35687,88.65051,29.43,30.48,0.0084,-0.014,6.4
2023-06-02 04:00:00,NODE_08,27.3729,88.65823,29.03,30.44,-0.016,-0.0074,6.4
2023-06-02 04:00:00,NODE_09,27.32405,88.62626,28.17,30.67,0.0181,0.0058,6.4
2023-06-02 04:00:00,NODE_10,27.28763,88.57017,27.32,30.72,-0.0132,0.0099,6.4
2023-06-02 05:00:00,NODE_01,27.29535,88.6231,28.36,30.97,0.0093,-0.0057,6.4
2023-06-02 05:00:00,NODE_02,27.35987,88.66507,28.97,31.27,0.0139,0.0167,6.4
2023-06-02 05:00:00,NODE_03,27.32649,88.60522,28.12,30.92,0.0128,0.0016,6.4
2023-06-02 05:00:00,NODE_04,27.36949,88.5676,28.35,30.98,-0.0141,-0.0135,6.4
2023-06-02 05:00:00,NODE_05,27.35503,88.67429,28.83,31.19,-0.0086,0.0079,6.4
2023-06-02 05:00:00,NODE_06,27.3375,88.61639,28.92,30.74,0.0037,-0.0015,6.4
2023-06-02 05:00:00,NODE_07,27.35687,88.65051,28.05,31.21,-0.021,0.0074,6.4
2023-06-02 05:00:00,NODE_08,27.3729,88.65823,28.64,30.96,0.0054,-0.0138,6.4
2023-06-02 05:00:00,NODE_09,27.32405,88.62626,29.0,31.62,0.0087,-0.0143,6.4
2023-06-02 05:00:00,NODE_10,27.28763,88.57017,28.68,31.49,0.0129,-0.008,6.4
2023-06-02 06:00:00,NODE_01,27.29535,88.6231,28.44,31.84,0.0257,-0.0063,6.4
2023-06-02 06:00:00,NODE_02,27.35987,88.66507,28.04,31.65,-0.0174,0.0043,6.4
2023-06-02 06:00:00,NODE_03,27.32649,88.60522,28.25,31.34,0.0054,-0.0271,6.4
2023-06-02 06:00:00,NODE_04,27.36949,88.5676,28.68,31.68,0.01,-0.0042,6.4
2023-06-02 06:00:00,NODE_05,27.35503,88.67429,28.46,31.34,0.0098,0.0021,6.4
2023-06-02 06:00:00,NODE_06,27.3375,88.61639,28.14,32.25,0.0072,-0.0019,6.4
2023-06-02 06:00:00,NODE_07,27.35687,88.65051,28.4,31.76,-0.0092,-0.0098,6.4
2023-06-02 06:00:00,NODE_08,27.3729,88.65823,28.17,31.93,0.0143,0.0043,6.4
2023-06-02 06:00:00,NODE_09,27.32405,88.62626,28.21,31.46,0.0222,-0.0027,6.4
2023-06-02 06:00:00,NODE_10,27.28763,88.57017,27.86,31.53,0.0007,0.0137,6.4
2023-06-02 07:00:00,NODE_01,27.29535,88.6231,28.42,32.61,-0.0075,0.0106,6.4
2023-06-02 07:00:00,NODE_02,27.35987,88.66507,28.07,32.35,-0.0067,0.0045,6.4
2023-06-02 07:00:00,NODE_03,27.32649,88.60522,27.82,32.38,0.0033,-0.0032,6.4
2023-06-02 07:00:00,NODE_04,27.36949,88.5676,28.14,32.03,0.0004,0.001,6.4
2023-06-02 07:00:00,NODE_05,27.35503,88.67429,28.97,31.55,-0.0096,0.0015,6.4
2023-06-02 07:00:00,NODE_06,27.3375,88.61639,27.79,31.52,0.0027,-0.003,6.4
2023-06-02 07:00:00,NODE_07,27.35687,88.65051,28.57,32.04,0.0036,-0.0055,6.4
2023-06-02 07:00:00,NODE_08,27.3729,88.65823,28.44,31.59,-0.0035,-0.0096,6.4
2023-06-02 07:00:00,NODE_09,27.32405,88.62626,27.93,32.05,0.0047,0.0023,6.4
2023-06-02 07:00:00,NODE_10,27.28763,88.57017,28.48,32.12,0.0014,0.0032,6.4
2023-06-02 08:00:00,NODE_01,27.29535,88.6231,27.43,32.09,-0.0051,0.0038,6.4
2023-06-02 08:00:00,NODE_02,27.35987,88.66507,27.57,32.85,-0.0067,0.0005,6.4
2023-06-02 08:00:00,NODE_03,27.32649,88.60522,28.77,32.58,-0.0063,0.0043,6.4
2023-06-02 08:00:00,NODE_04,27.36949,88.5676,28.13,32.11,-0.0006,-0.003,6.4
2023-06-02 08:00:00,NODE_05,27.35503,88.67429,27.92,32.77,-0.0007,0.0195,6.4
2023-06-02 08:00:00,NODE_06,27.3375,88.61639,28.17,33.0,0.0066,0.0068,6.4
2023-06-02 08:00:00,NODE_07,27.35687,88.65051,27.82,32.17,-0.0192,-0.0063,6.4
2023-06-02 08:00:00,NODE_08,27.3729,88.65823,27.39,32.34,-0.0114,0.0105,6.4
2023-06-02 08:00:00,NODE_09,27.32405,88.62626,27.98,32.46,0.0014,0.0074,6.4
2023-06-02 08:00:00,NODE_10,27.28763,88.57017,28.51,32.8,0.0083,0.0017,6.4
2023-06-02 09:00:00,NODE_01,27.29535,88.6231,28.42,33.3,-0.0031,-0.0204,6.4
2023-06-02 09:00:00,NODE_02,27.35987,88.66507,27.85,33.15,-0.0008,-0.0033,6.4
2023-06-02 09:00:00,NODE_03,27.32649,88.60522,28.31,33.1,0.0043,0.0164,6.4
2023-06-02 09:00:00,NODE_04,27.36949,88.5676,28.14,32.45,-0.0194,0.0107,6.4
2023-06-02 09:00:00,NODE_05,27.35503,88.67429,27.42,32.76,-0.0081,-0.0038,6.4
2023-06-02 09:00:00,NODE_06,27.3375,88.61639,28.91,32.85,-0.009,-0.0065,6.4
2023-06-02 09:00:00,NODE_07,27.35687,88.65051,27.52,33.7,-0.0177,-0.005,6.4
2023-06-02 09:00:00,NODE_08,27.3729,88.65823,27.93,33.24,-0.0043,-0.0213,6.4
2023-06-02 09:00:00,NODE_09,27.32405,88.62626,28.79,33.64,0.0084,-0.0065,6.4
2023-06-02 09:00:00,NODE_10,27.28763,88.57017,28.61,33.0,-0.0125,0.0085,6.4
2023-06-02 10:00:00,NODE_01,27.29535,88.6231,27.72,33.97,-0.0049,-0.0123,6.4
2023-06-02 10:00:00,NODE_02,27.35987,88.66507,27.43,33.91,-0.0006,-0.0016,6.4
2023-06-02 10:00:00,NODE_03,27.32649,88.60522,27.83,33.68,-0.0109,0.0169,6.4
2023-06-02 10:00:00,NODE_04,27.36949,88.5676,28.55,33.46,0.0007,-0.0031,6.4
2023-06-02 10:00:00,NODE_05,27.35503,88.67429,28.4,33.72,-0.0021,0.0034,6.4
2023-06-02 10:00:00,NODE_06,27.3375,88.61639,27.65,33.89,0.0039,0.0173,6.4
2023-06-02 10:00:00,NODE_07,27.35687,88.65051,27.87,33.55,-0.0027,-0.0035,6.4
2023-06-02 10:00:00,NODE_08,27.3729,88.65823,28.27,33.27,0.0039,-0.0047,6.4
2023-06-02 10:00:00,NODE_09,27.32405,88.62626,27.67,33.47,-0.0043,-0.0124,6.4
2023-06-02 10:00:00,NODE_10,27.28763,88.57017,28.47,34.31,-0.0062,-0.0104,6.4
2023-06-02 11:00:00,NODE_01,27.29535,88.6231,27.49,33.98,-0.0089,0.015,6.4
2023-06-02 11:00:00,NODE_02,27.35987,88.66507,28.32,33.8,0.03,0.0014,6.4
2023-06-02 11:00:00,NODE_03,27.32649,88.60522,28.02,33.38,0.0063,-0.0136,6.4
2023-06-02 11:00:00,NODE_04,27.36949,88.5676,28.19,34.23,0.0085,-0.0023,6.4
2023-06-02 11:00:00,NODE_05,27.35503,88.67429,27.76,34.3,0.0183,0.001,6.4
2023-06-02 11:00:00,NODE_06,27.3375,88.61639,28.32,33.29,0.0161,-0.0075,6.4
2023-06-02 11:00:00,NODE_07,27.35687,88.65051,28.37,34.03,0.0049,-0.0131,6.4
2023-06-02 11:00:00,NODE_08,27.3729,88.65823,28.13,33.67,-0.0023,-0.0062,6.4
2023-06-02 11:00:00,NODE_09,27.32405,88.62626,27.76,33.77,0.0041,-0.0006,6.4
2023-06-02 11:00:00,NODE_10,27.28763,88.57017,28.09,34.03,0.0017,-0.0138,6.4
2023-06-02 12:00:00,NODE_01,27.29535,88.6231,27.99,34.58,-0.0276,0.004,6.4
2023-06-02 12:00:00,NODE_02,27.35987,88.66507,29.14,34.68,-0.0108,0.0172,6.4
2023-06-02 12:00:00,NODE_03,27.32649,88.60522,28.22,34.73,0.0138,-0.0035,6.4
2023-06-02 12:00:00,NODE_04,27.36949,88.5676,27.6,34.25,-0.0024,0.0081,6.4
2023-06-02 12:00:00,NODE_05,27.35503,88.67429,27.91,33.82,-0.0011,0.002,6.4
2023-06-02 12:00:00,NODE_06,27.3375,88.61639,28.48,34.29,-0.0168,0.0021,6.4
2023-06-02 12:00:00,NODE_07,27.35687,88.65051,27.88,34.17,0.0054,-0.007,6.4
2023-06-02 12:00:00,NODE_08,27.3729,88.65823,27.8,34.08,0.0141,-0.0033,6.4
2023-06-02 12:00:00,NODE_09,27.32405,88.62626,29.18,33.73,0.0133,0.0057,6.4
2023-06-02 12:00:00,NODE_10,27.28763,88.57017,27.87,34.0,-0.0176,0.0002,6.4
2023-06-02 13:00:00,NODE_01,27.29535,88.6231,28.01,34.59,-0.0043,-0.0076,6.4
2023-06-02 13:00:00,NODE_02,27.35987,88.66507,27.83,34.94,0.0023,-0.0024,6.4
2023-06-02 13:00:00,NODE_03,27.32649,88.60522,27.87,34.64,0.0163,-0.0157,6.4
2023-06-02 13:00:00,NODE_04,27.36949,88.5676,28.62,34.88,0.0117,0.0181,6.4
2023-06-02 13:00:00,NODE_05,27.35503,88.67429,27.26,34.83,0.0211,0.0222,6.4
2023-06-02 13:00:00,NODE_06,27.3375,88.61639,27.03,35.2,0.0049,-0.0023,6.4
2023-06-02 13:00:00,NODE_07,27.35687,88.65051,27.88,34.21,0.0158,0.0102,6.4
2023-06-02 13:00:00,NODE_08,27.3729,88.65823,27.96,34.58,0.0092,0.0026,6.4
2023-06-02 13:00:00,NODE_09,27.32405,88.62626,28.35,34.49,0.0082,0.0023,6.4
2023-06-02 13:00:00,NODE_10,27.28763,88.57017,27.94,34.53,-0.0165,-0.0061,6.4
2023-06-02 14:00:00,NODE_01,27.29535,88.6231,27.65,35.14,0.0037,-0.0017,6.4
2023-06-02 14:00:00,NODE_02,27.35987,88.66507,27.26,35.16,0.0062,0.0005,6.4
2023-06-02 14:00:00,NODE_03,27.32649,88.60522,27.71,35.29,0.0071,0.0152,6.4
2023-06-02 14:00:00,NODE_04,27.36949,88.5676,27.81,35.33,0.0113,0.0141,6.4
2023-06-02 14:00:00,NODE_05,27.35503,88.67429,27.57,35.42,-0.0039,0.0006,6.4
2023-06-02 14:00:00,NODE_06,27.3375,88.61639,28.09,35.36,0.0068,-0.0045,6.4
2023-06-02 14:00:00,NODE_07,27.35687,88.65051,28.29,35.04,0.0008,-0.0003,6.4
2023-06-02 14:00:00,NODE_08,27.3729,88.65823,28.06,35.26,0.0018,0.004,6.4
2023-06-02 14:00:00,NODE_09,27.32405,88.62626,27.63,35.32,-0.0003,-0.0088,6.4
2023-06-02 14:00:00,NODE_10,27.28763,88.57017,27.48,34.89,-0.0082,0.0207,6.4
2023-06-02 15:00:00,NODE_01,27.29535,88.6231,28.22,35.06,-0.0049,0.0001,6.4
2023-06-02 15:00:00,NODE_02,27.35987,88.66507,28.24,35.45,-0.0,-0.0087,6.4
2023-06-02 15:00:00,NODE_03,27.32649,88.60522,27.62,35.69,-0.0138,0.0101,6.4
2023-06-02 15:00:00,NODE_04,27.36949,88.5676,27.7,35.49,-0.0064,-0.0014,6.4
2023-06-02 15:00:00,NODE_05,27.35503,88.67429,27.28,35.7,0.0149,-0.0057,6.4
2023-06-02 15:00:00,NODE_06,27.3375,88.61639,28.13,35.42,0.0146,0.0217,6.4
2023-06-02 15:00:00,NODE_07,27.35687,88.65051,27.56,35.35,-0.0037,0.0013,6.4
2023-06-02 15:00:00,NODE_08,27.3729,88.65823,27.88,35.6,-0.0195,0.0064,6.4
2023-06-02 15:00:00,NODE_09,27.32405,88.62626,27.45,35.7,0.002,0.0175,6.4
2023-06-02 15:00:00,NODE_10,27.28763,88.57017,27.8,35.3,-0.0114,-0.0076,6.4
2023-06-02 16:00:00,NODE_01,27.29535,88.6231,27.3,35.2,0.0194,0.0074,1.35
2023-06-02 16:00:00,NODE_02,27.35987,88.66507,27.55,36.64,0.0011,0.0072,1.35
2023-06-02 16:00:00,NODE_03,27.32649,88.60522,27.98,36.28,0.002,0.0035,1.35
2023-06-02 16:00:00,NODE_04,27.36949,88.5676,26.71,35.53,0.016,-0.0005,1.35
2023-06-02 16:00:00,NODE_05,27.35503,88.67429,27.67,35.11,-0.0163,0.0187,1.35
2023-06-02 16:00:00,NODE_06,27.3375,88.61639,27.73,35.31,0.0073,-0.0044,1.35
2023-06-02 16:00:00,NODE_07,27.35687,88.65051,27.81,36.03,-0.0131,-0.0223,1.35
2023-06-02 16:00:00,NODE_08,27.3729,88.65823,28.19,35.7,-0.0069,0.0075,1.35
2023-06-02 16:00:00,NODE_09,27.32405,88.62626,27.17,35.71,0.0076,-0.001,1.35
2023-06-02 16:00:00,NODE_10,27.28763,88.57017,27.72,36.06,-0.0034,0.0004,1.35
2023-06-02 17:00:00,NODE_01,27.29535,88.6231,27.64,36.53,0.0001,-0.0136,1.35
2023-06-02 17:00:00,NODE_02,27.35987,88.66507,28.32,36.04,-0.0104,0.0137,1.35
2023-06-02 17:00:00,NODE_03,27.32649,88.60522,27.66,36.19,0.0214,0.0017,1.35
2023-06-02 17:00:00,NODE_04,27.36949,88.5676,28.05,36.18,0.0005,0.0005,1.35
2023-06-02 17:00:00,NODE_05,27.35503,88.67429,27.64,35.83,-0.0029,-0.0031,1.35
2023-06-02 17:00:00,NODE_06,27.3375,88.61639,27.54,35.85,0.001,-0.003,1.35
2023-06-02 17:00:00,NODE_07,27.35687,88.65051,27.19,36.44,-0.0038,0.0095,1.35
2023-06-02 17:00:00,NODE_08,27.3729,88.65823,27.93,36.39,-0.0055,-0.0017,1.35
2023-06-02 17:00:00,NODE_09,27.32405,88.62626,27.84,36.08,0.0072,0.0019,1.35
2023-06-02 17:00:00,NODE_10,27.28763,88.57017,27.48,35.92,0.0052,0.0019,1.35
2023-06-02 18:00:00,NODE_01,27.29535,88.6231,27.52,36.29,0.0129,-0.0084,1.35
2023-06-02 18:00:00,NODE_02,27.35987,88.66507,27.64,36.71,0.0011,0.0162,1.35
2023-06-02 18:00:00,NODE_03,27.32649,88.60522,27.57,35.92,-0.0087,0.0138,1.35
2023-06-02 18:00:00,NODE_04,27.36949,88.5676,27.8,36.83,0.0005,0.0015,1.35
2023-06-02 18:00:00,NODE_05,27.35503,88.67429,27.79,36.03,-0.0054,-0.0161,1.35
2023-06-02 18:00:00,NODE_06,27.3375,88.61639,27.52,37.0,0.0043,-0.0066,1.35
2023-06-02 18:00:00,NODE_07,27.35687,88.65051,27.88,36.74,0.0071,-0.0069,1.35
2023-06-02 18:00:00,NODE_08,27.3729,88.65823,27.96,36.52,-0.0075,0.0211,1.35
2023-06-02 18:00:00,NODE_09,27.32405,88.62626,28.05,37.16,0.0075,-0.0066,1.35
2023-06-02 18:00:00,NODE_10,27.28763,88.57017,27.06,36.48,0.0075,0.0123,1.35
2023-06-02 19:00:00,NODE_01,27.29535,88.6231,27.7,36.78,0.0026,0.0027,1.35
2023-06-02 19:00:00,NODE_02,27.35987,88.66507,27.46,36.73,0.0051,0.002,1.35
2023-06-02 19:00:00,NODE_03,27.32649,88.60522,27.18,36.9,-0.0006,0.0121,1.35
2023-06-02 19:00:00,NODE_04,27.36949,88.5676,27.75,36.95,0.001,-0.0085,1.35
2023-06-02 19:00:00,NODE_05,27.35503,88.67429,28.21,36.9,0.0154,-0.0074,1.35
2023-06-02 19:00:00,NODE_06,27.3375,88.61639,27.58,36.81,-0.0074,0.0004,1.35
2023-06-02 19:00:00,NODE_07,27.35687,88.65051,27.81,37.14,0.0075,0.0112,1.35
2023-06-02 19:00:00,NODE_08,27.3729,88.65823,28.4,37.03,0.0019,0.0139,1.35
2023-06-02 19:00:00,NODE_09,27.32405,88.62626,28.32,37.74,0.0034,0.0111,1.35
2023-06-02 19:00:00,NODE_10,27.28763,88.57017,27.2,37.24,0.0181,-0.0099,1.35
2023-06-02 20:00:00,NODE_01,27.29535,88.6231,27.79,36.82,0.0083,-0.001,1.35
2023-06-02 20:00:00,NODE_02,27.35987,88.66507,27.6,37.82,0.0033,0.0057,1.35
2023-06-02 20:00:00,NODE_03,27.32649,88.60522,27.71,37.27,0.0141,0.0116,1.35
2023-06-02 20:00:00,NODE_04,27.36949,88.5676,27.51,37.34,0.0007,0.0094,1.35
2023-06-02 20:00:00,NODE_05,27.35503,88.67429,27.95,37.2,0.0019,-0.0125,1.35
2023-06-02 20:00:00,NODE_06,27.3375,88.61639,27.55,37.21,-0.0039,-0.001,1.35
2023-06-02 20:00:00,NODE_07,27.35687,88.65051,27.99,37.71,0.0026,0.0015,1.35
2023-06-02 20:00:00,NODE_08,27.3729,88.65823,28.01,36.81,0.0021,-0.0031,1.35
2023-06-02 20:00:00,NODE_09,27.32405,88.62626,26.92,37.6,-0.0082,0.0057,1.35
2023-06-02 20:00:00,NODE_10,27.28763,88.57017,26.41,37.04,-0.0002,-0.0161,1.35
2023-06-02 21:00:00,NODE_01,27.29535,88.6231,27.23,37.12,0.0028,0.0057,1.35
2023-06-02 21:00:00,NODE_02,27.35987,88.66507,27.94,37.87,0.0057,-0.0015,1.35
2023-06-02 21:00:00,NODE_03,27.32649,88.60522,27.56,37.21,0.0062,0.0046,1.35
2023-06-02 21:00:00,NODE_04,27.36949,88.5676,27.4,37.29,-0.0263,0.0021,1.35
2023-06-02 21:00:00,NODE_05,27.35503,88.67429,26.99,36.59,-0.0209,-0.018,1.35
2023-06-02 21:00:00,NODE_06,27.3375,88.61639,27.44,37.63,-0.0134,-0.0112,1.35
2023-06-02 21:00:00,NODE_07,27.35687,88.65051,27.18,37.6,0.0055,-0.0056,1.35
2023-06-02 21:00:00,NODE_08,27.3729,88.65823,28.33,37.99,-0.0167,-0.0014,1.35
2023-06-02 21:00:00,NODE_09,27.32405,88.62626,27.1,38.03,-0.0067,0.0031,1.35
2023-06-02 21:00:00,NODE_10,27.28763,88.57017,27.51,37.68,0.0015,0.0139,1.35
2023-06-02 22:00:00,NODE_01,27.29535,88.6231,27.88,37.8,0.0137,-0.0123,1.35
2023-06-02 22:00:00,NODE_02,27.35987,88.66507,27.5,37.71,0.0141,0.0053,1.35
2023-06-02 22:00:00,NODE_03,27.32649,88.60522,27.47,37.86,0.0248,-0.0035,1.35
2023-06-02 22:00:00,NODE_04,27.36949,88.5676,27.45,37.68,-0.0019,-0.0004,1.35
2023-06-02 22:00:00,NODE_05,27.35503,88.67429,27.84,37.62,-0.0131,-0.0036,1.35
2023-06-02 22:00:00,NODE_06,27.3375,88.61639,27.46,37.45,0.0149,-0.0042,1.35
2023-06-02 22:00:00,NODE_07,27.35687,88.65051,27.52,38.12,0.0128,-0.0168,1.35
2023-06-02 22:00:00,NODE_08,27.3729,88.65823,27.33,37.86,0.008,-0.0033,1.35
2023-06-02 22:00:00,NODE_09,27.32405,88.62626,27.55,38.4,0.0046,-0.0115,1.35
2023-06-02 22:00:00,NODE_10,27.28763,88.57017,27.74,37.26,-0.0002,0.0008,1.35
2023-06-02 23:00:00,NODE_01,27.29535,88.6231,27.58,37.93,0.0006,0.0036,1.35
2023-06-02 23:00:00,NODE_02,27.35987,88.66507,27.36,38.37,0.0094,0.0031,1.35
2023-06-02 23:00:00,NODE_03,27.32649,88.60522,27.64,38.01,-0.0073,0.0077,1.35
2023-06-02 23:00:00,NODE_04,27.36949,88.5676,27.74,38.0,-0.0136,-0.0127,1.35
2023-06-02 23:00:00,NODE_05,27.35503,88.67429,27.6,38.26,-0.0101,-0.0007,1.35
2023-06-02 23:00:00,NODE_06,27.3375,88.61639,28.03,38.27,0.0045,0.0061,1.35
2023-06-02 23:00:00,NODE_07,27.35687,88.65051,27.04,38.24,0.0008,0.0217,1.35
2023-06-02 23:00:00,NODE_08,27.3729,88.65823,26.92,37.29,0.0002,0.0036,1.35
2023-06-02 23:00:00,NODE_09,27.32405,88.62626,28.67,38.84,0.0083,0.0109,1.35
2023-06-02 23:00:00,NODE_10,27.28763,88.57017,26.48,37.93,0.0032,0.0081,1.35
2023-06-03 00:00:00,NODE_01,27.29535,88.6231,27.32,38.56,0.005,0.0109,6.18
2023-06-03 00:00:00,NODE_02,27.35987,88.66507,28.0,38.59,0.0007,0.0006,6.18
2023-06-03 00:00:00,NODE_03,27.32649,88.60522,28.38,38.01,-0.0099,0.0082,6.18
2023-06-03 00:00:00,NODE_04,27.36949,88.5676,28.34,38.32,0.0163,0.0006,6.18
2023-06-03 00:00:00,NODE_05,27.35503,88.67429,28.04,38.37,0.0093,0.0118,6.18
2023-06-03 00:00:00,NODE_06,27.3375,88.61639,27.59,38.31,-0.0092,0.0103,6.18
2023-06-03 00:00:00,NODE_07,27.35687,88.65051,27.98,37.81,0.0137,0.008,6.18
2023-06-03 00:00:00,NODE_08,27.3729,88.65823,28.02,38.92,0.0036,-0.0097,6.18
2023-06-03 00:00:00,NODE_09,27.32405,88.62626,28.43,38.39,0.007,0.0076,6.18
2023-06-03 00:00:00,NODE_10,27.28763,88.57017,28.18,38.05,0.004,0.0086,6.18
2023-06-03 01:00:00,NODE_01,27.29535,88.6231,27.81,38.87,0.0037,0.0049,4.83
2023-06-03 01:00:00,NODE_02,27.35987,88.66507,28.09,38.65,-0.0117,0.0014,4.83
2023-06-03 01:00:00,NODE_03,27.32649,88.60522,28.88,38.92,0.0122,-0.0019,4.83
2023-06-03 01:00:00,NODE_04,27.36949,88.5676,28.51,38.99,0.0159,-0.0189,4.83
2023-06-03 01:00:00,NODE_05,27.35503,88.67429,28.59,38.68,0.0081,0.0063,4.83
2023-06-03 01:00:00,NODE_06,27.3375,88.61639,27.9,38.82,0.0027,0.0002,4.83
2023-06-03 01:00:00,NODE_07,27.35687,88.65051,29.19,38.64,-0.0073,0.0086,4.83
2023-06-03 01:00:00,NODE_08,27.3729,88.65823,28.51,38.72,0.0074,-0.0079,4.83
2023-06-03 01:00:00,NODE_09,27.32405,88.62626,28.75,38.52,-0.0068,0.0101,4.83
2023-06-03 01:00:00,NODE_10,27.28763,88.57017,28.55,38.68,0.0092,0.0103,4.83
2023-06-03 02:00:00,NODE_01,27.29535,88.6231,29.1,39.12,-0.0029,0.0014,4.83
2023-06-03 02:00:00,NODE_02,27.35987,88.66507,29.27,39.34,-0.006,0.0045,4.83
2023-06-03 02:00:00,NODE_03,27.32649,88.60522,29.33,38.87,-0.012,-0.0035,4.83
2023-06-03 02:00:00,NODE_04,27.36949,88.5676,29.49,38.25,0.0085,-0.0058,4.83
2023-06-03 02:00:00,NODE_05,27.35503,88.67429,29.19,38.83,-0.003,0.0058,4.83
2023-06-03 02:00:00,NODE_06,27.3375,88.61639,29.59,38.86,0.0116,0.0006,4.83
2023-06-03 02:00:00,NODE_07,27.35687,88.65051,28.98,38.73,-0.0007,0.0182,4.83
2023-06-03 02:00:00,NODE_08,27.3729,88.65823,29.69,38.92,-0.0077,-0.0217,4.83
2023-06-03 02:00:00,NODE_09,27.32405,88.62626,28.62,39.65,-0.0015,0.0004,4.83
2023-06-03 02:00:00,NODE_10,27.28763,88.57017,28.64,38.58,0.0092,-0.0038,4.83
2023-06-03 03:00:00,NODE_01,27.29535,88.6231,28.96,39.4,0.004,-0.001,4.83
2023-06-03 03:00:00,NODE_02,27.35987,88.66507,28.33,39.53,-0.0022,-0.0029,4.83
2023-06-03 03:00:00,NODE_03,27.32649,88.60522,28.95,39.24,-0.002,0.0113,4.83
2023-06-03 03:00:00,NODE_04,27.36949,88.5676,29.01,39.29,-0.0024,-0.0056,4.83
2023-06-03 03:00:00,NODE_05,27.35503,88.67429,28.77,38.95,-0.0055,-0.0089,4.83
2023-06-03 03:00:00,NODE_06,27.3375,88.61639,28.97,38.88,0.0099,-0.0036,4.83
2023-06-03 03:00:00,NODE_07,27.35687,88.65051,28.5,39.37,-0.0048,0.0022,4.83
2023-06-03 03:00:00,NODE_08,27.3729,88.65823,28.59,39.16,0.0126,-0.004,4.83
2023-06-03 03:00:00,NODE_09,27.32405,88.62626,28.2,39.13,-0.0117,-0.0007,4.83
2023-06-03 03:00:00,NODE_10,27.28763,88.57017,28.87,39.82,0.0052,-0.0065,4.83
2023-06-03 04:00:00,NODE_01,27.29535,88.6231,28.94,40.12,0.0223,-0.0083,4.83
2023-06-03 04:00:00,NODE_02,27.35987,88.66507,28.81,39.79,0.0025,-0.0024,4.83
2023-06-03 04:00:00,NODE_03,27.32649,88.60522,28.76,39.56,-0.0007,0.0166,4.83
2023-06-03 04:00:00,NODE_04,27.36949,88.5676,28.78,39.59,-0.0101,0.0029,4.83
2023-06-03 04:00:00,NODE_05,27.35503,88.67429,28.91,39.58,0.0072,0.0088,4.83
2023-06-03 04:00:00,NODE_06,27.3375,88.61639,28.83,39.54,-0.0093,-0.005,4.83
2023-06-03 04:00:00,NODE_07,27.35687,88.65051,28.71,39.38,0.0079,0.0135,4.83
2023-06-03 04:00:00,NODE_08,27.3729,88.65823,28.95,39.8,-0.0014,0.0106,4.83
2023-06-03 04:00:00,NODE_09,27.32405,88.62626,29.0,39.44,-0.0139,-0.0018,4.83
2023-06-03 04:00:00,NODE_10,27.28763,88.57017,29.41,39.02,0.0151,-0.02,4.83
2023-06-03 05:00:00,NODE_01,27.29535,88.6231,28.91,39.64,-0.0027,-0.0007,4.83
2023-06-03 05:00:00,NODE_02,27.35987,88.66507,29.23,40.03,-0.0048,0.0171,4.83
2023-06-03 05:00:00,NODE_03,27.32649,88.60522,28.51,40.4,0.0104,-0.0075,4.83
2023-06-03 05:00:00,NODE_04,27.36949,88.5676,29.0,39.54,-0.0066,0.0188,4.83
2023-06-03 05:00:00,NODE_05,27.35503,88.67429,29.4,39.94,-0.0113,0.0139,4.83
2023-06-03 05:00:00,NODE_06,27.3375,88.61639,28.88,40.19,-0.0313,-0.0092,4.83
2023-06-03 05:00:00,NODE_07,27.35687,88.65051,28.28,40.12,-0.0101,-0.0048,4.83
2023-06-03 05:00:00,NODE_08,27.3729,88.65823,29.09,39.73,0.0151,-0.0015,4.83
2023-06-03 05:00:00,NODE_09,27.32405,88.62626,28.89,39.77,0.0008,0.0228,4.83
2023-06-03 05:00:00,NODE_10,27.28763,88.57017,28.54,40.19,0.0003,-0.0099,4.83
2023-06-03 06:00:00,NODE_01,27.29535,88.6231,28.96,40.27,0.0042,0.0126,4.83
2023-06-03 06:00:00,NODE_02,27.35987,88.66507,28.99,40.5,-0.0094,0.0271,4.83
2023-06-03 06:00:00,NODE_03,27.32649,88.60522,28.63,40.35,0.0061,-0.0026,4.83
2023-06-03 06:00:00,NODE_04,27.36949,88.5676,28.32,40.49,0.0194,0.0057,4.83
2023-06-03 06:00:00,NODE_05,27.35503,88.67429,28.58,40.45,0.0046,0.0039,4.83
2023-06-03 06:00:00,NODE_06,27.3375,88.61639,28.95,40.45,0.004,-0.0156,4.83
2023-06-03 06:00:00,NODE_07,27.35687,88.65051,28.35,40.56,-0.0032,0.0074,4.83
2023-06-03 06:00:00,NODE_08,27.3729,88.65823,28.91,40.16,-0.0089,-0.001,4.83
2023-06-03 06:00:00,NODE_09,27.32405,88.62626,28.76,40.36,0.0136,-0.0054,4.83
2023-06-03 06:00:00,NODE_10,27.28763,88.57017,28.9,40.44,-0.0061,0.0006,4.83
2023-06-03 07:00:00,NODE_01,27.29535,88.6231,29.67,40.97,0.0126,-0.0012,9.0
2023-06-03 07:00:00,NODE_02,27.35987,88.66507,29.53,40.77,-0.0119,-0.012,9.0
2023-06-03 07:00:00,NODE_03,27.32649,88.60522,29.3,40.71,0.0046,0.0035,9.0
2023-06-03 07:00:00,NODE_04,27.36949,88.5676,29.39,40.4,-0.0069,0.0145,9.0
2023-06-03 07:00:00,NODE_05,27.35503,88.67429,28.88,40.8,0.0037,0.0042,9.0
2023-06-03 07:00:00,NODE_06,27.3375,88.61639,29.09,40.67,-0.0089,-0.007,9.0
2023-06-03 07:00:00,NODE_07,27.35687,88.65051,29.56,40.94,-0.0186,-0.0063,9.0
2023-06-03 07:00:00,NODE_08,27.3729,88.65823,29.23,40.51,0.0144,0.0028,9.0
2023-06-03 07:00:00,NODE_09,27.32405,88.62626,29.14,40.12,0.001,-0.0119,9.0
2023-06-03 07:00:00,NODE_10,27.28763,88.57017,29.43,40.61,-0.0045,-0.007,9.0
2023-06-03 08:00:00,NODE_01,27.29535,88.6231,29.27,41.34,0.0114,-0.0089,9.0
2023-06-03 08:00:00,NODE_02,27.35987,88.66507,29.69,41.05,-0.0165,-0.0126,9.0
2023-06-03 08:00:00,NODE_03,27.32649,88.60522,29.4,40.88,-0.004,0.0049,9.0
2023-06-03 08:00:00,NODE_04,27.36949,88.5676,29.1,40.84,-0.0236,0.0065,9.0
2023-06-03 08:00:00,NODE_05,27.35503,88.67429,29.69,40.95,-0.0027,-0.0126,9.0
2023-06-03 08:00:00,NODE_06,27.3375,88.61639,29.92,41.27,0.0062,0.009,9.0
2023-06-03 08:00:00,NODE_07,27.35687,88.65051,29.14,41.38,0.0059,-0.005,9.0
2023-06-03 08:00:00,NODE_08,27.3729,88.65823,29.86,40.92,-0.009,-0.01,9.0
2023-06-03 08:00:00,NODE_09,27.32405,88.62626,29.42,40.6,0.0191,-0.0037,9.0
2023-06-03 08:00:00,NODE_10,27.28763,88.57017,29.39,40.87,-0.0011,-0.0114,9.0
2023-06-03 09:00:00,NODE_01,27.29535,88.6231,29.67,40.87,0.0001,-0.0049,9.0
2023-06-03 09:00:00,NODE_02,27.35987,88.66507,30.6,41.19,-0.0023,-0.0096,9.0
2023-06-03 09:00:00,NODE_03,27.32649,88.60522,30.17,41.47,0.0122,-0.0052,9.0
2023-06-03 09:00:00,NODE_04,27.36949,88.5676,29.72,41.82,0.0103,0.0113,9.0
2023-06-03 09:00:00,NODE_05,27.35503,88.67429,29.68,41.59,0.004,0.0105,9.0
2023-06-03 09:00:00,NODE_06,27.3375,88.61639,29.75,41.27,0.0095,-0.0042,9.0
2023-06-03 09:00:00,NODE_07,27.35687,88.65051,30.26,40.72,0.0125,0.001,9.0
2023-06-03 09:00:00,NODE_08,27.3729,88.65823,30.57,41.2,0.0255,0.0003,9.0
2023-06-03 09:00:00,NODE_09,27.32405,88.62626,29.74,41.18,-0.0016,-0.0053,9.0
2023-06-03 09:00:00,NODE_10,27.28763,88.57017,30.54,41.75,-0.0108,0.0005,9.0
2023-06-03 10:00:00,NODE_01,27.29535,88.6231,29.62,41.54,-0.0238,0.002,9.0
2023-06-03 10:00:00,NODE_02,27.35987,88.66507,30.43,42.25,-0.0147,-0.001,9.0
2023-06-03 10:00:00,NODE_03,27.32649,88.60522,29.67,42.07,0.0403,0.0188,9.0
2023-06-03 10:00:00,NODE_04,27.36949,88.5676,29.25,41.9,0.015,0.0186,9.0
2023-06-03 10:00:00,NODE_05,27.35503,88.67429,29.37,41.48,0.001,0.0178,9.0
2023-06-03 10:00:00,NODE_06,27.3375,88.61639,29.94,41.69,0.0111,-0.0035,9.0
2023-06-03 10:00:00,NODE_07,27.35687,88.65051,30.07,41.19,0.0091,-0.0127,9.0
2023-06-03 10:00:00,NODE_08,27.3729,88.65823,30.67,41.97,-0.0095,0.0089,9.0
2023-06-03 10:00:00,NODE_09,27.32405,88.62626,30.61,41.34,0.0003,0.0126,9.0
2023-06-03 10:00:00,NODE_10,27.28763,88.57017,30.22,42.28,-0.0061,0.0134,9.0
2023-06-03 11:00:00,NODE_01,27.29535,88.6231,30.1,42.38,0.0052,-0.0037,9.0
2023-06-03 11:00:00,NODE_02,27.35987,88.66507,30.16,41.79,-0.01,0.009,9.0
2023-06-03 11:00:00,NODE_03,27.32649,88.60522,29.32,42.19,0.0069,0.0042,9.0
2023-06-03 11:00:00,NODE_04,27.36949,88.5676,29.91,42.09,0.0166,-0.0073,9.0
2023-06-03 11:00:00,NODE_05,27.35503,88.67429,29.84,41.48,0.005,0.0032,9.0
2023-06-03 11:00:00,NODE_06,27.3375,88.61639,29.1,41.86,0.0174,-0.0037,9.0
2023-06-03 11:00:00,NODE_07,27.35687,88.65051,29.77,42.77,0.0081,0.0033,9.0
2023-06-03 11:00:00,NODE_08,27.3729,88.65823,29.99,42.15,0.0106,0.0031,9.0
2023-06-03 11:00:00,NODE_09,27.32405,88.62626,29.63,42.36,-0.0099,-0.0136,9.0
2023-06-03 11:00:00,NODE_10,27.28763,88.57017,29.88,41.83,-0.0114,-0.0006,9.0
2023-06-03 12:00:00,NODE_01,27.29535,88.6231,30.4,42.47,-0.0222,0.0049,9.0
2023-06-03 12:00:00,NODE_02,27.35987,88.66507,30.28,42.59,-0.0039,0.0059,9.0
2023-06-03 12:00:00,NODE_03,27.32649,88.60522,30.23,42.54,0.001,0.0053,9.0
2023-06-03 12:00:00,NODE_04,27.36949,88.5676,30.55,42.37,0.0104,-0.008,9.0
2023-06-03 12:00:00,NODE_05,27.35503,88.67429,30.49,42.4,-0.0133,-0.0059,9.0
2023-06-03 12:00:00,NODE_06,27.3375,88.61639,30.38,42.63,0.0124,0.0124,9.0
2023-06-03 12:00:00,NODE_07,27.35687,88.65051,30.0,42.55,0.0084,-0.0031,9.0
2023-06-03 12:00:00,NODE_08,27.3729,88.65823,29.58,42.54,-0.0036,0.0098,9.0
2023-06-03 12:00:00,NODE_09,27.32405,88.62626,29.8,42.38,-0.0035,-0.0056,9.0
2023-06-03 12:00:00,NODE_10,27.28763,88.57017,30.85,42.31,0.0034,-0.0113,9.0
2023-06-03 13:00:00,NODE_01,27.29535,88.6231,29.66,42.72,0.0147,0.0052,9.0
2023-06-03 13:00:00,NODE_02,27.35987,88.66507,30.13,42.73,-0.0134,0.0017,9.0
2023-06-03 13:00:00,NODE_03,27.32649,88.60522,29.64,42.86,-0.013,0.0176,9.0
2023-06-03 13:00:00,NODE_04,27.36949,88.5676,29.79,42.55,0.012,0.0067,9.0
2023-06-03 13:00:00,NODE_05,27.35503,88.67429,29.82,42.64,0.0061,-0.0016,9.0
2023-06-03 13:00:00,NODE_06,27.3375,88.61639,29.76,42.77,0.0175,-0.0093,9.0
2023-06-03 13:00:00,NODE_07,27.35687,88.65051,29.46,42.65,0.007,-0.0199,9.0
2023-06-03 13:00:00,NODE_08,27.3729,88.65823,30.45,42.97,0.0072,0.0126,9.0
2023-06-03 13:00:00,NODE_09,27.32405,88.62626,29.82,42.9,-0.0119,0.0019,9.0
2023-06-03 13:00:00,NODE_10,27.28763,88.57017,30.24,42.46,0.0035,0.0127,9.0
2023-06-03 14:00:00,NODE_01,27.29535,88.6231,28.76,42.93,0.0017,0.0089,9.0
2023-06-03 14:00:00,NODE_02,27.35987,88.66507,29.59,43.71,0.0038,0.0053,9.0
2023-06-03 14:00:00,NODE_03,27.32649,88.60522,29.43,42.59,-0.0064,-0.0045,9.0
2023-06-03 14:00:00,NODE_04,27.36949,88.5676,30.02,43.54,0.0005,-0.0,9.0
2023-06-03 14:00:00,NODE_05,27.35503,88.67429,29.83,43.09,0.0103,-0.0042,9.0
2023-06-03 14:00:00,NODE_06,27.3375,88.61639,30.03,42.86,0.0138,0.0028,9.0
2023-06-03 14:00:00,NODE_07,27.35687,88.65051,30.1,42.94,0.0061,-0.0046,9.0
2023-06-03 14:00:00,NODE_08,27.3729,88.65823,29.33,43.11,-0.0004,0.0066,9.0
2023-06-03 14:00:00,NODE_09,27.32405,88.62626,30.04,43.21,-0.0155,0.0127,9.0
2023-06-03 14:00:00,NODE_10,27.28763,88.57017,29.09,42.63,-0.0177,-0.0077,9.0
2023-06-03 15:00:00,NODE_01,27.29535,88.6231,29.35,43.2,0.01,0.0142,11.91
2023-06-03 15:00:00,NODE_02,27.35987,88.66507,29.49,43.25,0.0074,-0.0069,11.91
2023-06-03 15:00:00,NODE_03,27.32649,88.60522,29.59,43.06,-0.0021,-0.0009,11.91
2023-06-03 15:00:00,NODE_04,27.36949,88.5676,30.97,43.52,-0.0208,0.0022,11.91
2023-06-03 15:00:00,NODE_05,27.35503,88.67429,29.18,42.89,0.0032,-0.0036,11.91
2023-06-03 15:00:00,NODE_06,27.3375,88.61639,30.22,42.91,0.0147,-0.0007,11.91
2023-06-03 15:00:00,NODE_07,27.35687,88.65051,29.75,43.25,0.0068,-0.0035,11.91
2023-06-03 15:00:00,NODE_08,27.3729,88.65823,30.74,43.18,-0.0109,-0.0071,11.91
2023-06-03 15:00:00,NODE_09,27.32405,88.62626,29.69,43.34,-0.0117,0.0071,11.91
2023-06-03 15:00:00,NODE_10,27.28763,88.57017,29.87,43.46,-0.0065,0.0148,11.91
2023-06-03 16:00:00,NODE_01,27.29535,88.6231,29.96,43.71,-0.009,0.01,11.91
2023-06-03 16:00:00,NODE_02,27.35987,88.66507,30.46,43.63,-0.0055,-0.0024,11.91
2023-06-03 16:00:00,NODE_03,27.32649,88.60522,30.46,43.58,-0.0053,-0.0125,11.91
2023-06-03 16:00:00,NODE_04,27.36949,88.5676,30.45,43.41,0.0003,-0.0025,11.91
2023-06-03 16:00:00,NODE_05,27.35503,88.67429,30.47,44.13,0.006,0.0065,11.91
2023-06-03 16:00:00,NODE_06,27.3375,88.61639,30.51,44.02,-0.0004,0.0007,11.91
2023-06-03 16:00:00,NODE_07,27.35687,88.65051,30.14,43.01,-0.0066,0.0085,11.91
2023-06-03 16:00:00,NODE_08,27.3729,88.65823,30.83,44.36,-0.028,-0.0034,11.91
2023-06-03 16:00:00,NODE_09,27.32405,88.62626,30.68,44.03,0.0009,0.0162,11.91
2023-06-03 16:00:00,NODE_10,27.28763,88.57017,31.28,43.74,0.0183,-0.0026,11.91
2023-06-03 17:00:00,NODE_01,27.29535,88.6231,30.33,43.86,-0.0155,-0.0093,11.91
2023-06-03 17:00:00,NODE_02,27.35987,88.66507,30.77,43.89,-0.0044,-0.0002,11.91
2023-06-03 17:00:00,NODE_03,27.32649,88.60522,31.1,43.76,-0.0002,-0.0017,11.91
2023-06-03 17:00:00,NODE_04,27.36949,88.5676,30.24,43.56,0.0062,-0.006,11.91
2023-06-03 17:00:00,NODE_05,27.35503,88.67429,30.59,44.14,-0.0011,0.0028,11.91
2023-06-03 17:00:00,NODE_06,27.3375,88.61639,30.55,43.81,-0.0129,0.0024,11.91
2023-06-03 17:00:00,NODE_07,27.35687,88.65051,30.35,43.68,-0.002,0.0029,11.91
2023-06-03 17:00:00,NODE_08,27.3729,88.65823,31.15,44.45,0.0251,0.0193,11.91
2023-06-03 17:00:00,NODE_09,27.32405,88.62626,30.32,44.19,-0.0074,0.0035,11.91
2023-06-03 17:00:00,NODE_10,27.28763,88.57017,30.16,43.53,0.0063,0.001,11.91
2023-06-03 18:00:00,NODE_01,27.29535,88.6231,30.3,44.23,0.0026,-0.009,11.91
2023-06-03 18:00:00,NODE_02,27.35987,88.66507,30.9,44.61,0.0054,-0.0158,11.91
2023-06-03 18:00:00,NODE_03,27.32649,88.60522,30.31,43.98,0.0178,-0.0149,11.91
2023-06-03 18:00:00,NODE_04,27.36949,88.5676,30.22,44.49,-0.0014,0.0162,11.91
2023-06-03 18:00:00,NODE_05,27.35503,88.67429,30.2,44.17,0.0089,0.01,11.91
2023-06-03 18:00:00,NODE_06,27.3375,88.61639,30.62,44.39,0.0248,0.0006,11.91
2023-06-03 18:00:00,NODE_07,27.35687,88.65051,30.74,44.21,0.0007,0.0145,11.91
2023-06-03 18:00:00,NODE_08,27.3729,88.65823,30.74,45.0,0.0007,0.0031,11.91
2023-06-03 18:00:00,NODE_09,27.32405,88.62626,30.4,44.29,-0.005,-0.002,11.91
2023-06-03 18:00:00,NODE_10,27.28763,88.57017,30.49,44.48,0.0045,0.0156,11.91
2023-06-03 19:00:00,NODE_01,27.29535,88.6231,30.4,44.57,-0.0003,-0.0008,11.91
2023-06-03 19:00:00,NODE_02,27.35987,88.66507,30.01,44.42,-0.0071,-0.0116,11.91
2023-06-03 19:00:00,NODE_03,27.32649,88.60522,30.3,44.07,0.0125,0.0075,11.91
2023-06-03 19:00:00,NODE_04,27.36949,88.5676,30.39,44.64,-0.0018,-0.011,11.91
2023-06-03 19:00:00,NODE_05,27.35503,88.67429,30.46,44.29,0.0007,0.0037,11.91
2023-06-03 19:00:00,NODE_06,27.3375,88.61639,30.0,45.4,0.0006,0.0079,11.91
2023-06-03 19:00:00,NODE_07,27.35687,88.65051,30.6,44.36,-0.0034,0.0052,11.91
2023-06-03 19:00:00,NODE_08,27.3729,88.65823,29.54,45.16,-0.0294,0.0018,11.91
2023-06-03 19:00:00,NODE_09,27.32405,88.62626,31.04,44.22,0.0041,0.0086,11.91
2023-06-03 19:00:00,NODE_10,27.28763,88.57017,30.88,44.76,-0.0066,-0.0135,11.91
2023-06-03 20:00:00,NODE_01,27.29535,88.6231,30.42,44.66,-0.0049,-0.0045,13.95
2023-06-03 20:00:00,NODE_02,27.35987,88.66507,30.18,45.01,-0.0078,-0.0112,13.95
2023-06-03 20:00:00,NODE_03,27.32649,88.60522,30.97,44.56,-0.0016,0.0042,13.95
2023-06-03 20:00:00,NODE_04,27.36949,88.5676,30.29,44.56,-0.0096,0.0069,13.95
2023-06-03 20:00:00,NODE_05,27.35503,88.67429,30.61,45.22,-0.0115,-0.0086,13.95
2023-06-03 20:00:00,NODE_06,27.3375,88.61639,30.07,45.26,0.0123,-0.0003,13.95
2023-06-03 20:00:00,NODE_07,27.35687,88.65051,29.49,44.72,-0.0157,-0.0055,13.95
2023-06-03 20:00:00,NODE_08,27.3729,88.65823,30.13,45.05,0.003,-0.0086,13.95
2023-06-03 20:00:00,NODE_09,27.32405,88.62626,30.16,45.21,-0.0155,-0.0137,13.95
2023-06-03 20:00:00,NODE_10,27.28763,88.57017,30.8,44.83,0.0029,-0.0105,13.95
2023-06-03 21:00:00,NODE_01,27.29535,88.6231,31.12,45.35,0.0008,-0.0114,13.95
2023-06-03 21:00:00,NODE_02,27.35987,88.66507,30.88,44.84,0.012,0.0076,13.95
2023-06-03 21:00:00,NODE_03,27.32649,88.60522,29.97,45.22,-0.0121,-0.0028,13.95
2023-06-03 21:00:00,NODE_04,27.36949,88.5676,30.48,45.44,-0.01,0.0052,13.95
2023-06-03 21:00:00,NODE_05,27.35503,88.67429,30.28,44.89,0.0082,-0.005,13.95
2023-06-03 21:00:00,NODE_06,27.3375,88.61639,30.66,45.83,-0.0055,0.0174,13.95
2023-06-03 21:00:00,NODE_07,27.35687,88.65051,30.8,45.98,-0.0124,-0.0006,13.95
2023-06-03 21:00:00,NODE_08,27.3729,88.65823,30.82,44.81,0.0069,-0.0009,13.95
2023-06-03 21:00:00,NODE_09,27.32405,88.62626,30.99,45.01,0.0008,-0.0171,13.95
2023-06-03 21:00:00,NODE_10,27.28763,88.57017,31.02,45.16,-0.0001,-0.0033,13.95
2023-06-03 22:00:00,NODE_01,27.29535,88.6231,30.58,46.4,0.0277,-0.0044,13.95
2023-06-03 22:00:00,NODE_02,27.35987,88.66507,30.82,45.88,0.0088,0.0025,13.95
2023-06-03 22:00:00,NODE_03,27.32649,88.60522,31.64,45.61,0.0134,-0.001,13.95
2023-06-03 22:00:00,NODE_04,27.36949,88.5676,31.25,45.55,0.0184,-0.0158,13.95
2023-06-03 22:00:00,NODE_05,27.35503,88.67429,30.99,46.23,-0.0163,-0.0056,13.95
2023-06-03 22:00:00,NODE_06,27.3375,88.61639,30.58,45.5,0.0096,0.0004,13.95
2023-06-03 22:00:00,NODE_07,27.35687,88.65051,30.15,45.46,0.0023,-0.0035,13.95
2023-06-03 22:00:00,NODE_08,27.3729,88.65823,30.58,45.46,-0.0072,0.0072,13.95
2023-06-03 22:00:00,NODE_09,27.32405,88.62626,31.25,45.83,0.0085,0.0098,13.95
2023-06-03 22:00:00,NODE_10,27.28763,88.57017,31.15,45.82,-0.008,-0.0014,13.95
2023-06-03 23:00:00,NODE_01,27.29535,88.6231,30.42,45.31,0.0083,-0.0047,13.95
2023-06-03 23:00:00,NODE_02,27.35987,88.66507,30.01,45.97,0.006,0.0061,13.95
2023-06-03 23:00:00,NODE_03,27.32649,88.60522,31.74,45.73,-0.0005,0.0076,13.95
2023-06-03 23:00:00,NODE_04,27.36949,88.5676,31.18,46.12,0.0187,-0.0083,13.95
2023-06-03 23:00:00,NODE_05,27.35503,88.67429,31.24,45.69,0.0028,-0.0019,13.95
2023-06-03 23:00:00,NODE_06,27.3375,88.61639,31.33,46.31,-0.0244,-0.017,13.95
2023-06-03 23:00:00,NODE_07,27.35687,88.65051,30.63,45.93,0.0091,0.0049,13.95
2023-06-03 23:00:00,NODE_08,27.3729,88.65823,30.64,46.33,-0.0071,0.0001,13.95
2023-06-03 23:00:00,NODE_09,27.32405,88.62626,30.89,46.07,0.0093,0.0021,13.95
2023-06-03 23:00:00,NODE_10,27.28763,88.57017,30.77,46.52,-0.0049,0.0264,13.95
2023-06-04 00:00:00,NODE_01,27.29535,88.6231,30.87,46.26,0.0105,-0.0067,9.13
2023-06-04 00:00:00,NODE_02,27.35987,88.66507,30.83,45.98,0.0093,-0.0184,9.13
2023-06-04 00:00:00,NODE_03,27.32649,88.60522,29.6,46.32,-0.0173,-0.0114,9.13
2023-06-04 00:00:00,NODE_04,27.36949,88.5676,30.02,46.41,-0.0,-0.0066,9.13
2023-06-04 00:00:00,NODE_05,27.35503,88.67429,30.59,46.72,-0.0038,0.0179,9.13
2023-06-04 00:00:00,NODE_06,27.3375,88.61639,30.83,46.31,-0.0041,0.0064,9.13
2023-06-04 00:00:00,NODE_07,27.35687,88.65051,30.63,46.23,0.0001,0.0006,9.13
2023-06-04 00:00:00,NODE_08,27.3729,88.65823,30.92,46.41,-0.0002,-0.0052,9.13
2023-06-04 00:00:00,NODE_09,27.32405,88.62626,30.63,45.97,0.0052,0.0096,9.13
2023-06-04 00:00:00,NODE_10,27.28763,88.57017,30.36,46.48,-0.0047,-0.0089,9.13
2023-06-04 01:00:00,NODE_01,27.29535,88.6231,29.98,46.25,0.0084,-0.0032,9.13
2023-06-04 01:00:00,NODE_02,27.35987,88.66507,29.85,47.05,-0.0198,-0.0148,9.13
2023-06-04 01:00:00,NODE_03,27.32649,88.60522,30.55,46.48,0.0071,0.002,9.13
2023-06-04 01:00:00,NODE_04,27.36949,88.5676,30.27,46.4,0.0028,0.0056,9.13
2023-06-04 01:00:00,NODE_05,27.35503,88.67429,30.25,46.46,-0.0045,0.0195,9.13
2023-06-04 01:00:00,NODE_06,27.3375,88.61639,30.31,46.72,-0.001,0.0039,9.13
2023-06-04 01:00:00,NODE_07,27.35687,88.65051,30.45,46.63,0.0276,-0.0063,9.13
2023-06-04 01:00:00,NODE_08,27.3729,88.65823,30.52,46.62,0.012,-0.0029,9.13
2023-06-04 01:00:00,NODE_09,27.32405,88.62626,31.44,46.78,-0.0005,-0.0085,9.13
2023-06-04 01:00:00,NODE_10,27.28763,88.57017,30.77,46.92,-0.0149,-0.013,9.13
2023-06-04 02:00:00,NODE_01,27.29535,88.6231,30.66,46.96,0.0148,0.0118,9.13
2023-06-04 02:00:00,NODE_02,27.35987,88.66507,30.13,46.62,0.0135,0.0066,9.13
2023-06-04 02:00:00,NODE_03,27.32649,88.60522,30.22,47.24,0.0103,0.007,9.13
2023-06-04 02:00:00,NODE_04,27.36949,88.5676,30.32,47.08,-0.0098,-0.0037,9.13
2023-06-04 02:00:00,NODE_05,27.35503,88.67429,30.44,47.3,0.0017,0.0084,9.13
2023-06-04 02:00:00,NODE_06,27.3375,88.61639,30.4,47.53,0.0046,0.0003,9.13
2023-06-04 02:00:00,NODE_07,27.35687,88.65051,30.71,46.61,-0.0092,0.0001,9.13
2023-06-04 02:00:00,NODE_08,27.3729,88.65823,30.02,46.3,0.001,0.0119,9.13
2023-06-04 02:00:00,NODE_09,27.32405,88.62626,30.5,47.09,-0.0062,0.0128,9.13
2023-06-04 02:00:00,NODE_10,27.28763,88.57017,30.35,46.74,-0.0132,-0.0094,9.13
2023-06-04 03:00:00,NODE_01,27.29535,88.6231,30.47,47.09,-0.0019,0.002,9.13
2023-06-04 03:00:00,NODE_02,27.35987,88.66507,30.97,47.54,0.0039,-0.0278,9.13
2023-06-04 03:00:00,NODE_03,27.32649,88.60522,30.32,47.17,-0.0243,-0.0178,9.13
2023-06-04 03:00:00,NODE_04,27.36949,88.5676,30.67,47.04,0.0064,-0.0009,9.13
2023-06-04 03:00:00,NODE_05,27.35503,88.67429,30.77,46.91,-0.0071,0.0012,9.13
2023-06-04 03:00:00,NODE_06,27.3375,88.61639,30.48,47.14,0.0107,-0.0026,9.13
2023-06-04 03:00:00,NODE_07,27.35687,88.65051,30.71,47.43,0.0044,0.0046,9.13
2023-06-04 03:00:00,NODE_08,27.3729,88.65823,30.78,47.34,0.0146,0.0067,9.13
2023-06-04 03:00:00,NODE_09,27.32405,88.62626,30.51,47.4,-0.0008,0.0067,9.13
2023-06-04 03:00:00,NODE_10,27.28763,88.57017,30.23,47.17,-0.002,0.0023,9.13
2023-06-04 04:00:00,NODE_01,27.29535,88.6231,30.29,47.59,-0.0205,0.0247,9.13
2023-06-04 04:00:00,NODE_02,27.35987,88.66507,31.07,47.37,0.0101,0.0122,9.13
2023-06-04 04:00:00,NODE_03,27.32649,88.60522,30.18,47.71,-0.0082,0.0068,9.13
2023-06-04 04:00:00,NODE_04,27.36949,88.5676,30.8,47.34,0.0176,-0.0146,9.13
2023-06-04 04:00:00,NODE_05,27.35503,88.67429,29.85,47.43,0.0051,-0.0136,9.13
2023-06-04 04:00:00,NODE_06,27.3375,88.61639,30.32,47.52,-0.0109,-0.0211,9.13
2023-06-04 04:00:00,NODE_07,27.35687,88.65051,30.04,47.48,0.0129,-0.0101,9.13
2023-06-04 04:00:00,NODE_08,27.3729,88.65823,30.55,47.31,0.0113,0.0053,9.13
2023-06-04 04:00:00,NODE_09,27.32405,88.62626,30.21,47.68,0.0165,-0.0003,9.13
2023-06-04 04:00:00,NODE_10,27.28763,88.57017,30.94,47.76,-0.0085,0.0049,9.13
2023-06-04 05:00:00,NODE_01,27.29535,88.6231,31.02,48.0,-0.0019,0.0017,10.12
2023-06-04 05:00:00,NODE_02,27.35987,88.66507,29.89,48.34,0.0039,-0.0182,10.12
2023-06-04 05:00:00,NODE_03,27.32649,88.60522,30.71,47.83,-0.0011,-0.0167,10.12
2023-06-04 05:00:00,NODE_04,27.36949,88.5676,31.46,47.6,-0.0153,0.0233,10.12
2023-06-04 05:00:00,NODE_05,27.35503,88.67429,30.61,47.94,0.0006,0.0022,10.12
2023-06-04 05:00:00,NODE_06,27.3375,88.61639,30.49,47.52,0.0066,-0.0195,10.12
2023-06-04 05:00:00,NODE_07,27.35687,88.65051,30.06,47.24,0.0107,0.0032,10.12
2023-06-04 05:00:00,NODE_08,27.3729,88.65823,30.28,47.69,-0.0023,0.0044,10.12
2023-06-04 05:00:00,NODE_09,27.32405,88.62626,30.44,47.72,0.0027,0.0021,10.12
2023-06-04 05:00:00,NODE_10,27.28763,88.57017,30.23,47.45,-0.003,-0.0071,10.12
2023-06-04 06:00:00,NODE_01,27.29535,88.6231,30.17,47.98,0.0081,-0.0029,10.12
2023-06-04 06:00:00,NODE_02,27.35987,88.66507,30.28,48.35,0.0005,0.0084,10.12
2023-06-04 06:00:00,NODE_03,27.32649,88.60522,30.37,47.61,0.0073,-0.0012,10.12
2023-06-04 06:00:00,NODE_04,27.36949,88.5676,30.23,48.38,0.0046,0.0007,10.12
2023-06-04 06:00:00,NODE_05,27.35503,88.67429,30.15,48.16,-0.0062,-0.0079,10.12
2023-06-04 06:00:00,NODE_06,27.3375,88.61639,30.44,48.33,0.0123,0.0165,10.12
2023-06-04 06:00:00,NODE_07,27.35687,88.65051,30.4,47.86,0.0066,-0.0158,10.12
2023-06-04 06:00:00,NODE_08,27.3729,88.65823,30.7,48.44,-0.0157,-0.0118,10.12
2023-06-04 06:00:00,NODE_09,27.32405,88.62626,30.8,48.38,-0.0011,0.0035,10.12
2023-06-04 06:00:00,NODE_10,27.28763,88.57017,31.1,48.2,-0.0161,0.0002,10.12
2023-06-04 07:00:00,NODE_01,27.29535,88.6231,31.28,48.54,-0.0097,0.0,5.94
2023-06-04 07:00:00,NODE_02,27.35987,88.66507,30.47,48.09,-0.0028,-0.0089,5.94
2023-06-04 07:00:00,NODE_03,27.32649,88.60522,30.09,48.27,-0.0052,-0.0116,5.94
2023-06-04 07:00:00,NODE_04,27.36949,88.5676,30.28,48.24,0.0054,0.005,5.94
2023-06-04 07:00:00,NODE_05,27.35503,88.67429,30.55,48.56,0.0134,0.0163,5.94
2023-06-04 07:00:00,NODE_06,27.3375,88.61639,29.89,48.15,0.0235,-0.0059,5.94
2023-06-04 07:00:00,NODE_07,27.35687,88.65051,29.83,48.1,0.0107,0.0111,5.94
2023-06-04 07:00:00,NODE_08,27.3729,88.65823,30.49,48.14,-0.0023,0.0027,5.94
2023-06-04 07:00:00,NODE_09,27.32405,88.62626,30.34,48.26,0.0056,-0.0086,5.94
2023-06-04 07:00:00,NODE_10,27.28763,88.57017,30.55,48.55,0.008,0.0195,5.94
2023-06-04 08:00:00,NODE_01,27.29535,88.6231,30.28,47.77,-0.0018,0.0026,5.94
2023-06-04 08:00:00,NODE_02,27.35987,88.66507,31.08,48.38,0.0037,0.0105,5.94
2023-06-04 08:00:00,NODE_03,27.32649,88.60522,30.3,48.18,-0.0083,0.0143,5.94
2023-06-04 08:00:00,NODE_04,27.36949,88.5676,30.6,49.01,0.0053,-0.0054,5.94
2023-06-04 08:00:00,NODE_05,27.35503,88.67429,30.14,48.34,0.002,-0.0161,5.94
2023-06-04 08:00:00,NODE_06,27.3375,88.61639,29.51,48.87,0.0071,0.0097,5.94
2023-06-04 08:00:00,NODE_07,27.35687,88.65051,30.18,48.34,0.0006,0.0053,5.94
2023-06-04 08:00:00,NODE_08,27.3729,88.65823,30.9,48.43,0.0053,0.0107,5.94
2023-06-04 08:00:00,NODE_09,27.32405,88.62626,29.53,48.39,0.0005,-0.0039,5.94
2023-06-04 08:00:00,NODE_10,27.28763,88.57017,30.31,48.66,0.0208,0.0004,5.94
2023-06-04 09:00:00,NODE_01,27.29535,88.6231,29.78,49.21,-0.0069,0.0044,5.94
2023-06-04 09:00:00,NODE_02,27.35987,88.66507,30.09,49.1,-0.0031,0.0321,5.94
2023-06-04 09:00:00,NODE_03,27.32649,88.60522,30.49,48.76,0.0073,-0.0116,5.94
2023-06-04 09:00:00,NODE_04,27.36949,88.5676,30.02,49.39,0.0164,-0.0065,5.94
2023-06-04 09:00:00,NODE_05,27.35503,88.67429,30.06,48.75,0.0063,0.0038,5.94
2023-06-04 09:00:00,NODE_06,27.3375,88.61639,30.14,48.31,-0.0046,-0.016,5.94
2023-06-04 09:00:00,NODE_07,27.35687,88.65051,30.83,48.8,0.0166,0.0163,5.94
2023-06-04 09:00:00,NODE_08,27.3729,88.65823,30.35,49.03,0.0006,-0.0026,5.94
2023-06-04 09:00:00,NODE_09,27.32405,88.62626,30.49,49.16,0.0023,0.0033,5.94
2023-06-04 09:00:00,NODE_10,27.28763,88.57017,29.56,49.02,0.0103,0.0032,5.94
2023-06-04 10:00:00,NODE_01,27.29535,88.6231,30.24,49.1,0.015,0.0208,5.94
2023-06-04 10:00:00,NODE_02,27.35987,88.66507,30.02,49.08,0.0087,-0.0227,5.94
2023-06-04 10:00:00,NODE_03,27.32649,88.60522,29.74,48.81,-0.0047,-0.0165,5.94
2023-06-04 10:00:00,NODE_04,27.36949,88.5676,30.15,48.88,0.0204,0.0191,5.94
2023-06-04 10:00:00,NODE_05,27.35503,88.67429,30.82,49.35,0.0142,-0.0087,5.94
2023-06-04 10:00:00,NODE_06,27.3375,88.61639,30.43,49.2,-0.0127,-0.0105,5.94
2023-06-04 10:00:00,NODE_07,27.35687,88.65051,29.61,49.08,0.0128,-0.0112,5.94
2023-06-04 10:00:00,NODE_08,27.3729,88.65823,30.74,49.49,0.0063,0.0098,5.94
2023-06-04 10:00:00,NODE_09,27.32405,88.62626,29.78,49.47,-0.0025,-0.0043,5.94
2023-06-04 10:00:00,NODE_10,27.28763,88.57017,31.06,49.19,0.0113,0.0189,5.94
2023-06-04 11:00:00,NODE_01,27.29535,88.6231,29.7,49.54,0.0075,-0.0085,5.94
2023-06-04 11:00:00,NODE_02,27.35987,88.66507,30.75,49.35,-0.0159,0.007,5.94
2023-06-04 11:00:00,NODE_03,27.32649,88.60522,29.47,49.38,0.0054,0.0013,5.94
2023-06-04 11:00:00,NODE_04,27.36949,88.5676,29.97,48.46,-0.0023,-0.0192,5.94
2023-06-04 11:00:00,NODE_05,27.35503,88.67429,29.57,49.0,0.014,-0.0001,5.94
2023-06-04 11:00:00,NODE_06,27.3375,88.61639,29.99,49.06,0.0183,0.0068,5.94
2023-06-04 11:00:00,NODE_07,27.35687,88.65051,30.0,49.27,-0.0085,0.0113,5.94
2023-06-04 11:00:00,NODE_08,27.3729,88.65823,29.38,49.35,0.0086,0.0055,5.94
2023-06-04 11:00:00,NODE_09,27.32405,88.62626,30.43,49.6,-0.0041,-0.0147,5.94
2023-06-04 11:00:00,NODE_10,27.28763,88.57017,30.13,49.23,0.0063,-0.007,5.94
2023-06-04 12:00:00,NODE_01,27.29535,88.6231,29.75,49.08,0.0065,0.0086,5.94
2023-06-04 12:00:00,NODE_02,27.35987,88.66507,29.9,50.02,-0.0054,-0.0181,5.94
2023-06-04 12:00:00,NODE_03,27.32649,88.60522,30.85,49.08,-0.0111,-0.0041,5.94
2023-06-04 12:00:00,NODE_04,27.36949,88.5676,29.01,49.86,0.0067,0.0028,5.94
2023-06-04 12:00:00,NODE_05,27.35503,88.67429,30.25,49.61,0.0058,0.0067,5.94
2023-06-04 12:00:00,NODE_06,27.3375,88.61639,30.55,49.7,0.0074,-0.001,5.94
2023-06-04 12:00:00,NODE_07,27.35687,88.65051,29.82,49.44,0.0032,0.0094,5.94
2023-06-04 12:00:00,NODE_08,27.3729,88.65823,30.24,50.14,0.0053,0.0083,5.94
2023-06-04 12:00:00,NODE_09,27.32405,88.62626,30.05,49.58,0.01,0.0029,5.94
2023-06-04 12:00:00,NODE_10,27.28763,88.57017,29.15,49.28,0.0027,-0.0076,5.94
2023-06-04 13:00:00,NODE_01,27.29535,88.6231,30.14,49.4,0.0062,0.0021,5.94
2023-06-04 13:00:00,NODE_02,27.35987,88.66507,30.27,49.64,0.0204,0.0043,5.94
2023-06-04 13:00:00,NODE_03,27.32649,88.60522,29.72,49.71,-0.0135,-0.015,5.94
2023-06-04 13:00:00,NODE_04,27.36949,88.5676,30.03,49.65,0.0008,-0.0121,5.94
2023-06-04 13:00:00,NODE_05,27.35503,88.67429,30.67,49.6,-0.003,0.0102,5.94
2023-06-04 13:00:00,NODE_06,27.3375,88.61639,29.96,49.69,-0.0002,0.0054,5.94
2023-06-04 13:00:00,NODE_07,27.35687,88.65051,30.78,49.59,-0.0155,-0.0018,5.94
2023-06-04 13:00:00,NODE_08,27.3729,88.65823,29.82,49.54,-0.0028,0.0005,5.94
2023-06-04 13:00:00,NODE_09,27.32405,88.62626,30.36,49.27,-0.0195,0.0084,5.94
2023-06-04 13:00:00,NODE_10,27.28763,88.57017,30.37,49.82,0.0009,-0.0047,5.94
2023-06-04 14:00:00,NODE_01,27.29535,88.6231,30.13,49.9,-0.0004,-0.0157,5.94
2023-06-04 14:00:00,NODE_02,27.35987,88.66507,29.31,50.1,-0.0063,-0.0021,5.94
2023-06-04 14:00:00,NODE_03,27.32649,88.60522,29.85,50.08,0.0076,0.0053,5.94
2023-06-04 14:00:00,NODE_04,27.36949,88.5676,29.83,49.69,-0.0063,-0.0041,5.94
2023-06-04 14:00:00,NODE_05,27.35503,88.67429,30.18,49.95,-0.0143,-0.0006,5.94
2023-06-04 14:00:00,NODE_06,27.3375,88.61639,30.45,49.75,-0.0162,-0.0001,5.94
2023-06-04 14:00:00,NODE_07,27.35687,88.65051,29.69,49.13,0.0152,-0.0038,5.94
2023-06-04 14:00:00,NODE_08,27.3729,88.65823,29.56,49.69,0.0052,0.0089,5.94
2023-06-04 14:00:00,NODE_09,27.32405,88.62626,29.52,50.51,0.0048,0.0107,5.94
2023-06-04 14:00:00,NODE_10,27.28763,88.57017,29.88,50.45,-0.0091,-0.0053,5.94
2023-06-04 15:00:00,NODE_01,27.29535,88.6231,29.58,50.05,0.002,0.0077,3.04
2023-06-04 15:00:00,NODE_02,27.35987,88.66507,29.76,50.55,-0.0024,0.0013,3.04
2023-06-04 15:00:00,NODE_03,27.32649,88.60522,29.67,50.38,0.0025,-0.0199,3.04
2023-06-04 15:00:00,NODE_04,27.36949,88.5676,30.34,49.97,0.0027,-0.0064,3.04
2023-06-04 15:00:00,NODE_05,27.35503,88.67429,29.3,50.12,0.0021,0.0076,3.04
2023-06-04 15:00:00,NODE_06,27.3375,88.61639,30.29,50.02,-0.0093,-0.0021,3.04
2023-06-04 15:00:00,NODE_07,27.35687,88.65051,29.64,50.21,0.0022,-0.0109,3.04
2023-06-04 15:00:00,NODE_08,27.3729,88.65823,30.29,49.86,0.0224,-0.0146,3.04
2023-06-04 15:00:00,NODE_09,27.32405,88.62626,29.62,49.67,-0.0048,0.0053,3.04
2023-06-04 15:00:00,NODE_10,27.28763,88.57017,29.46,50.56,0.0069,-0.0182,3.04
2023-06-04 16:00:00,NODE_01,27.29535,88.6231,30.15,50.33,-0.0119,0.0127,3.04
2023-06-04 16:00:00,NODE_02,27.35987,88.66507,29.09,50.7,-0.0088,-0.0091,3.04
2023-06-04 16:00:00,NODE_03,27.32649,88.60522,29.98,50.07,0.0092,-0.0104,3.04
2023-06-04 16:00:00,NODE_04,27.36949,88.5676,29.76,50.21,0.0067,-0.0099,3.04
2023-06-04 16:00:00,NODE_05,27.35503,88.67429,29.25,50.05,0.0109,-0.0066,3.04
2023-06-04 16:00:00,NODE_06,27.3375,88.61639,30.18,50.09,0.0063,-0.0068,3.04
2023-06-04 16:00:00,NODE_07,27.35687,88.65051,29.35,50.32,0.0135,-0.0135,3.04
2023-06-04 16:00:00,NODE_08,27.3729,88.65823,30.11,50.01,-0.0149,0.0003,3.04
2023-06-04 16:00:00,NODE_09,27.32405,88.62626,29.62,50.63,-0.0191,0.0082,3.04
2023-06-04 16:00:00,NODE_10,27.28763,88.57017,30.13,50.34,0.0063,0.0014,3.04
2023-06-04 17:00:00,NODE_01,27.29535,88.6231,30.28,50.77,-0.0219,-0.0086,4.19
2023-06-04 17:00:00,NODE_02,27.35987,88.66507,29.4,50.57,0.0034,0.0078,4.19
2023-06-04 17:00:00,NODE_03,27.32649,88.60522,30.53,50.5,-0.0053,-0.0058,4.19
2023-06-04 17:00:00,NODE_04,27.36949,88.5676,29.32,50.9,0.0022,0.0004,4.19
2023-06-04 17:00:00,NODE_05,27.35503,88.67429,29.52,50.4,0.0035,0.0025,4.19
2023-06-04 17:00:00,NODE_06,27.3375,88.61639,29.34,50.8,0.0035,-0.0119,4.19
2023-06-04 17:00:00,NODE_07,27.35687,88.65051,29.82,50.06,-0.0011,-0.0075,4.19
2023-06-04 17:00:00,NODE_08,27.3729,88.65823,29.02,50.79,0.0049,0.0071,4.19
2023-06-04 17:00:00,NODE_09,27.32405,88.62626,29.23,51.26,-0.0097,0.0099,4.19
2023-06-04 17:00:00,NODE_10,27.28763,88.57017,28.8,50.5,-0.0046,0.0022,4.19
2023-06-04 18:00:00,NODE_01,27.29535,88.6231,30.46,50.11,0.0015,-0.0001,4.19
2023-06-04 18:00:00,NODE_02,27.35987,88.66507,30.22,50.7,-0.0074,-0.0145,4.19
2023-06-04 18:00:00,NODE_03,27.32649,88.60522,30.11,50.74,-0.008,0.008,4.19
2023-06-04 18:00:00,NODE_04,27.36949,88.5676,29.78,50.74,-0.0088,-0.0257,4.19
2023-06-04 18:00:00,NODE_05,27.35503,88.67429,29.95,50.7,-0.0344,0.01,4.19
2023-06-04 18:00:00,NODE_06,27.3375,88.61639,29.89,50.42,-0.0195,0.014,4.19
2023-06-04 18:00:00,NODE_07,27.35687,88.65051,29.99,50.63,-0.0186,-0.0126,4.19
2023-06-04 18:00:00,NODE_08,27.3729,88.65823,30.17,50.57,0.0183,0.003,4.19
2023-06-04 18:00:00,NODE_09,27.32405,88.62626,30.33,50.84,-0.0004,0.0008,4.19
2023-06-04 18:00:00,NODE_10,27.28763,88.57017,29.6,50.65,0.0053,-0.0019,4.19
2023-06-04 19:00:00,NODE_01,27.29535,88.6231,30.15,51.13,0.0032,-0.0173,4.19
2023-06-04 19:00:00,NODE_02,27.35987,88.66507,29.92,50.43,-0.0019,0.0124,4.19
2023-06-04 19:00:00,NODE_03,27.32649,88.60522,29.34,51.33,0.0136,0.013,4.19
2023-06-04 19:00:00,NODE_04,27.36949,88.5676,29.11,51.24,-0.0046,-0.0032,4.19
2023-06-04 19:00:00,NODE_05,27.35503,88.67429,30.03,50.79,0.0087,0.0033,4.19
2023-06-04 19:00:00,NODE_06,27.3375,88.61639,30.43,50.85,0.0063,0.0157,4.19
2023-06-04 19:00:00,NODE_07,27.35687,88.65051,29.59,50.91,0.0264,0.016,4.19
2023-06-04 19:00:00,NODE_08,27.3729,88.65823,30.18,50.62,-0.0117,0.011,4.19
2023-06-04 19:00:00,NODE_09,27.32405,88.62626,29.29,51.05,0.001,-0.0212,4.19
2023-06-04 19:00:00,NODE_10,27.28763,88.57017,29.82,50.81,-0.0069,0.0025,4.19
2023-06-04 20:00:00,NODE_01,27.29535,88.6231,30.41,51.03,0.0121,-0.0126,2.14
2023-06-04 20:00:00,NODE_02,27.35987,88.66507,29.74,50.8,0.0085,-0.0041,2.14
2023-06-04 20:00:00,NODE_03,27.32649,88.60522,29.32,50.59,-0.0152,0.011,2.14
2023-06-04 20:00:00,NODE_04,27.36949,88.5676,29.38,51.16,-0.0046,-0.0009,2.14
2023-06-04 20:00:00,NODE_05,27.35503,88.67429,29.36,51.45,0.0093,-0.0053,2.14
2023-06-04 20:00:00,NODE_06,27.3375,88.61639,29.98,51.21,-0.0157,-0.0104,2.14
2023-06-04 20:00:00,NODE_07,27.35687,88.65051,30.26,51.24,0.0013,-0.015,2.14
2023-06-04 20:00:00,NODE_08,27.3729,88.65823,29.58,51.33,0.01,-0.0016,2.14
2023-06-04 20:00:00,NODE_09,27.32405,88.62626,30.31,51.24,0.0074,0.0116,2.14
2023-06-04 20:00:00,NODE_10,27.28763,88.57017,30.21,51.19,-0.0063,0.0026,2.14
2023-06-04 21:00:00,NODE_01,27.29535,88.6231,29.04,51.15,0.0157,0.0105,2.14
2023-06-04 21:00:00,NODE_02,27.35987,88.66507,29.5,51.37,-0.007,-0.014,2.14
2023-06-04 21:00:00,NODE_03,27.32649,88.60522,29.64,50.93,0.0125,-0.0015,2.14
2023-06-04 21:00:00,NODE_04,27.36949,88.5676,30.05,51.08,-0.0084,-0.0136,2.14
2023-06-04 21:00:00,NODE_05,27.35503,88.67429,29.45,51.44,-0.003,-0.0028,2.14
2023-06-04 21:00:00,NODE_06,27.3375,88.61639,30.02,51.77,0.0135,-0.011,2.14
2023-06-04 21:00:00,NODE_07,27.35687,88.65051,29.9,51.21,-0.01,0.0015,2.14
2023-06-04 21:00:00,NODE_08,27.3729,88.65823,29.46,51.62,0.0113,-0.0055,2.14
2023-06-04 21:00:00,NODE_09,27.32405,88.62626,29.97,51.35,0.0081,-0.0089,2.14
2023-06-04 21:00:00,NODE_10,27.28763,88.57017,30.69,51.59,0.0078,-0.0132,2.14
2023-06-04 22:00:00,NODE_01,27.29535,88.6231,29.6,50.95,0.0157,-0.0047,2.14
2023-06-04 22:00:00,NODE_02,27.35987,88.66507,29.64,51.39,0.0079,0.0159,2.14
2023-06-04 22:00:00,NODE_03,27.32649,88.60522,29.62,52.21,0.0132,-0.0243,2.14
2023-06-04 22:00:00,NODE_04,27.36949,88.5676,29.63,51.2,0.0031,0.0151,2.14
2023-06-04 22:00:00,NODE_05,27.35503,88.67429,29.4,51.38,0.0099,0.0102,2.14
2023-06-04 22:00:00,NODE_06,27.3375,88.61639,29.17,51.44,0.0021,-0.0035,2.14
2023-06-04 22:00:00,NODE_07,27.35687,88.65051,30.06,51.33,0.0115,0.0044,2.14
2023-06-04 22:00:00,NODE_08,27.3729,88.65823,29.09,51.84,-0.0148,-0.0164,2.14
2023-06-04 22:00:00,NODE_09,27.32405,88.62626,29.64,52.16,-0.0155,-0.0113,2.14
2023-06-04 22:00:00,NODE_10,27.28763,88.57017,29.63,52.11,0.0043,0.0029,2.14
2023-06-04 23:00:00,NODE_01,27.29535,88.6231,29.31,51.7,-0.01,-0.0111,2.14
2023-06-04 23:00:00,NODE_02,27.35987,88.66507,29.77,51.61,0.0082,-0.0007,2.14
2023-06-04 23:00:00,NODE_03,27.32649,88.60522,28.96,51.43,0.0086,0.0039,2.14
2023-06-04 23:00:00,NODE_04,27.36949,88.5676,30.02,51.64,0.0042,-0.0059,2.14
2023-06-04 23:00:00,NODE_05,27.35503,88.67429,29.58,51.21,0.0063,-0.0109,2.14
2023-06-04 23:00:00,NODE_06,27.3375,88.61639,30.42,51.55,-0.0046,0.0034,2.14
2023-06-04 23:00:00,NODE_07,27.35687,88.65051,29.52,51.69,0.0204,0.0036,2.14
2023-06-04 23:00:00,NODE_08,27.3729,88.65823,29.52,51.93,0.0071,-0.0027,2.14
2023-06-04 23:00:00,NODE_09,27.32405,88.62626,29.79,51.36,0.0038,-0.011,2.14
2023-06-04 23:00:00,NODE_10,27.28763,88.57017,29.84,51.36,-0.0023,0.0056,2.14
2023-06-05 00:00:00,NODE_01,27.29535,88.6231,29.63,50.98,-0.0035,0.0023,2.14
2023-06-05 00:00:00,NODE_02,27.35987,88.66507,29.98,52.05,0.0105,0.0191,2.14
2023-06-05 00:00:00,NODE_03,27.32649,88.60522,29.91,51.08,-0.0069,0.0147,2.14
2023-06-05 00:00:00,NODE_04,27.36949,88.5676,28.8,51.86,0.0098,-0.0024,2.14
2023-06-05 00:00:00,NODE_05,27.35503,88.67429,30.38,51.35,-0.0069,-0.0094,2.14
2023-06-05 00:00:00,NODE_06,27.3375,88.61639,29.27,51.86,0.0099,-0.0018,2.14
2023-06-05 00:00:00,NODE_07,27.35687,88.65051,29.68,51.47,-0.002,0.0045,2.14
2023-06-05 00:00:00,NODE_08,27.3729,88.65823,29.51,51.54,-0.0027,0.0052,2.14
2023-06-05 00:00:00,NODE_09,27.32405,88.62626,29.71,51.48,0.0073,0.0248,2.14
2023-06-05 00:00:00,NODE_10,27.28763,88.57017,30.68,51.98,-0.0035,-0.016,2.14
2023-06-05 01:00:00,NODE_01,27.29535,88.6231,29.29,52.04,0.0048,-0.0052,2.14
2023-06-05 01:00:00,NODE_02,27.35987,88.66507,28.46,51.52,0.0014,0.0122,2.14
2023-06-05 01:00:00,NODE_03,27.32649,88.60522,29.08,51.61,-0.0082,0.0123,2.14
2023-06-05 01:00:00,NODE_04,27.36949,88.5676,29.42,52.05,-0.0086,-0.0059,2.14
2023-06-05 01:00:00,NODE_05,27.35503,88.67429,29.14,52.33,0.0127,0.006,2.14
2023-06-05 01:00:00,NODE_06,27.3375,88.61639,28.72,51.3,0.0035,0.005,2.14
2023-06-05 01:00:00,NODE_07,27.35687,88.65051,29.43,51.84,-0.001,0.0095,2.14
2023-06-05 01:00:00,NODE_08,27.3729,88.65823,29.83,52.03,-0.0006,0.0076,2.14
2023-06-05 01:00:00,NODE_09,27.32405,88.62626,29.35,51.82,0.0022,0.0044,2.14
2023-06-05 01:00:00,NODE_10,27.28763,88.57017,29.52,52.11,0.0017,0.0146,2.14
2023-06-05 02:00:00,NODE_01,27.29535,88.6231,29.38,51.52,0.0253,-0.0047,2.14
2023-06-05 02:00:00,NODE_02,27.35987,88.66507,29.11,51.93,0.0324,-0.008,2.14
2023-06-05 02:00:00,NODE_03,27.32649,88.60522,30.04,51.09,-0.0021,0.0046,2.14
2023-06-05 02:00:00,NODE_04,27.36949,88.5676,29.26,51.81,-0.0058,-0.0008,2.14
2023-06-05 02:00:00,NODE_05,27.35503,88.67429,29.06,51.57,-0.0127,-0.0044,2.14
2023-06-05 02:00:00,NODE_06,27.3375,88.61639,29.31,51.69,0.0132,-0.0005,2.14
2023-06-05 02:00:00,NODE_07,27.35687,88.65051,30.03,51.69,0.0024,-0.0045,2.14
2023-06-05 02:00:00,NODE_08,27.3729,88.65823,29.55,52.22,-0.0032,-0.014,2.14
2023-06-05 02:00:00,NODE_09,27.32405,88.62626,29.57,52.59,0.005,-0.0104,2.14
2023-06-05 02:00:00,NODE_10,27.28763,88.57017,29.63,52.01,-0.0184,-0.0124,2.14
2023-06-05 03:00:00,NODE_01,27.29535,88.6231,30.77,52.12,0.0148,0.0074,7.61
2023-06-05 03:00:00,NODE_02,27.35987,88.66507,30.08,52.19,0.0105,-0.0008,7.61
2023-06-05 03:00:00,NODE_03,27.32649,88.60522,30.75,52.14,-0.013,-0.0119,7.61
2023-06-05 03:00:00,NODE_04,27.36949,88.5676,30.4,52.08,0.0155,0.0131,7.61
2023-06-05 03:00:00,NODE_05,27.35503,88.67429,29.56,52.04,-0.0006,-0.0145,7.61
2023-06-05 03:00:00,NODE_06,27.3375,88.61639,29.04,52.05,0.0008,-0.0011,7.61
2023-06-05 03:00:00,NODE_07,27.35687,88.65051,30.06,52.36,-0.0111,0.0009,7.61
2023-06-05 03:00:00,NODE_08,27.3729,88.65823,29.59,52.06,0.0131,0.0118,7.61
2023-06-05 03:00:00,NODE_09,27.32405,88.62626,30.31,52.03,-0.0193,-0.0068,7.61
2023-06-05 03:00:00,NODE_10,27.28763,88.57017,29.52,51.95,-0.0076,-0.0114,7.61
2023-06-05 04:00:00,NODE_01,27.29535,88.6231,30.51,52.22,0.0112,-0.0116,7.61
2023-06-05 04:00:00,NODE_02,27.35987,88.66507,30.54,52.06,0.0032,0.0012,7.61
2023-06-05 04:00:00,NODE_03,27.32649,88.60522,30.48,52.46,-0.0096,-0.0053,7.61
2023-06-05 04:00:00,NODE_04,27.36949,88.5676,30.85,52.35,-0.0016,0.0247,7.61
2023-06-05 04:00:00,NODE_05,27.35503,88.67429,30.83,52.26,-0.0016,0.0135,7.61
2023-06-05 04:00:00,NODE_06,27.3375,88.61639,30.15,52.08,0.0014,0.0241,7.61
2023-06-05 04:00:00,NODE_07,27.35687,88.65051,30.58,51.69,-0.0069,-0.0029,7.61
2023-06-05 04:00:00,NODE_08,27.3729,88.65823,30.68,52.4,-0.0011,-0.0097,7.61
2023-06-05 04:00:00,NODE_09,27.32405,88.62626,30.2,52.48,-0.0099,-0.0,7.61
2023-06-05 04:00:00,NODE_10,27.28763,88.57017,31.36,52.5,-0.0127,0.002,7.61
2023-06-05 05:00:00,NODE_01,27.29535,88.6231,31.3,52.77,-0.0039,-0.0091,6.61
2023-06-05 05:00:00,NODE_02,27.35987,88.66507,31.3,52.85,-0.0088,0.0153,6.61
2023-06-05 05:00:00,NODE_03,27.32649,88.60522,31.31,52.11,0.0064,0.0193,6.61
2023-06-05 05:00:00,NODE_04,27.36949,88.5676,31.39,52.22,0.0003,0.0075,6.61
2023-06-05 05:00:00,NODE_05,27.35503,88.67429,31.12,52.22,-0.0083,-0.011,6.61
2023-06-05 05:00:00,NODE_06,27.3375,88.61639,32.16,51.95,-0.0029,-0.0053,6.61
2023-06-05 05:00:00,NODE_07,27.35687,88.65051,30.95,52.59,0.0178,0.013,6.61
2023-06-05 05:00:00,NODE_08,27.3729,88.65823,31.03,52.13,-0.0046,-0.0012,6.61
2023-06-05 05:00:00,NODE_09,27.32405,88.62626,31.27,52.83,0.0137,0.0054,6.61
2023-06-05 05:00:00,NODE_10,27.28763,88.57017,30.85,53.22,0.0001,0.0053,6.61
2023-06-05 06:00:00,NODE_01,27.29535,88.6231,30.95,52.54,-0.0088,0.0015,6.61
2023-06-05 06:00:00,NODE_02,27.35987,88.66507,31.15,52.85,-0.001,0.0044,6.61
2023-06-05 06:00:00,NODE_03,27.32649,88.60522,30.55,52.42,0.0065,-0.0142,6.61
2023-06-05 06:00:00,NODE_04,27.36949,88.5676,31.66,52.17,-0.0018,0.0109,6.61
2023-06-05 06:00:00,NODE_05,27.35503,88.67429,30.68,52.17,0.003,-0.002,6.61
2023-06-05 06:00:00,NODE_06,27.3375,88.61639,30.89,52.84,0.0026,0.0164,6.61
2023-06-05 06:00:00,NODE_07,27.35687,88.65051,30.84,52.52,-0.0013,0.021,6.61
2023-06-05 06:00:00,NODE_08,27.3729,88.65823,30.67,52.48,-0.0045,-0.0057,6.61
2023-06-05 06:00:00,NODE_09,27.32405,88.62626,29.99,52.9,-0.0028,0.0028,6.61
2023-06-05 06:00:00,NODE_10,27.28763,88.57017,31.15,52.84,0.0109,0.0078,6.61
2023-06-05 07:00:00,NODE_01,27.29535,88.6231,30.98,52.57,0.0079,0.0097,6.61
2023-06-05 07:00:00,NODE_02,27.35987,88.66507,30.83,52.84,0.0143,0.0018,6.61
2023-06-05 07:00:00,NODE_03,27.32649,88.60522,31.2,53.03,-0.0105,-0.0115,6.61
2023-06-05 07:00:00,NODE_04,27.36949,88.5676,30.8,52.47,0.0113,0.0172,6.61
2023-06-05 07:00:00,NODE_05,27.35503,88.67429,30.81,52.4,0.0131,-0.0062,6.61
2023-06-05 07:00:00,NODE_06,27.3375,88.61639,30.38,52.83,0.017,0.0145,6.61
2023-06-05 07:00:00,NODE_07,27.35687,88.65051,31.05,52.99,-0.0084,-0.0119,6.61
2023-06-05 07:00:00,NODE_08,27.3729,88.65823,30.32,52.94,-0.0034,0.0042,6.61
2023-06-05 07:00:00,NODE_09,27.32405,88.62626,30.18,53.13,0.0222,-0.0093,6.61
2023-06-05 07:00:00,NODE_10,27.28763,88.57017,31.05,52.7,0.0048,0.0056,6.61
2023-06-05 08:00:00,NODE_01,27.29535,88.6231,30.86,52.83,-0.011,0.0124,6.61
2023-06-05 08:00:00,NODE_02,27.35987,88.66507,30.65,53.49,0.0171,-0.002,6.61
2023-06-05 08:00:00,NODE_03,27.32649,88.60522,30.66,52.42,0.0068,0.0094,6.61
2023-06-05 08:00:00,NODE_04,27.36949,88.5676,31.4,52.85,0.0117,0.0025,6.61
2023-06-05 08:00:00,NODE_05,27.35503,88.67429,30.55,52.66,0.0125,-0.003,6.61
2023-06-05 08:00:00,NODE_06,27.3375,88.61639,30.87,52.98,-0.005,0.005,6.61
2023-06-05 08:00:00,NODE_07,27.35687,88.65051,31.19,52.66,-0.0045,-0.0203,6.61
2023-06-05 08:00:00,NODE_08,27.3729,88.65823,31.11,53.46,-0.0108,0.0009,6.61
2023-06-05 08:00:00,NODE_09,27.32405,88.62626,31.09,53.43,-0.0128,0.0032,6.61
2023-06-05 08:00:00,NODE_10,27.28763,88.57017,30.9,53.08,-0.0051,-0.0052,6.61
2023-06-05 09:00:00,NODE_01,27.29535,88.6231,30.95,53.56,-0.0024,-0.0067,6.61
2023-06-05 09:00:00,NODE_02,27.35987,88.66507,30.68,52.69,0.0148,-0.0005,6.61
2023-06-05 09:00:00,NODE_03,27.32649,88.60522,30.34,52.74,0.0045,-0.0043,6.61
2023-06-05 09:00:00,NODE_04,27.36949,88.5676,30.36,53.32,0.0111,0.0157,6.61
2023-06-05 09:00:00,NODE_05,27.35503,88.67429,30.89,52.8,0.0072,-0.0088,6.61
2023-06-05 09:00:00,NODE_06,27.3375,88.61639,30.41,52.92,0.0065,-0.0193,6.61
2023-06-05 09:00:00,NODE_07,27.35687,88.65051,30.5,53.11,0.0107,0.0057,6.61
2023-06-05 09:00:00,NODE_08,27.3729,88.65823,30.95,53.54,-0.0047,0.0068,6.61
2023-06-05 09:00:00,NODE_09,27.32405,88.62626,30.61,53.27,0.0156,-0.0061,6.61
2023-06-05 09:00:00,NODE_10,27.28763,88.57017,30.6,52.98,-0.0071,0.0011,6.61
2023-06-05 10:00:00,NODE_01,27.29535,88.6231,31.15,53.53,-0.0011,0.0094,6.61
2023-06-05 10:00:00,NODE_02,27.35987,88.66507,31.15,53.33,0.0079,0.013,6.61
2023-06-05 10:00:00,NODE_03,27.32649,88.60522,30.57,53.25,0.0151,-0.0118,6.61
2023-06-05 10:00:00,NODE_04,27.36949,88.5676,30.25,53.7,0.0003,0.0079,6.61
2023-06-05 10:00:00,NODE_05,27.35503,88.67429,31.76,53.61,-0.017,0.0071,6.61
2023-06-05 10:00:00,NODE_06,27.3375,88.61639,31.03,53.34,-0.0088,0.0003,6.61
2023-06-05 10:00:00,NODE_07,27.35687,88.65051,30.74,53.29,-0.0198,0.0107,6.61
2023-06-05 10:00:00,NODE_08,27.3729,88.65823,30.91,53.58,0.0012,0.0184,6.61
2023-06-05 10:00:00,NODE_09,27.32405,88.62626,30.35,53.21,-0.0061,0.0105,6.61
2023-06-05 10:00:00,NODE_10,27.28763,88.57017,30.78,53.51,-0.0075,-0.0032,6.61
2023-06-05 11:00:00,NODE_01,27.29535,88.6231,31.26,53.45,0.0159,-0.0078,6.61
2023-06-05 11:00:00,NODE_02,27.35987,88.66507,30.31,53.63,-0.0126,0.0,6.61
2023-06-05 11:00:00,NODE_03,27.32649,88.60522,30.42,53.26,0.0057,0.0153,6.61
2023-06-05 11:00:00,NODE_04,27.36949,88.5676,30.9,53.1,-0.0087,0.0014,6.61
2023-06-05 11:00:00,NODE_05,27.35503,88.67429,30.82,53.4,-0.0134,0.0011,6.61
2023-06-05 11:00:00,NODE_06,27.3375,88.61639,30.25,53.65,-0.0207,-0.0051,6.61
2023-06-05 11:00:00,NODE_07,27.35687,88.65051,30.68,53.59,0.0025,0.0196,6.61
2023-06-05 11:00:00,NODE_08,27.3729,88.65823,30.31,53.58,0.004,0.004,6.61
2023-06-05 11:00:00,NODE_09,27.32405,88.62626,30.58,53.55,0.0086,0.0006,6.61
2023-06-05 11:00:00,NODE_10,27.28763,88.57017,31.3,53.9,0.02,0.0017,6.61
2023-06-05 12:00:00,NODE_01,27.29535,88.6231,30.64,53.68,-0.0035,0.0183,6.61
2023-06-05 12:00:00,NODE_02,27.35987,88.66507,30.49,53.41,0.0049,-0.0039,6.61
2023-06-05 12:00:00,NODE_03,27.32649,88.60522,30.39,53.57,0.0106,0.0046,6.61
2023-06-05 12:00:00,NODE_04,27.36949,88.5676,29.92,53.5,0.0193,0.0035,6.61
2023-06-05 12:00:00,NODE_05,27.35503,88.67429,30.48,53.43,0.0017,0.0098,6.61
2023-06-05 12:00:00,NODE_06,27.3375,88.61639,30.63,53.58,0.0021,0.0002,6.61
2023-06-05 12:00:00,NODE_07,27.35687,88.65051,30.66,53.32,0.0246,0.0074,6.61
2023-06-05 12:00:00,NODE_08,27.3729,88.65823,30.59,53.71,0.012,-0.0058,6.61
2023-06-05 12:00:00,NODE_09,27.32405,88.62626,30.36,53.57,-0.003,-0.0076,6.61
2023-06-05 12:00:00,NODE_10,27.28763,88.57017,31.43,53.67,0.0007,0.0007,6.61
2023-06-05 13:00:00,NODE_01,27.29535,88.6231,30.67,53.46,-0.0244,-0.0113,6.61
2023-06-05 13:00:00,NODE_02,27.35987,88.66507,30.51,53.94,-0.0124,-0.0056,6.61
2023-06-05 13:00:00,NODE_03,27.32649,88.60522,30.82,53.43,0.0048,-0.0038,6.61
2023-06-05 13:00:00,NODE_04,27.36949,88.5676,30.66,53.73,0.0086,-0.0182,6.61
2023-06-05 13:00:00,NODE_05,27.35503,88.67429,30.17,53.79,-0.0003,-0.0061,6.61
2023-06-05 13:00:00,NODE_06,27.3375,88.61639,29.98,53.95,0.0037,-0.0106,6.61
2023-06-05 13:00:00,NODE_07,27.35687,88.65051,29.75,53.99,0.0203,0.014,6.61
2023-06-05 13:00:00,NODE_08,27.3729,88.65823,29.89,53.46,0.0024,0.0046,6.61
2023-06-05 13:00:00,NODE_09,27.32405,88.62626,30.04,54.58,0.0012,0.0069,6.61
2023-06-05 13:00:00,NODE_10,27.28763,88.57017,30.37,53.08,0.002,-0.005,6.61
2023-06-05 14:00:00,NODE_01,27.29535,88.6231,29.89,54.22,0.005,0.0133,6.61
2023-06-05 14:00:00,NODE_02,27.35987,88.66507,30.98,53.68,-0.0149,-0.0055,6.61
2023-06-05 14:00:00,NODE_03,27.32649,88.60522,30.04,54.03,0.0098,-0.0115,6.61
2023-06-05 14:00:00,NODE_04,27.36949,88.5676,30.39,54.22,-0.0046,0.0029,6.61
2023-06-05 14:00:00,NODE_05,27.35503,88.67429,29.82,54.13,-0.005,0.0213,6.61
2023-06-05 14:00:00,NODE_06,27.3375,88.61639,31.39,53.74,-0.0011,0.0076,6.61
2023-06-05 14:00:00,NODE_07,27.35687,88.65051,29.98,53.39,0.0057,0.0166,6.61
2023-06-05 14:00:00,NODE_08,27.3729,88.65823,29.96,53.79,-0.0047,0.0195,6.61
2023-06-05 14:00:00,NODE_09,27.32405,88.62626,29.7,53.81,0.006,0.0038,6.61
2023-06-05 14:00:00,NODE_10,27.28763,88.57017,30.17,54.31,-0.0211,-0.0035,6.61
2023-06-05 15:00:00,NODE_01,27.29535,88.6231,30.24,53.73,-0.007,-0.0066,6.61
2023-06-05 15:00:00,NODE_02,27.35987,88.66507,30.15,54.38,0.0024,-0.014,6.61
2023-06-05 15:00:00,NODE_03,27.32649,88.60522,30.97,54.07,-0.0129,0.0205,6.61
2023-06-05 15:00:00,NODE_04,27.36949,88.5676,30.7,53.97,0.0142,-0.0154,6.61
2023-06-05 15:00:00,NODE_05,27.35503,88.67429,30.57,53.98,0.0191,-0.019,6.61
2023-06-05 15:00:00,NODE_06,27.3375,88.61639,30.47,54.16,-0.015,0.0098,6.61
2023-06-05 15:00:00,NODE_07,27.35687,88.65051,29.73,53.88,0.0132,0.0146,6.61
2023-06-05 15:00:00,NODE_08,27.3729,88.65823,30.29,53.94,-0.0101,0.0066,6.61
2023-06-05 15:00:00,NODE_09,27.32405,88.62626,29.49,54.24,-0.0061,-0.0047,6.61
2023-06-05 15:00:00,NODE_10,27.28763,88.57017,29.95,54.23,-0.0118,-0.0185,6.61
2023-06-05 16:00:00,NODE_01,27.29535,88.6231,30.9,54.63,0.0004,0.0201,9.4
2023-06-05 16:00:00,NODE_02,27.35987,88.66507,30.9,54.64,0.0052,-0.0075,9.4
2023-06-05 16:00:00,NODE_03,27.32649,88.60522,29.99,54.42,-0.0012,-0.0002,9.4
2023-06-05 16:00:00,NODE_04,27.36949,88.5676,30.5,54.15,-0.0054,-0.0163,9.4
2023-06-05 16:00:00,NODE_05,27.35503,88.67429,30.79,54.5,0.0011,-0.0159,9.4
2023-06-05 16:00:00,NODE_06,27.3375,88.61639,30.46,54.63,0.003,0.0117,9.4
2023-06-05 16:00:00,NODE_07,27.35687,88.65051,30.53,53.75,0.0131,0.0088,9.4
2023-06-05 16:00:00,NODE_08,27.3729,88.65823,30.62,54.48,0.0029,0.0095,9.4
2023-06-05 16:00:00,NODE_09,27.32405,88.62626,30.81,53.77,0.008,0.0073,9.4
2023-06-05 16:00:00,NODE_10,27.28763,88.57017,31.59,54.31,-0.0004,0.0083,9.4
2023-06-05 17:00:00,NODE_01,27.29535,88.6231,31.48,54.6,-0.0009,0.0059,11.47
2023-06-05 17:00:00,NODE_02,27.35987,88.66507,31.63,54.56,0.009,0.015,11.47
2023-06-05 17:00:00,NODE_03,27.32649,88.60522,31.78,54.47,-0.0004,0.014,11.47
2023-06-05 17:00:00,NODE_04,27.36949,88.5676,31.16,54.01,0.0141,0.0019,11.47
2023-06-05 17:00:00,NODE_05,27.35503,88.67429,30.95,53.99,0.0054,0.0175,11.47
2023-06-05 17:00:00,NODE_06,27.3375,88.61639,31.02,54.81,0.0027,-0.0038,11.47
2023-06-05 17:00:00,NODE_07,27.35687,88.65051,30.78,54.59,-0.0013,-0.0128,11.47
2023-06-05 17:00:00,NODE_08,27.3729,88.65823,30.49,54.73,-0.0012,-0.0159,11.47
2023-06-05 17:00:00,NODE_09,27.32405,88.62626,30.97,54.39,-0.0027,0.0063,11.47
2023-06-05 17:00:00,NODE_10,27.28763,88.57017,31.19,54.47,-0.005,0.003,11.47
2023-06-05 18:00:00,NODE_01,27.29535,88.6231,31.83,55.43,-0.0027,-0.0102,11.47
2023-06-05 18:00:00,NODE_02,27.35987,88.66507,31.72,54.09,0.005,-0.0021,11.47
2023-06-05 18:00:00,NODE_03,27.32649,88.60522,31.34,54.64,-0.0024,0.0089,11.47
2023-06-05 18:00:00,NODE_04,27.36949,88.5676,31.95,54.74,0.0148,-0.0111,11.47
2023-06-05 18:00:00,NODE_05,27.35503,88.67429,32.23,54.88,0.0099,0.0047,11.47
2023-06-05 18:00:00,NODE_06,27.3375,88.61639,31.52,55.0,-0.0089,-0.0106,11.47
2023-06-05 18:00:00,NODE_07,27.35687,88.65051,31.55,54.6,0.0092,-0.0001,11.47
2023-06-05 18:00:00,NODE_08,27.3729,88.65823,31.32,54.8,-0.0008,0.0039,11.47
2023-06-05 18:00:00,NODE_09,27.32405,88.62626,32.13,54.41,0.0018,0.012,11.47
2023-06-05 18:00:00,NODE_10,27.28763,88.57017,32.19,54.98,0.0013,-0.0231,11.47
2023-06-05 19:00:00,NODE_01,27.29535,88.6231,32.37,54.56,0.0079,-0.0052,11.47
2023-06-05 19:00:00,NODE_02,27.35987,88.66507,31.94,54.54,0.0053,0.007,11.47
2023-06-05 19:00:00,NODE_03,27.32649,88.60522,32.02,54.31,0.0044,-0.0052,11.47
2023-06-05 19:00:00,NODE_04,27.36949,88.5676,31.75,54.72,-0.0092,-0.0001,11.47
2023-06-05 19:00:00,NODE_05,27.35503,88.67429,32.03,54.7,0.0005,0.0034,11.47
2023-06-05 19:00:00,NODE_06,27.3375,88.61639,31.72,54.86,-0.0135,0.0035,11.47
2023-06-05 19:00:00,NODE_07,27.35687,88.65051,31.54,54.77,0.0179,0.003,11.47
2023-06-05 19:00:00,NODE_08,27.3729,88.65823,31.87,55.09,0.0026,-0.0027,11.47
2023-06-05 19:00:00,NODE_09,27.32405,88.62626,31.85,54.86,-0.0265,0.0071,11.47
2023-06-05 19:00:00,NODE_10,27.28763,88.57017,32.3,54.91,0.0012,0.0079,11.47
2023-06-05 20:00:00,NODE_01,27.29535,88.6231,32.55,55.06,-0.0153,0.0078,15.2
2023-06-05 20:00:00,NODE_02,27.35987,88.66507,32.22,55.19,-0.0098,-0.0248,15.2
2023-06-05 20:00:00,NODE_03,27.32649,88.60522,32.15,55.08,0.0063,-0.0051,15.2
2023-06-05 20:00:00,NODE_04,27.36949,88.5676,32.07,54.76,0.0058,0.0014,15.2
2023-06-05 20:00:00,NODE_05,27.35503,88.67429,32.66,54.89,0.0259,0.0043,15.2
2023-06-05 20:00:00,NODE_06,27.3375,88.61639,32.03,54.96,-0.0025,0.0176,15.2
2023-06-05 20:00:00,NODE_07,27.35687,88.65051,32.19,55.25,-0.0126,-0.001,15.2
2023-06-05 20:00:00,NODE_08,27.3729,88.65823,32.73,54.93,0.0052,-0.0068,15.2
2023-06-05 20:00:00,NODE_09,27.32405,88.62626,32.49,55.05,-0.0034,-0.0021,15.2
2023-06-05 20:00:00,NODE_10,27.28763,88.57017,33.23,55.52,0.006,-0.0005,15.2
2023-06-05 21:00:00,NODE_01,27.29535,88.6231,33.16,55.85,-0.0052,0.0105,15.2
2023-06-05 21:00:00,NODE_02,27.35987,88.66507,32.57,55.24,-0.001,0.0057,15.2
2023-06-05 21:00:00,NODE_03,27.32649,88.60522,32.54,55.03,0.0039,0.0145,15.2
2023-06-05 21:00:00,NODE_04,27.36949,88.5676,32.86,55.08,0.0078,0.0018,15.2
2023-06-05 21:00:00,NODE_05,27.35503,88.67429,32.79,54.91,-0.0094,0.0057,15.2
2023-06-05 21:00:00,NODE_06,27.3375,88.61639,33.35,55.02,0.0065,0.0007,15.2
2023-06-05 21:00:00,NODE_07,27.35687,88.65051,32.23,54.9,0.0058,-0.0004,15.2
2023-06-05 21:00:00,NODE_08,27.3729,88.65823,32.35,54.81,0.0027,-0.0002,15.2
2023-06-05 21:00:00,NODE_09,27.32405,88.62626,32.62,55.47,0.0126,-0.0169,15.2
2023-06-05 21:00:00,NODE_10,27.28763,88.57017,32.58,55.75,-0.0187,-0.0094,15.2
2023-06-05 22:00:00,NODE_01,27.29535,88.6231,33.11,55.9,0.0068,-0.0007,15.2
2023-06-05 22:00:00,NODE_02,27.35987,88.66507,33.34,54.65,-0.0151,-0.0016,15.2
2023-06-05 22:00:00,NODE_03,27.32649,88.60522,33.32,55.31,-0.0018,0.0146,15.2
2023-06-05 22:00:00,NODE_04,27.36949,88.5676,32.98,55.72,0.0261,-0.009,15.2
2023-06-05 22:00:00,NODE_05,27.35503,88.67429,32.92,54.98,-0.0061,0.003,15.2
2023-06-05 22:00:00,NODE_06,27.3375,88.61639,32.77,54.83,0.0042,0.0045,15.2
2023-06-05 22:00:00,NODE_07,27.35687,88.65051,33.3,55.39,0.0036,0.0157,15.2
2023-06-05 22:00:00,NODE_08,27.3729,88.65823,33.05,55.31,-0.0017,0.0011,15.2
2023-06-05 22:00:00,NODE_09,27.32405,88.62626,33.01,55.68,0.0069,0.0019,15.2
2023-06-05 22:00:00,NODE_10,27.28763,88.57017,32.55,55.61,-0.0111,-0.0103,15.2
2023-06-05 23:00:00,NODE_01,27.29535,88.6231,32.73,55.58,-0.0061,0.0004,15.2
2023-06-05 23:00:00,NODE_02,27.35987,88.66507,32.97,56.07,-0.02,-0.0048,15.2
2023-06-05 23:00:00,NODE_03,27.32649,88.60522,33.48,55.92,-0.0074,-0.0188,15.2
2023-06-05 23:00:00,NODE_04,27.36949,88.5676,32.71,55.32,-0.0074,0.009,15.2
2023-06-05 23:00:00,NODE_05,27.35503,88.67429,32.49,55.1,-0.0094,-0.0097,15.2
2023-06-05 23:00:00,NODE_06,27.3375,88.61639,32.02,55.19,-0.0088,-0.0023,15.2
2023-06-05 23:00:00,NODE_07,27.35687,88.65051,33.07,55.47,0.001,-0.0076,15.2
2023-06-05 23:00:00,NODE_08,27.3729,88.65823,32.97,55.34,-0.008,-0.0062,15.2
2023-06-05 23:00:00,NODE_09,27.32405,88.62626,32.91,55.5,0.0089,0.0034,15.2
2023-06-05 23:00:00,NODE_10,27.28763,88.57017,33.62,55.79,-0.001,-0.0069,15.2
2023-06-06 00:00:00,NODE_01,27.29535,88.6231,32.89,56.11,-0.0161,0.0076,15.2
2023-06-06 00:00:00,NODE_02,27.35987,88.66507,32.85,55.98,0.0074,0.0018,15.2
2023-06-06 00:00:00,NODE_03,27.32649,88.60522,33.23,55.64,0.011,0.0055,15.2
2023-06-06 00:00:00,NODE_04,27.36949,88.5676,32.72,55.6,0.0143,-0.0009,15.2
2023-06-06 00:00:00,NODE_05,27.35503,88.67429,32.7,55.61,0.0156,0.0082,15.2
2023-06-06 00:00:00,NODE_06,27.3375,88.61639,32.29,55.78,0.0014,-0.005,15.2
2023-06-06 00:00:00,NODE_07,27.35687,88.65051,32.82,55.66,0.0001,0.008,15.2
2023-06-06 00:00:00,NODE_08,27.3729,88.65823,32.66,56.0,-0.0061,0.0019,15.2
2023-06-06 00:00:00,NODE_09,27.32405,88.62626,32.58,55.48,0.0005,0.0005,15.2
2023-06-06 00:00:00,NODE_10,27.28763,88.57017,33.12,56.24,-0.0065,-0.0093,15.2
2023-06-06 01:00:00,NODE_01,27.29535,88.6231,31.47,56.28,0.0067,0.0013,15.2
2023-06-06 01:00:00,NODE_02,27.35987,88.66507,32.19,55.94,-0.0075,-0.005,15.2
2023-06-06 01:00:00,NODE_03,27.32649,88.60522,32.48,56.52,0.0035,-0.0012,15.2
2023-06-06 01:00:00,NODE_04,27.36949,88.5676,33.28,56.48,0.0002,0.0044,15.2
2023-06-06 01:00:00,NODE_05,27.35503,88.67429,32.98,56.26,0.008,0.0066,15.2
2023-06-06 01:00:00,NODE_06,27.3375,88.61639,33.01,56.03,0.0089,0.0066,15.2
2023-06-06 01:00:00,NODE_07,27.35687,88.65051,32.52,56.33,0.0023,0.0032,15.2
2023-06-06 01:00:00,NODE_08,27.3729,88.65823,32.75,55.95,0.0085,-0.0017,15.2
2023-06-06 01:00:00,NODE_09,27.32405,88.62626,32.15,55.76,0.0168,-0.0301,15.2
2023-06-06 01:00:00,NODE_10,27.28763,88.57017,32.82,56.41,-0.0031,-0.008,15.2
2023-06-06 02:00:00,NODE_01,27.29535,88.6231,33.35,56.61,0.0112,-0.0129,20.97
2023-06-06 02:00:00,NODE_02,27.35987,88.66507,32.81,56.73,0.0087,-0.0212,20.97
2023-06-06 02:00:00,NODE_03,27.32649,88.60522,33.27,56.81,-0.0102,-0.0103,20.97
2023-06-06 02:00:00,NODE_04,27.36949,88.5676,33.02,56.38,-0.0124,-0.012,20.97
2023-06-06 02:00:00,NODE_05,27.35503,88.67429,33.0,56.05,-0.0054,0.0143,20.97
2023-06-06 02:00:00,NODE_06,27.3375,88.61639,33.1,56.73,-0.0117,-0.0011,20.97
2023-06-06 02:00:00,NODE_07,27.35687,88.65051,32.38,56.8,0.0032,-0.0086,20.97
2023-06-06 02:00:00,NODE_08,27.3729,88.65823,32.66,56.27,-0.0042,0.007,20.97
2023-06-06 02:00:00,NODE_09,27.32405,88.62626,33.51,56.35,0.0029,0.0068,20.97
2023-06-06 02:00:00,NODE_10,27.28763,88.57017,33.81,56.19,0.0011,0.017,20.97
2023-06-06 03:00:00,NODE_01,27.29535,88.6231,32.29,56.54,-0.0004,-0.0081,15.51
2023-06-06 03:00:00,NODE_02,27.35987,88.66507,34.61,56.48,0.0111,0.0092,15.51
2023-06-06 03:00:00,NODE_03,27.32649,88.60522,33.44,56.86,-0.0019,0.0026,15.51
2023-06-06 03:00:00,NODE_04,27.36949,88.5676,33.56,56.81,-0.0012,-0.0018,15.51
2023-06-06 03:00:00,NODE_05,27.35503,88.67429,33.93,56.12,-0.0086,0.0176,15.51
2023-06-06 03:00:00,NODE_06,27.3375,88.61639,33.7,56.95,0.0006,0.004,15.51
2023-06-06 03:00:00,NODE_07,27.35687,88.65051,33.57,56.3,0.0112,-0.0108,15.51
2023-06-06 03:00:00,NODE_08,27.3729,88.65823,33.49,56.76,-0.0135,0.0023,15.51
2023-06-06 03:00:00,NODE_09,27.32405,88.62626,34.39,56.57,-0.0066,-0.0091,15.51
2023-06-06 03:00:00,NODE_10,27.28763,88.57017,33.96,57.55,-0.0074,0.0037,15.51
2023-06-06 04:00:00,NODE_01,27.29535,88.6231,33.6,56.95,-0.0196,0.0024,15.51
2023-06-06 04:00:00,NODE_02,27.35987,88.66507,34.22,56.74,-0.0062,0.0024,15.51
2023-06-06 04:00:00,NODE_03,27.32649,88.60522,33.9,56.61,-0.0174,-0.0135,15.51
2023-06-06 04:00:00,NODE_04,27.36949,88.5676,33.61,56.99,0.0,0.011,15.51
2023-06-06 04:00:00,NODE_05,27.35503,88.67429,33.86,56.57,0.0138,0.0033,15.51
2023-06-06 04:00:00,NODE_06,27.3375,88.61639,34.76,56.6,0.0134,0.0051,15.51
2023-06-06 04:00:00,NODE_07,27.35687,88.65051,33.99,56.94,0.0048,-0.017,15.51
2023-06-06 04:00:00,NODE_08,27.3729,88.65823,34.87,56.59,0.0116,0.0038,15.51
2023-06-06 04:00:00,NODE_09,27.32405,88.62626,34.96,56.87,0.0086,0.0069,15.51
2023-06-06 04:00:00,NODE_10,27.28763,88.57017,34.92,57.47,0.0019,0.0204,15.51
2023-06-06 05:00:00,NODE_01,27.29535,88.6231,34.7,56.74,0.0071,0.0122,18.68
2023-06-06 05:00:00,NODE_02,27.35987,88.66507,34.21,57.33,0.0059,-0.0031,18.68
2023-06-06 05:00:00,NODE_03,27.32649,88.60522,34.06,56.51,0.0004,-0.0047,18.68
2023-06-06 05:00:00,NODE_04,27.36949,88.5676,34.51,57.13,-0.0106,0.0097,18.68
2023-06-06 05:00:00,NODE_05,27.35503,88.67429,34.84,57.01,0.0036,-0.0123,18.68
2023-06-06 05:00:00,NODE_06,27.3375,88.61639,34.21,57.33,-0.0127,0.0035,18.68
2023-06-06 05:00:00,NODE_07,27.35687,88.65051,34.62,57.05,-0.0018,0.0049,18.68
2023-06-06 05:00:00,NODE_08,27.3729,88.65823,35.13,57.38,-0.0094,0.0098,18.68
2023-06-06 05:00:00,NODE_09,27.32405,88.62626,34.3,56.91,0.0092,0.017,18.68
2023-06-06 05:00:00,NODE_10,27.28763,88.57017,34.62,57.41,0.0054,0.0023,18.68
2023-06-06 06:00:00,NODE_01,27.29535,88.6231,34.94,57.52,-0.0166,0.0162,18.68
2023-06-06 06:00:00,NODE_02,27.35987,88.66507,35.32,58.04,-0.0066,-0.0097,18.68
2023-06-06 06:00:00,NODE_03,27.32649,88.60522,34.58,57.77,-0.002,-0.008,18.68
2023-06-06 06:00:00,NODE_04,27.36949,88.5676,35.01,57.32,0.0031,-0.008,18.68
2023-06-06 06:00:00,NODE_05,27.35503,88.67429,34.88,57.31,0.0141,0.0177,18.68
2023-06-06 06:00:00,NODE_06,27.3375,88.61639,35.0,57.24,0.0116,0.0056,18.68
2023-06-06 06:00:00,NODE_07,27.35687,88.65051,35.0,57.33,-0.0084,-0.0006,18.68
2023-06-06 06:00:00,NODE_08,27.3729,88.65823,35.09,56.98,0.0004,0.0055,18.68
2023-06-06 06:00:00,NODE_09,27.32405,88.62626,34.46,57.8,0.0063,-0.0025,18.68
2023-06-06 06:00:00,NODE_10,27.28763,88.57017,35.11,57.27,0.0007,0.0058,18.68
2023-06-06 07:00:00,NODE_01,27.29535,88.6231,34.51,57.9,0.0031,0.0078,18.68
2023-06-06 07:00:00,NODE_02,27.35987,88.66507,35.09,58.31,-0.0185,-0.0147,18.68
2023-06-06 07:00:00,NODE_03,27.32649,88.60522,35.08,57.77,-0.0057,-0.005,18.68
2023-06-06 07:00:00,NODE_04,27.36949,88.5676,35.31,57.98,0.0096,-0.0055,18.68
2023-06-06 07:00:00,NODE_05,27.35503,88.67429,34.49,57.68,-0.0006,-0.0102,18.68
2023-06-06 07:00:00,NODE_06,27.3375,88.61639,34.71,57.89,0.0162,-0.0085,18.68
2023-06-06 07:00:00,NODE_07,27.35687,88.65051,35.11,57.61,-0.0047,-0.0083,18.68
2023-06-06 07:00:00,NODE_08,27.3729,88.65823,35.42,57.8,0.0049,-0.0001,18.68
2023-06-06 07:00:00,NODE_09,27.32405,88.62626,34.75,57.25,-0.004,0.0044,18.68
2023-06-06 07:00:00,NODE_10,27.28763,88.57017,35.19,58.11,0.0072,-0.0088,18.68
2023-06-06 08:00:00,NODE_01,27.29535,88.6231,34.54,57.99,-0.0089,0.0029,18.68
2023-06-06 08:00:00,NODE_02,27.35987,88.66507,35.06,58.26,0.0012,0.0022,18.68
2023-06-06 08:00:00,NODE_03,27.32649,88.60522,34.06,57.81,0.0158,-0.0007,18.68
2023-06-06 08:00:00,NODE_04,27.36949,88.5676,34.87,58.39,0.0024,-0.0099,18.68
2023-06-06 08:00:00,NODE_05,27.35503,88.67429,34.74,58.34,0.0051,0.0034,18.68
2023-06-06 08:00:00,NODE_06,27.3375,88.61639,35.06,58.25,-0.0022,-0.0091,18.68
2023-06-06 08:00:00,NODE_07,27.35687,88.65051,35.33,57.76,0.0026,-0.0188,18.68
2023-06-06 08:00:00,NODE_08,27.3729,88.65823,34.1,58.01,0.0,-0.0209,18.68
2023-06-06 08:00:00,NODE_09,27.32405,88.62626,34.76,57.83,0.0028,0.0003,18.68
2023-06-06 08:00:00,NODE_10,27.28763,88.57017,34.7,58.31,-0.0217,-0.0017,18.68
2023-06-06 09:00:00,NODE_01,27.29535,88.6231,35.23,57.89,-0.0116,0.0075,18.68
2023-06-06 09:00:00,NODE_02,27.35987,88.66507,34.62,58.61,-0.0047,0.0161,18.68
2023-06-06 09:00:00,NODE_03,27.32649,88.60522,34.66,58.69,-0.0116,-0.0102,18.68
2023-06-06 09:00:00,NODE_04,27.36949,88.5676,35.06,58.69,-0.0054,-0.0066,18.68
2023-06-06 09:00:00,NODE_05,27.35503,88.67429,35.05,58.72,0.003,-0.0026,18.68
2023-06-06 09:00:00,NODE_06,27.3375,88.61639,34.52,58.7,-0.0034,-0.0004,18.68
2023-06-06 09:00:00,NODE_07,27.35687,88.65051,34.45,57.11,-0.0071,0.0043,18.68
2023-06-06 09:00:00,NODE_08,27.3729,88.65823,34.3,58.61,-0.0248,0.0051,18.68
2023-06-06 09:00:00,NODE_09,27.32405,88.62626,34.66,58.01,0.0139,0.0053,18.68
2023-06-06 09:00:00,NODE_10,27.28763,88.57017,34.6,58.79,-0.0059,-0.0008,18.68
2023-06-06 10:00:00,NODE_01,27.29535,88.6231,34.34,58.98,-0.0044,-0.0067,18.68
2023-06-06 10:00:00,NODE_02,27.35987,88.66507,34.41,59.03,-0.0044,0.002,18.68
2023-06-06 10:00:00,NODE_03,27.32649,88.60522,35.14,58.39,0.0071,0.0157,18.68
2023-06-06 10:00:00,NODE_04,27.36949,88.5676,34.83,58.34,-0.0015,-0.014,18.68
2023-06-06 10:00:00,NODE_05,27.35503,88.67429,34.03,59.26,-0.0062,-0.0043,18.68
2023-06-06 10:00:00,NODE_06,27.3375,88.61639,34.44,58.5,0.0103,-0.0002,18.68
2023-06-06 10:00:00,NODE_07,27.35687,88.65051,34.29,58.97,0.0095,-0.0017,18.68
2023-06-06 10:00:00,NODE_08,27.3729,88.65823,34.41,58.27,0.0039,-0.0091,18.68
2023-06-06 10:00:00,NODE_09,27.32405,88.62626,34.13,58.57,0.0048,0.001,18.68
2023-06-06 10:00:00,NODE_10,27.28763,88.57017,34.38,58.47,0.0089,0.0062,18.68
2023-06-06 11:00:00,NODE_01,27.29535,88.6231,35.29,59.11,-0.0018,-0.0015,18.68
2023-06-06 11:00:00,NODE_02,27.35987,88.66507,34.32,58.73,0.0198,-0.0138,18.68
2023-06-06 11:00:00,NODE_03,27.32649,88.60522,34.84,58.83,0.0219,0.0049,18.68
2023-06-06 11:00:00,NODE_04,27.36949,88.5676,34.84,59.41,-0.0,-0.0014,18.68
2023-06-06 11:00:00,NODE_05,27.35503,88.67429,33.96,58.47,-0.0014,0.0076,18.68
2023-06-06 11:00:00,NODE_06,27.3375,88.61639,34.72,59.26,-0.0019,-0.0052,18.68
2023-06-06 11:00:00,NODE_07,27.35687,88.65051,34.81,58.62,0.0043,-0.0071,18.68
2023-06-06 11:00:00,NODE_08,27.3729,88.65823,35.36,58.53,0.0133,-0.0009,18.68
2023-06-06 11:00:00,NODE_09,27.32405,88.62626,33.8,59.3,-0.0148,-0.0052,18.68
2023-06-06 11:00:00,NODE_10,27.28763,88.57017,34.5,59.28,-0.0086,-0.0005,18.68
2023-06-06 12:00:00,NODE_01,27.29535,88.6231,34.25,59.09,-0.0064,-0.0082,18.68
2023-06-06 12:00:00,NODE_02,27.35987,88.66507,33.7,59.59,-0.0153,0.0023,18.68
2023-06-06 12:00:00,NODE_03,27.32649,88.60522,34.02,59.41,0.0108,0.0179,18.68
2023-06-06 12:00:00,NODE_04,27.36949,88.5676,34.64,59.23,0.0022,0.0063,18.68
2023-06-06 12:00:00,NODE_05,27.35503,88.67429,34.22,58.99,-0.0118,0.0024,18.68
2023-06-06 12:00:00,NODE_06,27.3375,88.61639,34.55,58.69,-0.0235,0.0024,18.68
2023-06-06 12:00:00,NODE_07,27.35687,88.65051,34.32,59.07,0.0114,-0.0096,18.68
2023-06-06 12:00:00,NODE_08,27.3729,88.65823,34.12,59.51,0.0079,0.0037,18.68
2023-06-06 12:00:00,NODE_09,27.32405,88.62626,34.27,59.12,-0.0063,-0.009,18.68
2023-06-06 12:00:00,NODE_10,27.28763,88.57017,34.07,59.58,-0.01,0.0035,18.68
2023-06-06 13:00:00,NODE_01,27.29535,88.6231,34.27,59.51,0.0059,-0.0125,18.68
2023-06-06 13:00:00,NODE_02,27.35987,88.66507,34.08,59.45,0.0038,-0.0005,18.68
2023-06-06 13:00:00,NODE_03,27.32649,88.60522,33.55,59.2,-0.0003,-0.0016,18.68
2023-06-06 13:00:00,NODE_04,27.36949,88.5676,34.74,59.41,0.0111,-0.0079,18.68
2023-06-06 13:00:00,NODE_05,27.35503,88.67429,34.96,59.74,0.0049,0.0051,18.68
2023-06-06 13:00:00,NODE_06,27.3375,88.61639,34.04,59.93,-0.001,0.0091,18.68
2023-06-06 13:00:00,NODE_07,27.35687,88.65051,34.01,59.36,-0.0064,-0.0024,18.68
2023-06-06 13:00:00,NODE_08,27.3729,88.65823,34.41,59.45,-0.0212,0.0133,18.68
2023-06-06 13:00:00,NODE_09,27.32405,88.62626,32.7,59.5,-0.0068,0.0159,18.68
2023-06-06 13:00:00,NODE_10,27.28763,88.57017,34.29,59.92,-0.0013,0.0032,18.68
2023-06-06 14:00:00,NODE_01,27.29535,88.6231,35.21,59.44,-0.0045,0.0033,23.73
2023-06-06 14:00:00,NODE_02,27.35987,88.66507,34.68,60.03,-0.0099,0.0086,23.73
2023-06-06 14:00:00,NODE_03,27.32649,88.60522,34.75,59.78,-0.0113,-0.0055,23.73
2023-06-06 14:00:00,NODE_04,27.36949,88.5676,34.49,59.88,0.0027,-0.0009,23.73
2023-06-06 14:00:00,NODE_05,27.35503,88.67429,34.29,59.67,0.0076,-0.0082,23.73
2023-06-06 14:00:00,NODE_06,27.3375,88.61639,34.37,59.81,0.0047,0.0119,23.73
2023-06-06 14:00:00,NODE_07,27.35687,88.65051,35.3,59.48,-0.0083,0.0047,23.73
2023-06-06 14:00:00,NODE_08,27.3729,88.65823,34.71,59.82,0.0213,0.0184,23.73
2023-06-06 14:00:00,NODE_09,27.32405,88.62626,34.52,59.92,-0.0075,0.0044,23.73
2023-06-06 14:00:00,NODE_10,27.28763,88.57017,34.72,60.17,-0.0002,-0.003,23.73
2023-06-06 15:00:00,NODE_01,27.29535,88.6231,35.06,59.87,0.0098,0.0019,23.73
2023-06-06 15:00:00,NODE_02,27.35987,88.66507,35.75,60.13,0.0091,0.0061,23.73
2023-06-06 15:00:00,NODE_03,27.32649,88.60522,34.08,60.4,-0.0136,0.0176,23.73
2023-06-06 15:00:00,NODE_04,27.36949,88.5676,34.48,60.46,-0.014,-0.0022,23.73
2023-06-06 15:00:00,NODE_05,27.35503,88.67429,35.21,60.33,0.0099,-0.0017,23.73
2023-06-06 15:00:00,NODE_06,27.3375,88.61639,35.65,60.1,0.0074,0.0141,23.73
2023-06-06 15:00:00,NODE_07,27.35687,88.65051,35.24,60.07,0.0114,-0.0033,23.73
2023-06-06 15:00:00,NODE_08,27.3729,88.65823,35.15,59.94,-0.0133,-0.0092,23.73
2023-06-06 15:00:00,NODE_09,27.32405,88.62626,34.63,59.87,-0.0211,0.0083,23.73
2023-06-06 15:00:00,NODE_10,27.28763,88.57017,35.09,60.53,-0.0053,-0.0041,23.73
2023-06-06 16:00:00,NODE_01,27.29535,88.6231,35.46,60.31,0.0028,0.0069,24.49
2023-06-06 16:00:00,NODE_02,27.35987,88.66507,35.89,60.63,0.003,-0.0299,24.49
2023-06-06 16:00:00,NODE_03,27.32649,88.60522,36.3,60.42,-0.0041,-0.0058,24.49
2023-06-06 16:00:00,NODE_04,27.36949,88.5676,36.13,60.66,-0.0056,0.0106,24.49
2023-06-06 16:00:00,NODE_05,27.35503,88.67429,35.96,60.42,0.0067,-0.0077,24.49
2023-06-06 16:00:00,NODE_06,27.3375,88.61639,36.1,59.78,-0.0088,-0.0131,24.49
2023-06-06 16:00:00,NODE_07,27.35687,88.65051,35.78,60.28,0.0013,-0.0119,24.49
2023-06-06 16:00:00,NODE_08,27.3729,88.65823,35.85,60.7,-0.0108,-0.0132,24.49
2023-06-06 16:00:00,NODE_09,27.32405,88.62626,36.17,60.34,0.0189,0.004,24.49
2023-06-06 16:00:00,NODE_10,27.28763,88.57017,35.95,61.24,0.0184,-0.0067,24.49
2023-06-06 17:00:00,NODE_01,27.29535,88.6231,36.56,61.14,-0.007,0.0055,25.47
2023-06-06 17:00:00,NODE_02,27.35987,88.66507,35.67,60.81,0.0038,0.0055,25.47
2023-06-06 17:00:00,NODE_03,27.32649,88.60522,36.52,61.01,-0.0069,-0.0018,25.47
2023-06-06 17:00:00,NODE_04,27.36949,88.5676,36.91,60.73,0.0017,-0.0061,25.47
2023-06-06 17:00:00,NODE_05,27.35503,88.67429,36.36,61.14,-0.0013,-0.002,25.47
2023-06-06 17:00:00,NODE_06,27.3375,88.61639,36.44,60.58,-0.0027,-0.0116,25.47
2023-06-06 17:00:00,NODE_07,27.35687,88.65051,36.33,60.38,-0.002,-0.0006,25.47
2023-06-06 17:00:00,NODE_08,27.3729,88.65823,36.12,60.81,0.0078,0.0033,25.47
2023-06-06 17:00:00,NODE_09,27.32405,88.62626,37.02,60.59,-0.0088,0.0098,25.47
2023-06-06 17:00:00,NODE_10,27.28763,88.57017,36.37,60.92,0.0029,0.0108,25.47
2023-06-06 18:00:00,NODE_01,27.29535,88.6231,37.32,60.9,-0.0087,0.0024,25.47
2023-06-06 18:00:00,NODE_02,27.35987,88.66507,37.29,60.17,-0.0094,-0.01,25.47
2023-06-06 18:00:00,NODE_03,27.32649,88.60522,38.06,61.3,-0.0072,0.0072,25.47
2023-06-06 18:00:00,NODE_04,27.36949,88.5676,37.96,61.39,0.0112,-0.0058,25.47
2023-06-06 18:00:00,NODE_05,27.35503,88.67429,37.39,61.3,0.0155,-0.0012,25.47
2023-06-06 18:00:00,NODE_06,27.3375,88.61639,37.07,61.43,0.0098,-0.0029,25.47
2023-06-06 18:00:00,NODE_07,27.35687,88.65051,37.86,60.97,0.007,0.0105,25.47
2023-06-06 18:00:00,NODE_08,27.3729,88.65823,36.25,61.11,0.0045,0.0024,25.47
2023-06-06 18:00:00,NODE_09,27.32405,88.62626,37.76,60.5,-0.008,-0.009,25.47
2023-06-06 18:00:00,NODE_10,27.28763,88.57017,37.22,61.12,-0.009,-0.003,25.47
2023-06-06 19:00:00,NODE_01,27.29535,88.6231,37.09,61.63,-0.0165,0.0056,25.47
2023-06-06 19:00:00,NODE_02,27.35987,88.66507,38.73,61.5,-0.0077,-0.0142,25.47
2023-06-06 19:00:00,NODE_03,27.32649,88.60522,36.94,61.31,-0.0033,-0.0124,25.47
2023-06-06 19:00:00,NODE_04,27.36949,88.5676,38.15,61.54,0.013,-0.0085,25.47
2023-06-06 19:00:00,NODE_05,27.35503,88.67429,37.46,61.66,0.0089,0.0184,25.47
2023-06-06 19:00:00,NODE_06,27.3375,88.61639,38.04,61.25,-0.0006,0.0008,25.47
2023-06-06 19:00:00,NODE_07,27.35687,88.65051,37.72,61.28,0.0066,0.0004,25.47
2023-06-06 19:00:00,NODE_08,27.3729,88.65823,38.15,61.03,0.0008,-0.012,25.47
2023-06-06 19:00:00,NODE_09,27.32405,88.62626,37.5,61.05,-0.0194,0.0008,25.47
2023-06-06 19:00:00,NODE_10,27.28763,88.57017,36.97,61.21,-0.0144,0.0033,25.47
2023-06-06 20:00:00,NODE_01,27.29535,88.6231,37.34,61.63,0.0029,-0.0004,21.74
2023-06-06 20:00:00,NODE_02,27.35987,88.66507,37.79,62.02,0.0093,-0.0019,21.74
2023-06-06 20:00:00,NODE_03,27.32649,88.60522,37.81,60.97,-0.001,0.0071,21.74
2023-06-06 20:00:00,NODE_04,27.36949,88.5676,38.22,61.71,0.0177,-0.0114,21.74
2023-06-06 20:00:00,NODE_05,27.35503,88.67429,37.3,61.58,0.0139,-0.0026,21.74
2023-06-06 20:00:00,NODE_06,27.3375,88.61639,37.49,61.97,-0.0153,-0.0024,21.74
2023-06-06 20:00:00,NODE_07,27.35687,88.65051,37.46,61.95,-0.0126,0.0007,21.74
2023-06-06 20:00:00,NODE_08,27.3729,88.65823,37.2,61.89,-0.0057,-0.0002,21.74
2023-06-06 20:00:00,NODE_09,27.32405,88.62626,36.99,61.68,0.0087,0.0051,21.74
2023-06-06 20:00:00,NODE_10,27.28763,88.57017,37.4,61.93,0.0041,-0.0016,21.74
2023-06-06 21:00:00,NODE_01,27.29535,88.6231,36.96,62.24,-0.0035,0.0041,21.74
2023-06-06 21:00:00,NODE_02,27.35987,88.66507,36.93,62.35,0.0177,0.0041,21.74
2023-06-06 21:00:00,NODE_03,27.32649,88.60522,37.22,61.74,0.0049,0.0058,21.74
2023-06-06 21:00:00,NODE_04,27.36949,88.5676,37.51,62.08,0.0013,0.0053,21.74
2023-06-06 21:00:00,NODE_05,27.35503,88.67429,36.59,62.06,0.0145,-0.0213,21.74
2023-06-06 21:00:00,NODE_06,27.3375,88.61639,37.19,62.16,0.0124,-0.0055,21.74
2023-06-06 21:00:00,NODE_07,27.35687,88.65051,37.53,61.66,0.0138,-0.0033,21.74
2023-06-06 21:00:00,NODE_08,27.3729,88.65823,36.51,61.8,0.0133,0.006,21.74
2023-06-06 21:00:00,NODE_09,27.32405,88.62626,36.93,62.35,-0.0009,0.0129,21.74
2023-06-06 21:00:00,NODE_10,27.28763,88.57017,36.86,62.03,-0.0093,0.0106,21.74
2023-06-06 22:00:00,NODE_01,27.29535,88.6231,38.09,62.51,-0.0237,-0.0073,27.28
2023-06-06 22:00:00,NODE_02,27.35987,88.66507,37.96,62.58,0.0048,-0.0164,27.28
2023-06-06 22:00:00,NODE_03,27.32649,88.60522,37.59,62.7,-0.0124,0.0127,27.28
2023-06-06 22:00:00,NODE_04,27.36949,88.5676,37.81,62.84,0.0076,-0.0014,27.28
2023-06-06 22:00:00,NODE_05,27.35503,88.67429,37.71,62.38,-0.0013,0.014,27.28
2023-06-06 22:00:00,NODE_06,27.3375,88.61639,37.77,62.86,-0.0021,-0.003,27.28
2023-06-06 22:00:00,NODE_07,27.35687,88.65051,38.07,62.23,-0.0041,-0.0089,27.28
2023-06-06 22:00:00,NODE_08,27.3729,88.65823,37.9,62.28,-0.0004,-0.0123,27.28
2023-06-06 22:00:00,NODE_09,27.32405,88.62626,37.84,62.75,-0.0035,0.0267,27.28
2023-06-06 22:00:00,NODE_10,27.28763,88.57017,37.76,63.11,0.0215,-0.0199,27.28
2023-06-06 23:00:00,NODE_01,27.29535,88.6231,38.19,63.22,-0.0054,0.0037,27.28
2023-06-06 23:00:00,NODE_02,27.35987,88.66507,37.88,63.52,-0.009,0.007,27.28
2023-06-06 23:00:00,NODE_03,27.32649,88.60522,37.63,62.41,-0.0068,0.0089,27.28
2023-06-06 23:00:00,NODE_04,27.36949,88.5676,37.62,63.11,-0.0145,0.0005,27.28
2023-06-06 23:00:00,NODE_05,27.35503,88.67429,38.54,62.42,0.0039,0.0045,27.28
2023-06-06 23:00:00,NODE_06,27.3375,88.61639,38.31,63.01,0.0109,0.0048,27.28
2023-06-06 23:00:00,NODE_07,27.35687,88.65051,38.4,63.11,0.017,-0.0092,27.28
2023-06-06 23:00:00,NODE_08,27.3729,88.65823,38.34,62.47,-0.0157,-0.0099,27.28
2023-06-06 23:00:00,NODE_09,27.32405,88.62626,37.52,63.39,-0.003,0.0041,27.28
2023-06-06 23:00:00,NODE_10,27.28763,88.57017,37.89,63.18,0.0043,0.003,27.28
2023-06-07 00:00:00,NODE_01,27.29535,88.6231,38.93,63.2,-0.009,0.0067,30.83
2023-06-07 00:00:00,NODE_02,27.35987,88.66507,38.5,63.54,0.0034,0.0076,30.83
2023-06-07 00:00:00,NODE_03,27.32649,88.60522,39.28,63.18,-0.0016,0.013,30.83
2023-06-07 00:00:00,NODE_04,27.36949,88.5676,39.16,63.14,0.0043,0.0127,30.83
2023-06-07 00:00:00,NODE_05,27.35503,88.67429,39.06,63.72,0.0077,-0.0013,30.83
2023-06-07 00:00:00,NODE_06,27.3375,88.61639,39.02,63.09,-0.014,-0.0133,30.83
2023-06-07 00:00:00,NODE_07,27.35687,88.65051,39.39,63.13,-0.0133,-0.0166,30.83
2023-06-07 00:00:00,NODE_08,27.3729,88.65823,39.35,63.25,0.0123,-0.0064,30.83
2023-06-07 00:00:00,NODE_09,27.32405,88.62626,39.6,63.32,0.0059,-0.0066,30.83
2023-06-07 00:00:00,NODE_10,27.28763,88.57017,38.22,63.88,0.0056,-0.0125,30.83
2023-06-07 01:00:00,NODE_01,27.29535,88.6231,39.2,63.31,0.0158,-0.0067,30.83
2023-06-07 01:00:00,NODE_02,27.35987,88.66507,39.1,63.99,0.0243,0.0005,30.83
2023-06-07 01:00:00,NODE_03,27.32649,88.60522,39.51,63.81,-0.002,-0.0011,30.83
2023-06-07 01:00:00,NODE_04,27.36949,88.5676,39.02,64.23,-0.0108,0.0133,30.83
2023-06-07 01:00:00,NODE_05,27.35503,88.67429,39.68,63.93,-0.0115,-0.0044,30.83
2023-06-07 01:00:00,NODE_06,27.3375,88.61639,39.72,63.81,-0.0012,0.0234,30.83
2023-06-07 01:00:00,NODE_07,27.35687,88.65051,39.42,63.49,0.0032,0.0118,30.83
2023-06-07 01:00:00,NODE_08,27.3729,88.65823,39.69,64.04,0.0022,-0.0021,30.83
2023-06-07 01:00:00,NODE_09,27.32405,88.62626,39.11,63.46,-0.0048,-0.012,30.83
2023-06-07 01:00:00,NODE_10,27.28763,88.57017,40.14,64.45,0.0025,0.0039,30.83
2023-06-07 02:00:00,NODE_01,27.29535,88.6231,39.53,63.8,-0.017,0.0005,25.06
2023-06-07 02:00:00,NODE_02,27.35987,88.66507,39.48,64.59,0.001,-0.0087,25.06
2023-06-07 02:00:00,NODE_03,27.32649,88.60522,40.16,64.59,0.0184,-0.0086,25.06
2023-06-07 02:00:00,NODE_04,27.36949,88.5676,39.53,64.26,-0.0006,-0.0165,25.06
2023-06-07 02:00:00,NODE_05,27.35503,88.67429,39.68,64.04,-0.0113,-0.0095,25.06
2023-06-07 02:00:00,NODE_06,27.3375,88.61639,39.95,64.72,0.0051,0.0002,25.06
2023-06-07 02:00:00,NODE_07,27.35687,88.65051,39.67,64.03,-0.0019,0.0046,25.06
2023-06-07 02:00:00,NODE_08,27.3729,88.65823,39.08,64.22,0.0112,0.0069,25.06
2023-06-07 02:00:00,NODE_09,27.32405,88.62626,39.64,64.0,-0.0199,-0.009,25.06
2023-06-07 02:00:00,NODE_10,27.28763,88.57017,39.35,64.17,0.0112,-0.0015,25.06
2023-06-07 03:00:00,NODE_01,27.29535,88.6231,39.47,64.51,-0.0144,-0.0062,25.06
2023-06-07 03:00:00,NODE_02,27.35987,88.66507,38.48,64.82,0.0146,-0.0098,25.06
2023-06-07 03:00:00,NODE_03,27.32649,88.60522,39.63,64.43,0.0023,0.0211,25.06
2023-06-07 03:00:00,NODE_04,27.36949,88.5676,39.25,65.32,0.0303,0.0065,25.06
2023-06-07 03:00:00,NODE_05,27.35503,88.67429,39.2,64.99,-0.013,0.0194,25.06
2023-06-07 03:00:00,NODE_06,27.3375,88.61639,39.44,64.85,-0.0009,0.0105,25.06
2023-06-07 03:00:00,NODE_07,27.35687,88.65051,38.93,64.63,-0.0198,0.0008,25.06
2023-06-07 03:00:00,NODE_08,27.3729,88.65823,38.88,64.47,0.0057,-0.0033,25.06
2023-06-07 03:00:00,NODE_09,27.32405,88.62626,38.51,64.43,-0.0129,-0.0077,25.06
2023-06-07 03:00:00,NODE_10,27.28763,88.57017,39.81,64.77,-0.024,-0.0148,25.06
2023-06-07 04:00:00,NODE_01,27.29535,88.6231,38.61,64.74,0.0111,-0.0053,25.06
2023-06-07 04:00:00,NODE_02,27.35987,88.66507,38.55,64.86,-0.0074,0.0103,25.06
2023-06-07 04:00:00,NODE_03,27.32649,88.60522,38.78,64.86,-0.0161,-0.0153,25.06
2023-06-07 04:00:00,NODE_04,27.36949,88.5676,39.2,64.86,0.003,0.0023,25.06
2023-06-07 04:00:00,NODE_05,27.35503,88.67429,38.76,64.87,-0.0011,0.0005,25.06
2023-06-07 04:00:00,NODE_06,27.3375,88.61639,39.56,65.13,-0.0118,-0.0058,25.06
2023-06-07 04:00:00,NODE_07,27.35687,88.65051,39.74,65.09,0.0066,0.003,25.06
2023-06-07 04:00:00,NODE_08,27.3729,88.65823,38.89,65.08,0.0239,0.0006,25.06
2023-06-07 04:00:00,NODE_09,27.32405,88.62626,38.64,64.78,-0.0134,-0.029,25.06
2023-06-07 04:00:00,NODE_10,27.28763,88.57017,38.8,65.72,-0.012,0.0034,25.06
2023-06-07 05:00:00,NODE_01,27.29535,88.6231,38.39,65.67,0.0136,-0.0112,21.88
2023-06-07 05:00:00,NODE_02,27.35987,88.66507,38.81,64.83,-0.0004,-0.0151,21.88
2023-06-07 05:00:00,NODE_03,27.32649,88.60522,38.4,65.5,0.0042,-0.0143,21.88
2023-06-07 05:00:00,NODE_04,27.36949,88.5676,38.76,65.67,-0.0086,-0.0046,21.88
2023-06-07 05:00:00,NODE_05,27.35503,88.67429,38.61,64.95,-0.0033,-0.0174,21.88
2023-06-07 05:00:00,NODE_06,27.3375,88.61639,38.81,66.3,-0.0239,0.0057,21.88
2023-06-07 05:00:00,NODE_07,27.35687,88.65051,38.31,65.51,-0.0192,0.0034,21.88
2023-06-07 05:00:00,NODE_08,27.3729,88.65823,39.13,65.53,-0.0031,0.0225,21.88
2023-06-07 05:00:00,NODE_09,27.32405,88.62626,38.04,65.46,0.0028,-0.0068,21.88
2023-06-07 05:00:00,NODE_10,27.28763,88.57017,39.48,65.82,0.0103,0.0022,21.88
2023-06-07 06:00:00,NODE_01,27.29535,88.6231,39.04,65.84,-0.0074,0.0127,21.88
2023-06-07 06:00:00,NODE_02,27.35987,88.66507,38.43,65.83,0.0062,0.0106,21.88
2023-06-07 06:00:00,NODE_03,27.32649,88.60522,38.05,66.05,0.0055,0.0057,21.88
2023-06-07 06:00:00,NODE_04,27.36949,88.5676,38.97,65.95,0.0041,0.0033,21.88
2023-06-07 06:00:00,NODE_05,27.35503,88.67429,38.01,66.24,-0.0144,0.0033,21.88
2023-06-07 06:00:00,NODE_06,27.3375,88.61639,38.87,66.42,0.0152,0.001,21.88
2023-06-07 06:00:00,NODE_07,27.35687,88.65051,38.72,65.7,-0.0029,-0.0073,21.88
2023-06-07 06:00:00,NODE_08,27.3729,88.65823,37.76,65.94,0.0002,-0.0096,21.88
2023-06-07 06:00:00,NODE_09,27.32405,88.62626,39.0,65.89,0.0093,0.0072,21.88
2023-06-07 06:00:00,NODE_10,27.28763,88.57017,38.14,66.37,0.015,-0.0023,21.88
2023-06-07 07:00:00,NODE_01,27.29535,88.6231,38.23,67.11,-0.0063,0.0107,21.88
2023-06-07 07:00:00,NODE_02,27.35987,88.66507,38.55,66.61,0.004,-0.0017,21.88
2023-06-07 07:00:00,NODE_03,27.32649,88.60522,38.98,66.32,-0.0013,0.0162,21.88
2023-06-07 07:00:00,NODE_04,27.36949,88.5676,37.3,66.27,-0.0052,-0.0173,21.88
2023-06-07 07:00:00,NODE_05,27.35503,88.67429,38.29,65.96,0.0015,0.0121,21.88
2023-06-07 07:00:00,NODE_06,27.3375,88.61639,38.79,66.75,0.0025,0.0086,21.88
2023-06-07 07:00:00,NODE_07,27.35687,88.65051,37.86,66.66,0.011,-0.0033,21.88
2023-06-07 07:00:00,NODE_08,27.3729,88.65823,38.44,66.38,0.0072,-0.0065,21.88
2023-06-07 07:00:00,NODE_09,27.32405,88.62626,38.33,65.82,0.0147,0.0008,21.88
2023-06-07 07:00:00,NODE_10,27.28763,88.57017,38.46,66.94,-0.0124,-0.001,21.88
2023-06-07 08:00:00,NODE_01,27.29535,88.6231,37.62,66.26,0.0062,0.0054,21.88
2023-06-07 08:00:00,NODE_02,27.35987,88.66507,37.71,66.65,-0.0077,-0.001,21.88
2023-06-07 08:00:00,NODE_03,27.32649,88.60522,37.88,67.07,-0.0121,0.0019,21.88
2023-06-07 08:00:00,NODE_04,27.36949,88.5676,38.27,66.8,-0.0096,0.0146,21.88
2023-06-07 08:00:00,NODE_05,27.35503,88.67429,38.25,66.67,-0.001,0.0016,21.88
2023-06-07 08:00:00,NODE_06,27.3375,88.61639,38.6,67.02,0.0117,-0.002,21.88
2023-06-07 08:00:00,NODE_07,27.35687,88.65051,38.15,67.21,-0.0053,-0.0047,21.88
2023-06-07 08:00:00,NODE_08,27.3729,88.65823,38.56,66.4,-0.003,0.0068,21.88
2023-06-07 08:00:00,NODE_09,27.32405,88.62626,38.42,66.88,-0.0163,-0.0026,21.88
2023-06-07 08:00:00,NODE_10,27.28763,88.57017,37.75,67.29,-0.0182,0.0016,21.88
2023-06-07 09:00:00,NODE_01,27.29535,88.6231,38.17,67.21,-0.0233,0.0197,21.88
2023-06-07 09:00:00,NODE_02,27.35987,88.66507,38.28,67.37,-0.0081,-0.0171,21.88
2023-06-07 09:00:00,NODE_03,27.32649,88.60522,38.59,66.89,0.0176,0.01,21.88
2023-06-07 09:00:00,NODE_04,27.36949,88.5676,38.47,67.85,0.021,0.0051,21.88
2023-06-07 09:00:00,NODE_05,27.35503,88.67429,38.68,67.16,0.0118,-0.009,21.88
2023-06-07 09:00:00,NODE_06,27.3375,88.61639,38.36,67.53,0.0093,0.0155,21.88
2023-06-07 09:00:00,NODE_07,27.35687,88.65051,37.76,66.61,-0.009,0.0251,21.88
2023-06-07 09:00:00,NODE_08,27.3729,88.65823,38.35,67.13,0.008,0.0099,21.88
2023-06-07 09:00:00,NODE_09,27.32405,88.62626,38.02,66.38,0.0062,-0.0162,21.88
2023-06-07 09:00:00,NODE_10,27.28763,88.57017,39.03,67.52,0.0017,0.0118,21.88
2023-06-07 10:00:00,NODE_01,27.29535,88.6231,37.98,67.16,-0.0186,-0.0019,21.88
2023-06-07 10:00:00,NODE_02,27.35987,88.66507,37.33,67.52,0.0099,-0.0015,21.88
2023-06-07 10:00:00,NODE_03,27.32649,88.60522,38.01,67.52,-0.0107,-0.02,21.88
2023-06-07 10:00:00,NODE_04,27.36949,88.5676,38.55,67.72,0.0107,-0.0087,21.88
2023-06-07 10:00:00,NODE_05,27.35503,88.67429,38.01,67.57,0.0201,-0.0099,21.88
2023-06-07 10:00:00,NODE_06,27.3375,88.61639,38.05,67.91,0.006,-0.0149,21.88
2023-06-07 10:00:00,NODE_07,27.35687,88.65051,37.85,67.06,0.008,0.0102,21.88
2023-06-07 10:00:00,NODE_08,27.3729,88.65823,38.08,66.93,-0.0295,0.0041,21.88
2023-06-07 10:00:00,NODE_09,27.32405,88.62626,37.99,67.22,-0.0062,0.0105,21.88
2023-06-07 10:00:00,NODE_10,27.28763,88.57017,37.7,68.17,0.0049,-0.0031,21.88
2023-06-07 11:00:00,NODE_01,27.29535,88.6231,37.33,67.68,-0.0028,0.0303,24.77
2023-06-07 11:00:00,NODE_02,27.35987,88.66507,38.6,68.2,0.0119,0.0061,24.77
2023-06-07 11:00:00,NODE_03,27.32649,88.60522,38.08,67.97,0.0066,-0.005,24.77
2023-06-07 11:00:00,NODE_04,27.36949,88.5676,38.24,67.79,0.0035,-0.0059,24.77
2023-06-07 11:00:00,NODE_05,27.35503,88.67429,37.6,68.05,0.0046,-0.0092,24.77
2023-06-07 11:00:00,NODE_06,27.3375,88.61639,38.73,67.39,-0.0032,0.0095,24.77
2023-06-07 11:00:00,NODE_07,27.35687,88.65051,38.08,68.16,-0.0025,0.0017,24.77
2023-06-07 11:00:00,NODE_08,27.3729,88.65823,38.37,67.97,-0.0007,0.0181,24.77
2023-06-07 11:00:00,NODE_09,27.32405,88.62626,37.81,67.98,0.0292,0.0051,24.77
2023-06-07 11:00:00,NODE_10,27.28763,88.57017,38.28,68.07,0.0015,0.0101,24.77
2023-06-07 12:00:00,NODE_01,27.29535,88.6231,38.18,68.19,0.0155,-0.0023,24.77
2023-06-07 12:00:00,NODE_02,27.35987,88.66507,37.4,68.05,0.0151,-0.0134,24.77
2023-06-07 12:00:00,NODE_03,27.32649,88.60522,37.96,68.05,0.002,-0.0187,24.77
2023-06-07 12:00:00,NODE_04,27.36949,88.5676,38.76,67.81,-0.0039,-0.017,24.77
2023-06-07 12:00:00,NODE_05,27.35503,88.67429,37.51,68.29,-0.007,0.0152,24.77
2023-06-07 12:00:00,NODE_06,27.3375,88.61639,37.87,68.5,0.0049,0.0012,24.77
2023-06-07 12:00:00,NODE_07,27.35687,88.65051,37.7,68.65,-0.0041,0.0137,24.77
2023-06-07 12:00:00,NODE_08,27.3729,88.65823,36.99,67.8,-0.001,0.0032,24.77
2023-06-07 12:00:00,NODE_09,27.32405,88.62626,38.01,68.15,0.0138,-0.0001,24.77
2023-06-07 12:00:00,NODE_10,27.28763,88.57017,38.27,68.58,-0.0006,-0.0004,24.77
2023-06-07 13:00:00,NODE_01,27.29535,88.6231,38.52,67.77,-0.0044,0.0026,24.77
2023-06-07 13:00:00,NODE_02,27.35987,88.66507,37.79,68.59,0.018,0.005,24.77
2023-06-07 13:00:00,NODE_03,27.32649,88.60522,38.49,68.75,0.006,0.0078,24.77
2023-06-07 13:00:00,NODE_04,27.36949,88.5676,38.3,68.18,-0.0031,-0.0031,24.77
2023-06-07 13:00:00,NODE_05,27.35503,88.67429,38.15,68.6,0.0065,-0.0007,24.77
2023-06-07 13:00:00,NODE_06,27.3375,88.61639,38.17,68.67,0.0143,-0.0102,24.77
2023-06-07 13:00:00,NODE_07,27.35687,88.65051,38.22,67.85,0.0127,0.0124,24.77
2023-06-07 13:00:00,NODE_08,27.3729,88.65823,38.87,68.82,-0.0014,-0.0198,24.77
2023-06-07 13:00:00,NODE_09,27.32405,88.62626,38.19,68.19,0.017,-0.022,24.77
2023-06-07 13:00:00,NODE_10,27.28763,88.57017,38.22,68.69,-0.0185,0.013,24.77
2023-06-07 14:00:00,NODE_01,27.29535,88.6231,38.18,68.85,0.001,-0.004,19.73
2023-06-07 14:00:00,NODE_02,27.35987,88.66507,38.2,68.9,0.0013,0.0009,19.73
2023-06-07 14:00:00,NODE_03,27.32649,88.60522,38.02,68.87,0.0171,-0.0155,19.73
2023-06-07 14:00:00,NODE_04,27.36949,88.5676,38.03,68.87,0.0154,-0.0048,19.73
2023-06-07 14:00:00,NODE_05,27.35503,88.67429,38.35,68.52,0.0001,-0.0168,19.73
2023-06-07 14:00:00,NODE_06,27.3375,88.61639,37.94,68.88,0.0008,0.0195,19.73
2023-06-07 14:00:00,NODE_07,27.35687,88.65051,38.59,69.05,-0.0117,-0.0138,19.73
2023-06-07 14:00:00,NODE_08,27.3729,88.65823,38.16,68.05,-0.0088,0.001,19.73
2023-06-07 14:00:00,NODE_09,27.32405,88.62626,38.19,69.2,0.008,-0.0049,19.73
2023-06-07 14:00:00,NODE_10,27.28763,88.57017,38.24,69.38,-0.0038,-0.0024,19.73
2023-06-07 15:00:00,NODE_01,27.29535,88.6231,38.09,69.66,0.0113,0.0037,19.73
2023-06-07 15:00:00,NODE_02,27.35987,88.66507,38.5,69.51,-0.0031,-0.0064,19.73
2023-06-07 15:00:00,NODE_03,27.32649,88.60522,37.69,69.36,0.0056,-0.0128,19.73
2023-06-07 15:00:00,NODE_04,27.36949,88.5676,38.05,69.15,0.0031,-0.0133,19.73
2023-06-07 15:00:00,NODE_05,27.35503,88.67429,37.75,69.14,-0.0024,0.0038,19.73
2023-06-07 15:00:00,NODE_06,27.3375,88.61639,37.69,69.28,0.019,0.0185,19.73
2023-06-07 15:00:00,NODE_07,27.35687,88.65051,37.31,69.6,-0.0046,-0.0022,19.73
2023-06-07 15:00:00,NODE_08,27.3729,88.65823,38.37,69.6,0.0091,-0.0057,19.73
2023-06-07 15:00:00,NODE_09,27.32405,88.62626,38.01,68.79,0.0038,0.0043,19.73
2023-06-07 15:00:00,NODE_10,27.28763,88.57017,38.38,69.17,-0.0023,-0.0067,19.73
2023-06-07 16:00:00,NODE_01,27.29535,88.6231,37.08,69.24,0.0211,0.0084,16.18
2023-06-07 16:00:00,NODE_02,27.35987,88.66507,37.77,68.84,0.0135,0.0085,16.18
2023-06-07 16:00:00,NODE_03,27.32649,88.60522,37.92,69.48,-0.0056,0.0051,16.18
2023-06-07 16:00:00,NODE_04,27.36949,88.5676,37.64,69.58,-0.0308,0.0078,16.18
2023-06-07 16:00:00,NODE_05,27.35503,88.67429,37.86,68.89,-0.0086,0.0014,16.18
2023-06-07 16:00:00,NODE_06,27.3375,88.61639,36.85,69.15,-0.015,-0.0207,16.18
2023-06-07 16:00:00,NODE_07,27.35687,88.65051,37.3,69.14,0.0087,-0.0002,16.18
2023-06-07 16:00:00,NODE_08,27.3729,88.65823,37.17,68.9,-0.005,0.0138,16.18
2023-06-07 16:00:00,NODE_09,27.32405,88.62626,38.77,68.63,-0.004,-0.0003,16.18
2023-06-07 16:00:00,NODE_10,27.28763,88.57017,37.91,69.18,-0.0055,-0.011,16.18
2023-06-07 17:00:00,NODE_01,27.29535,88.6231,37.59,69.75,-0.0058,-0.0011,11.98
2023-06-07 17:00:00,NODE_02,27.35987,88.66507,37.68,69.51,0.0071,-0.022,11.98
2023-06-07 17:00:00,NODE_03,27.32649,88.60522,37.4,69.83,0.0111,0.0106,11.98
2023-06-07 17:00:00,NODE_04,27.36949,88.5676,37.14,69.25,0.0242,0.0128,11.98
2023-06-07 17:00:00,NODE_05,27.35503,88.67429,37.38,70.09,-0.0046,-0.0045,11.98
2023-06-07 17:00:00,NODE_06,27.3375,88.61639,38.0,69.35,-0.0161,0.0018,11.98
2023-06-07 17:00:00,NODE_07,27.35687,88.65051,37.8,70.15,-0.0123,0.0061,11.98
2023-06-07 17:00:00,NODE_08,27.3729,88.65823,36.75,69.31,0.002,0.0096,11.98
2023-06-07 17:00:00,NODE_09,27.32405,88.62626,38.13,69.68,-0.006,0.0019,11.98
2023-06-07 17:00:00,NODE_10,27.28763,88.57017,37.52,70.17,-0.0192,-0.0003,11.98
2023-06-07 18:00:00,NODE_01,27.29535,88.6231,37.14,70.25,-0.0002,0.0178,11.98
2023-06-07 18:00:00,NODE_02,27.35987,88.66507,37.27,70.18,-0.0098,0.0035,11.98
2023-06-07 18:00:00,NODE_03,27.32649,88.60522,36.95,69.79,-0.0063,-0.0016,11.98
2023-06-07 18:00:00,NODE_04,27.36949,88.5676,37.06,70.17,0.0018,-0.0003,11.98
2023-06-07 18:00:00,NODE_05,27.35503,88.67429,37.55,69.48,-0.0018,-0.0102,11.98
2023-06-07 18:00:00,NODE_06,27.3375,88.61639,36.86,70.52,0.0099,0.0071,11.98
2023-06-07 18:00:00,NODE_07,27.35687,88.65051,37.3,69.89,0.0178,-0.0022,11.98
2023-06-07 18:00:00,NODE_08,27.3729,88.65823,37.98,70.04,-0.0004,-0.0159,11.98
2023-06-07 18:00:00,NODE_09,27.32405,88.62626,36.55,69.3,-0.008,0.0069,11.98
2023-06-07 18:00:00,NODE_10,27.28763,88.57017,37.47,69.95,0.0058,-0.0079,11.98
2023-06-07 19:00:00,NODE_01,27.29535,88.6231,36.89,70.14,0.0182,0.0024,11.98
2023-06-07 19:00:00,NODE_02,27.35987,88.66507,36.67,70.65,-0.0103,0.0162,11.98
2023-06-07 19:00:00,NODE_03,27.32649,88.60522,37.32,70.05,0.0016,0.0057,11.98
2023-06-07 19:00:00,NODE_04,27.36949,88.5676,36.64,70.75,0.0034,-0.0031,11.98
2023-06-07 19:00:00,NODE_05,27.35503,88.67429,36.44,70.06,0.008,-0.0106,11.98
2023-06-07 19:00:00,NODE_06,27.3375,88.61639,37.15,70.53,-0.0082,0.0044,11.98
2023-06-07 19:00:00,NODE_07,27.35687,88.65051,37.14,70.3,-0.0022,-0.001,11.98
2023-06-07 19:00:00,NODE_08,27.3729,88.65823,36.71,70.39,0.005,0.0135,11.98
2023-06-07 19:00:00,NODE_09,27.32405,88.62626,37.02,69.85,0.0062,0.0015,11.98
2023-06-07 19:00:00,NODE_10,27.28763,88.57017,37.85,70.19,0.0087,0.014,11.98
2023-06-07 20:00:00,NODE_01,27.29535,88.6231,37.25,70.25,-0.0152,0.0027,11.98
2023-06-07 20:00:00,NODE_02,27.35987,88.66507,36.7,70.5,0.0049,0.0144,11.98
2023-06-07 20:00:00,NODE_03,27.32649,88.60522,36.88,70.84,-0.0129,0.0054,11.98
2023-06-07 20:00:00,NODE_04,27.36949,88.5676,37.11,71.15,0.0109,0.0043,11.98
2023-06-07 20:00:00,NODE_05,27.35503,88.67429,37.54,70.01,0.0051,0.0109,11.98
2023-06-07 20:00:00,NODE_06,27.3375,88.61639,36.33,69.89,0.0204,0.0152,11.98
2023-06-07 20:00:00,NODE_07,27.35687,88.65051,37.31,70.22,0.0087,-0.0046,11.98
2023-06-07 20:00:00,NODE_08,27.3729,88.65823,36.78,70.35,0.0143,0.0094,11.98
2023-06-07 20:00:00,NODE_09,27.32405,88.62626,36.74,70.54,0.0156,0.0065,11.98
2023-06-07 20:00:00,NODE_10,27.28763,88.57017,36.73,71.15,-0.0079,-0.0087,11.98
2023-06-07 21:00:00,NODE_01,27.29535,88.6231,37.31,69.97,0.0103,-0.0091,11.98
2023-06-07 21:00:00,NODE_02,27.35987,88.66507,36.24,70.55,-0.0018,0.0039,11.98
2023-06-07 21:00:00,NODE_03,27.32649,88.60522,36.92,70.89,-0.0103,-0.0022,11.98
2023-06-07 21:00:00,NODE_04,27.36949,88.5676,36.73,70.31,0.0047,-0.0002,11.98
2023-06-07 21:00:00,NODE_05,27.35503,88.67429,36.28,70.4,0.0183,0.0025,11.98
2023-06-07 21:00:00,NODE_06,27.3375,88.61639,36.97,70.65,0.0134,0.0131,11.98
2023-06-07 21:00:00,NODE_07,27.35687,88.65051,36.4,70.96,0.0087,0.0105,11.98
2023-06-07 21:00:00,NODE_08,27.3729,88.65823,36.93,70.92,0.002,-0.0032,11.98
2023-06-07 21:00:00,NODE_09,27.32405,88.62626,37.23,70.45,-0.0036,-0.0084,11.98
2023-06-07 21:00:00,NODE_10,27.28763,88.57017,35.98,71.28,-0.0019,-0.0069,11.98
2023-06-07 22:00:00,NODE_01,27.29535,88.6231,37.8,71.07,-0.0102,0.0042,11.05
2023-06-07 22:00:00,NODE_02,27.35987,88.66507,36.57,71.07,-0.0003,-0.003,11.05
2023-06-07 22:00:00,NODE_03,27.32649,88.60522,36.9,70.6,0.0005,-0.0109,11.05
2023-06-07 22:00:00,NODE_04,27.36949,88.5676,36.94,70.84,0.0075,-0.0108,11.05
2023-06-07 22:00:00,NODE_05,27.35503,88.67429,37.4,70.84,0.0067,0.0048,11.05
2023-06-07 22:00:00,NODE_06,27.3375,88.61639,36.77,71.29,0.0159,0.0027,11.05
2023-06-07 22:00:00,NODE_07,27.35687,88.65051,36.88,71.13,-0.0015,-0.0144,11.05
2023-06-07 22:00:00,NODE_08,27.3729,88.65823,37.39,70.62,0.0084,-0.0008,11.05
2023-06-07 22:00:00,NODE_09,27.32405,88.62626,36.96,70.98,-0.0072,-0.0122,11.05
2023-06-07 22:00:00,NODE_10,27.28763,88.57017,36.65,71.09,-0.005,0.0058,11.05
2023-06-07 23:00:00,NODE_01,27.29535,88.6231,37.97,71.07,0.001,-0.0013,11.05
2023-06-07 23:00:00,NODE_02,27.35987,88.66507,37.6,71.29,0.0107,-0.0064,11.05
2023-06-07 23:00:00,NODE_03,27.32649,88.60522,36.96,71.16,0.0037,0.0056,11.05
2023-06-07 23:00:00,NODE_04,27.36949,88.5676,37.21,71.01,-0.0042,-0.0065,11.05
2023-06-07 23:00:00,NODE_05,27.35503,88.67429,37.33,70.89,0.0042,0.0024,11.05
2023-06-07 23:00:00,NODE_06,27.3375,88.61639,36.99,71.13,0.0088,0.0228,11.05
2023-06-07 23:00:00,NODE_07,27.35687,88.65051,37.18,71.6,-0.0048,-0.0043,11.05
2023-06-07 23:00:00,NODE_08,27.3729,88.65823,37.87,70.96,0.0014,0.0139,11.05
2023-06-07 23:00:00,NODE_09,27.32405,88.62626,37.63,70.66,-0.0148,0.0048,11.05
2023-06-07 23:00:00,NODE_10,27.28763,88.57017,37.03,70.47,-0.0049,0.0119,11.05
2023-06-08 00:00:00,NODE_01,27.29535,88.6231,37.75,71.03,-0.0024,-0.0061,7.5
2023-06-08 00:00:00,NODE_02,27.35987,88.66507,37.34,71.12,0.0076,-0.003,7.5
2023-06-08 00:00:00,NODE_03,27.32649,88.60522,38.49,70.61,-0.017,0.0061,7.5
2023-06-08 00:00:00,NODE_04,27.36949,88.5676,37.99,71.52,-0.0123,-0.003,7.5
2023-06-08 00:00:00,NODE_05,27.35503,88.67429,37.74,71.6,-0.0031,0.0033,7.5
2023-06-08 00:00:00,NODE_06,27.3375,88.61639,37.87,71.79,-0.0092,0.0094,7.5
2023-06-08 00:00:00,NODE_07,27.35687,88.65051,37.65,71.72,-0.0004,-0.0184,7.5
2023-06-08 00:00:00,NODE_08,27.3729,88.65823,37.88,71.2,-0.0051,-0.0197,7.5
2023-06-08 00:00:00,NODE_09,27.32405,88.62626,36.86,71.47,0.0024,0.0068,7.5
2023-06-08 00:00:00,NODE_10,27.28763,88.57017,37.44,71.73,0.0049,0.0073,7.5
2023-06-08 01:00:00,NODE_01,27.29535,88.6231,37.74,71.6,-0.0096,-0.0078,7.5
2023-06-08 01:00:00,NODE_02,27.35987,88.66507,37.73,71.52,0.0133,0.0054,7.5
2023-06-08 01:00:00,NODE_03,27.32649,88.60522,38.22,71.37,0.005,0.0089,7.5
2023-06-08 01:00:00,NODE_04,27.36949,88.5676,37.91,71.32,0.0028,0.0025,7.5
2023-06-08 01:00:00,NODE_05,27.35503,88.67429,37.5,71.53,-0.0104,-0.0047,7.5
2023-06-08 01:00:00,NODE_06,27.3375,88.61639,37.32,71.92,-0.0166,-0.0035,7.5
2023-06-08 01:00:00,NODE_07,27.35687,88.65051,38.13,71.49,0.0071,-0.0103,7.5
2023-06-08 01:00:00,NODE_08,27.3729,88.65823,37.18,71.35,-0.0014,0.0045,7.5
2023-06-08 01:00:00,NODE_09,27.32405,88.62626,36.99,70.9,0.0123,0.0052,7.5
2023-06-08 01:00:00,NODE_10,27.28763,88.57017,37.26,71.95,0.0052,0.0106,7.5
2023-06-08 02:00:00,NODE_01,27.29535,88.6231,37.72,71.62,-0.0098,0.0267,7.5
2023-06-08 02:00:00,NODE_02,27.35987,88.66507,36.89,71.97,-0.0193,-0.0081,7.5
2023-06-08 02:00:00,NODE_03,27.32649,88.60522,37.76,72.05,-0.0082,0.0031,7.5
2023-06-08 02:00:00,NODE_04,27.36949,88.5676,36.96,72.39,0.0143,0.0001,7.5
2023-06-08 02:00:00,NODE_05,27.35503,88.67429,37.51,71.53,-0.0057,-0.0021,7.5
2023-06-08 02:00:00,NODE_06,27.3375,88.61639,37.18,71.4,0.015,-0.0055,7.5
2023-06-08 02:00:00,NODE_07,27.35687,88.65051,36.73,72.63,-0.0099,0.0032,7.5
2023-06-08 02:00:00,NODE_08,27.3729,88.65823,37.69,71.15,-0.0028,0.0109,7.5
2023-06-08 02:00:00,NODE_09,27.32405,88.62626,38.25,72.02,0.0128,0.0013,7.5
2023-06-08 02:00:00,NODE_10,27.28763,88.57017,37.4,72.09,0.0107,-0.0008,7.5
2023-06-08 03:00:00,NODE_01,27.29535,88.6231,37.27,71.86,0.0028,-0.0026,7.5
2023-06-08 03:00:00,NODE_02,27.35987,88.66507,37.34,72.39,0.0025,0.0076,7.5
2023-06-08 03:00:00,NODE_03,27.32649,88.60522,37.07,71.94,0.0128,-0.0117,7.5
2023-06-08 03:00:00,NODE_04,27.36949,88.5676,36.71,72.1,-0.0065,0.0021,7.5
2023-06-08 03:00:00,NODE_05,27.35503,88.67429,37.41,71.85,-0.007,0.0116,7.5
2023-06-08 03:00:00,NODE_06,27.3375,88.61639,37.29,71.96,-0.015,0.0124,7.5
2023-06-08 03:00:00,NODE_07,27.35687,88.65051,36.75,72.3,-0.012,0.0034,7.5
2023-06-08 03:00:00,NODE_08,27.3729,88.65823,37.51,71.94,0.0057,-0.0009,7.5
2023-06-08 03:00:00,NODE_09,27.32405,88.62626,37.24,71.69,0.0138,-0.0032,7.5
2023-06-08 03:00:00,NODE_10,27.28763,88.57017,37.32,72.27,0.0105,-0.0007,7.5
2023-06-08 04:00:00,NODE_01,27.29535,88.6231,37.09,72.42,0.01,-0.0146,7.5
2023-06-08 04:00:00,NODE_02,27.35987,88.66507,36.85,72.24,0.0069,0.0213,7.5
2023-06-08 04:00:00,NODE_03,27.32649,88.60522,36.92,72.23,-0.0035,0.0069,7.5
2023-06-08 04:00:00,NODE_04,27.36949,88.5676,37.42,72.25,-0.0073,-0.0152,7.5
2023-06-08 04:00:00,NODE_05,27.35503,88.67429,37.46,72.47,-0.0256,0.0141,7.5
2023-06-08 04:00:00,NODE_06,27.3375,88.61639,37.36,72.07,0.0158,-0.0079,7.5
2023-06-08 04:00:00,NODE_07,27.35687,88.65051,36.49,72.25,0.0148,-0.0031,7.5
2023-06-08 04:00:00,NODE_08,27.3729,88.65823,36.31,72.12,0.0011,0.0065,7.5
2023-06-08 04:00:00,NODE_09,27.32405,88.62626,36.64,72.49,0.0042,0.0021,7.5
2023-06-08 04:00:00,NODE_10,27.28763,88.57017,37.14,72.27,-0.0017,0.0201,7.5
2023-06-08 05:00:00,NODE_01,27.29535,88.6231,37.19,72.04,-0.0013,-0.007,7.5
2023-06-08 05:00:00,NODE_02,27.35987,88.66507,37.42,72.23,-0.0153,-0.0006,7.5
2023-06-08 05:00:00,NODE_03,27.32649,88.60522,37.41,71.5,-0.0112,-0.0,7.5
2023-06-08 05:00:00,NODE_04,27.36949,88.5676,36.31,72.95,0.0122,0.0067,7.5
2023-06-08 05:00:00,NODE_05,27.35503,88.67429,37.42,72.58,-0.0101,-0.0122,7.5
2023-06-08 05:00:00,NODE_06,27.3375,88.61639,36.53,71.98,0.0067,-0.0041,7.5
2023-06-08 05:00:00,NODE_07,27.35687,88.65051,37.42,71.98,-0.0073,0.0112,7.5
2023-06-08 05:00:00,NODE_08,27.3729,88.65823,37.43,72.67,-0.0079,0.001,7.5
2023-06-08 05:00:00,NODE_09,27.32405,88.62626,36.96,71.97,0.0009,0.0038,7.5
2023-06-08 05:00:00,NODE_10,27.28763,88.57017,36.57,72.38,0.0284,0.0169,7.5
2023-06-08 06:00:00,NODE_01,27.29535,88.6231,36.66,72.94,0.0007,-0.0005,7.5
2023-06-08 06:00:00,NODE_02,27.35987,88.66507,36.81,72.39,-0.0065,-0.0134,7.5
2023-06-08 06:00:00,NODE_03,27.32649,88.60522,36.54,72.48,0.0008,-0.0048,7.5
2023-06-08 06:00:00,NODE_04,27.36949,88.5676,36.9,72.64,-0.0046,0.0,7.5
2023-06-08 06:00:00,NODE_05,27.35503,88.67429,36.81,72.16,0.016,-0.0021,7.5
2023-06-08 06:00:00,NODE_06,27.3375,88.61639,36.29,72.13,-0.0008,-0.0024,7.5
2023-06-08 06:00:00,NODE_07,27.35687,88.65051,36.44,71.99,0.0035,0.0135,7.5
2023-06-08 06:00:00,NODE_08,27.3729,88.65823,35.69,72.14,-0.0022,-0.0078,7.5
2023-06-08 06:00:00,NODE_09,27.32405,88.62626,36.26,72.97,0.0128,0.0044,7.5
2023-06-08 06:00:00,NODE_10,27.28763,88.57017,37.08,72.35,0.0155,0.0071,7.5
2023-06-08 07:00:00,NODE_01,27.29535,88.6231,36.22,72.38,0.0057,0.0055,7.5
2023-06-08 07:00:00,NODE_02,27.35987,88.66507,37.0,72.74,-0.0084,-0.0134,7.5
2023-06-08 07:00:00,NODE_03,27.32649,88.60522,36.25,72.87,-0.0092,-0.0029,7.5
2023-06-08 07:00:00,NODE_04,27.36949,88.5676,37.15,72.93,-0.0041,0.0255,7.5
2023-06-08 07:00:00,NODE_05,27.35503,88.67429,37.19,72.49,0.0037,0.0084,7.5
2023-06-08 07:00:00,NODE_06,27.3375,88.61639,36.52,72.49,0.0044,0.0036,7.5
2023-06-08 07:00:00,NODE_07,27.35687,88.65051,36.38,72.17,-0.002,-0.0007,7.5
2023-06-08 07:00:00,NODE_08,27.3729,88.65823,36.92,72.5,-0.0153,-0.0081,7.5
2023-06-08 07:00:00,NODE_09,27.32405,88.62626,36.39,72.28,-0.0111,0.0261,7.5
2023-06-08 07:00:00,NODE_10,27.28763,88.57017,36.72,72.64,-0.0066,0.0111,7.5
2023-06-08 08:00:00,NODE_01,27.29535,88.6231,36.17,72.75,-0.0097,0.0055,7.5
2023-06-08 08:00:00,NODE_02,27.35987,88.66507,36.03,72.71,0.0002,0.0078,7.5
2023-06-08 08:00:00,NODE_03,27.32649,88.60522,37.08,73.06,0.0127,-0.0069,7.5
2023-06-08 08:00:00,NODE_04,27.36949,88.5676,36.98,72.74,-0.0037,-0.0039,7.5
2023-06-08 08:00:00,NODE_05,27.35503,88.67429,36.37,73.01,-0.0038,0.0188,7.5
2023-06-08 08:00:00,NODE_06,27.3375,88.61639,36.55,72.69,0.0047,-0.0019,7.5
2023-06-08 08:00:00,NODE_07,27.35687,88.65051,35.69,72.46,-0.0016,0.0025,7.5
2023-06-08 08:00:00,NODE_08,27.3729,88.65823,36.08,73.19,-0.0018,0.0071,7.5
2023-06-08 08:00:00,NODE_09,27.32405,88.62626,35.75,72.17,-0.0044,-0.0092,7.5
2023-06-08 08:00:00,NODE_10,27.28763,88.57017,36.97,73.11,0.0013,0.0086,7.5
2023-06-08 09:00:00,NODE_01,27.29535,88.6231,36.42,73.66,0.0074,0.0068,7.5
2023-06-08 09:00:00,NODE_02,27.35987,88.66507,36.19,72.95,0.0163,-0.0006,7.5
2023-06-08 09:00:00,NODE_03,27.32649,88.60522,36.15,73.36,0.0,0.0089,7.5
2023-06-08 09:00:00,NODE_04,27.36949,88.5676,36.46,72.71,-0.0006,0.0032,7.5
2023-06-08 09:00:00,NODE_05,27.35503,88.67429,36.6,73.13,0.004,0.0178,7.5
2023-06-08 09:00:00,NODE_06,27.3375,88.61639,36.75,73.11,-0.002,-0.0132,7.5
2023-06-08 09:00:00,NODE_07,27.35687,88.65051,36.06,73.29,0.0143,-0.0045,7.5
2023-06-08 09:00:00,NODE_08,27.3729,88.65823,36.45,73.05,0.0,-0.0064,7.5
2023-06-08 09:00:00,NODE_09,27.32405,88.62626,35.85,72.85,0.0171,0.0323,7.5
2023-06-08 09:00:00,NODE_10,27.28763,88.57017,36.5,73.26,-0.0199,-0.0121,7.5
2023-06-08 10:00:00,NODE_01,27.29535,88.6231,36.0,73.55,0.0082,-0.0064,7.5
2023-06-08 10:00:00,NODE_02,27.35987,88.66507,35.6,72.7,0.0202,0.0088,7.5
2023-06-08 10:00:00,NODE_03,27.32649,88.60522,36.7,73.15,-0.0015,-0.0142,7.5
2023-06-08 10:00:00,NODE_04,27.36949,88.5676,36.28,73.07,-0.0157,0.0283,7.5
2023-06-08 10:00:00,NODE_05,27.35503,88.67429,36.17,72.86,-0.0195,-0.008,7.5
2023-06-08 10:00:00,NODE_06,27.3375,88.61639,35.57,73.46,0.0143,0.0116,7.5
2023-06-08 10:00:00,NODE_07,27.35687,88.65051,36.34,73.15,-0.0009,0.0063,7.5
2023-06-08 10:00:00,NODE_08,27.3729,88.65823,36.2,73.26,0.0181,-0.0152,7.5
2023-06-08 10:00:00,NODE_09,27.32405,88.62626,35.83,73.32,-0.0107,-0.0126,7.5
2023-06-08 10:00:00,NODE_10,27.28763,88.57017,35.86,73.53,0.0003,-0.0004,7.5
2023-06-08 11:00:00,NODE_01,27.29535,88.6231,35.97,73.35,0.026,0.0034,4.61
2023-06-08 11:00:00,NODE_02,27.35987,88.66507,35.67,73.52,-0.0081,-0.0053,4.61
2023-06-08 11:00:00,NODE_03,27.32649,88.60522,35.27,73.27,0.0059,-0.0099,4.61
2023-06-08 11:00:00,NODE_04,27.36949,88.5676,36.73,74.05,-0.0054,0.0019,4.61
2023-06-08 11:00:00,NODE_05,27.35503,88.67429,35.61,73.52,0.0028,0.0128,4.61
2023-06-08 11:00:00,NODE_06,27.3375,88.61639,35.7,73.41,0.0139,-0.004,4.61
2023-06-08 11:00:00,NODE_07,27.35687,88.65051,35.93,72.92,-0.0036,-0.0119,4.61
2023-06-08 11:00:00,NODE_08,27.3729,88.65823,35.82,73.34,0.0135,0.0012,4.61
2023-06-08 11:00:00,NODE_09,27.32405,88.62626,36.28,73.29,-0.0003,0.0039,4.61
2023-06-08 11:00:00,NODE_10,27.28763,88.57017,36.35,73.0,0.0167,0.015,4.61
2023-06-08 12:00:00,NODE_01,27.29535,88.6231,35.94,73.14,-0.0038,-0.0088,4.61
2023-06-08 12:00:00,NODE_02,27.35987,88.66507,35.56,72.89,0.0053,0.0083,4.61
2023-06-08 12:00:00,NODE_03,27.32649,88.60522,35.88,73.03,-0.01,-0.0033,4.61
2023-06-08 12:00:00,NODE_04,27.36949,88.5676,34.74,73.7,0.0023,-0.0007,4.61
2023-06-08 12:00:00,NODE_05,27.35503,88.67429,35.74,73.14,0.0128,0.0006,4.61
2023-06-08 12:00:00,NODE_06,27.3375,88.61639,36.14,73.59,0.0016,0.0202,4.61
2023-06-08 12:00:00,NODE_07,27.35687,88.65051,35.63,73.17,-0.0027,0.018,4.61
2023-06-08 12:00:00,NODE_08,27.3729,88.65823,35.85,73.45,-0.0103,-0.0051,4.61
2023-06-08 12:00:00,NODE_09,27.32405,88.62626,35.85,73.5,0.0063,-0.0119,4.61
2023-06-08 12:00:00,NODE_10,27.28763,88.57017,35.78,73.04,0.0278,0.0072,4.61
2023-06-08 13:00:00,NODE_01,27.29535,88.6231,35.43,73.35,-0.0046,-0.0062,5.18
2023-06-08 13:00:00,NODE_02,27.35987,88.66507,35.29,73.18,0.0056,-0.0016,5.18
2023-06-08 13:00:00,NODE_03,27.32649,88.60522,36.41,73.48,-0.0129,0.0161,5.18
2023-06-08 13:00:00,NODE_04,27.36949,88.5676,35.39,73.69,0.0022,-0.0099,5.18
2023-06-08 13:00:00,NODE_05,27.35503,88.67429,35.78,73.89,-0.0012,0.0104,5.18
2023-06-08 13:00:00,NODE_06,27.3375,88.61639,36.37,73.38,-0.006,0.003,5.18
2023-06-08 13:00:00,NODE_07,27.35687,88.65051,34.95,73.21,-0.005,0.0114,5.18
2023-06-08 13:00:00,NODE_08,27.3729,88.65823,35.54,73.95,0.002,-0.012,5.18
2023-06-08 13:00:00,NODE_09,27.32405,88.62626,35.83,73.48,0.0008,0.0031,5.18
2023-06-08 13:00:00,NODE_10,27.28763,88.57017,35.9,73.53,-0.0012,-0.0006,5.18
2023-06-08 14:00:00,NODE_01,27.29535,88.6231,35.79,73.62,0.0077,-0.0092,5.18
2023-06-08 14:00:00,NODE_02,27.35987,88.66507,35.0,73.41,0.0039,-0.0073,5.18
2023-06-08 14:00:00,NODE_03,27.32649,88.60522,35.5,73.25,0.0041,0.0105,5.18
2023-06-08 14:00:00,NODE_04,27.36949,88.5676,35.82,73.4,0.0116,0.0153,5.18
2023-06-08 14:00:00,NODE_05,27.35503,88.67429,35.47,73.74,-0.0177,0.0079,5.18
2023-06-08 14:00:00,NODE_06,27.3375,88.61639,35.09,73.73,0.0131,0.0127,5.18
2023-06-08 14:00:00,NODE_07,27.35687,88.65051,35.35,73.61,-0.0067,-0.012,5.18
2023-06-08 14:00:00,NODE_08,27.3729,88.65823,35.77,73.52,0.0022,0.0007,5.18
2023-06-08 14:00:00,NODE_09,27.32405,88.62626,35.47,73.08,0.0115,0.0098,5.18
2023-06-08 14:00:00,NODE_10,27.28763,88.57017,35.77,73.42,0.0033,0.0151,5.18
2023-06-08 15:00:00,NODE_01,27.29535,88.6231,36.04,73.69,0.0082,-0.0119,9.41
2023-06-08 15:00:00,NODE_02,27.35987,88.66507,35.32,74.03,0.004,-0.004,9.41
2023-06-08 15:00:00,NODE_03,27.32649,88.60522,35.78,73.15,-0.011,-0.0164,9.41
2023-06-08 15:00:00,NODE_04,27.36949,88.5676,35.75,74.04,0.0184,-0.0116,9.41
2023-06-08 15:00:00,NODE_05,27.35503,88.67429,36.05,73.32,-0.0041,-0.0126,9.41
2023-06-08 15:00:00,NODE_06,27.3375,88.61639,35.59,73.58,-0.0202,0.0063,9.41
2023-06-08 15:00:00,NODE_07,27.35687,88.65051,35.95,73.18,-0.005,-0.0079,9.41
2023-06-08 15:00:00,NODE_08,27.3729,88.65823,36.76,73.28,-0.0023,0.0077,9.41
2023-06-08 15:00:00,NODE_09,27.32405,88.62626,36.22,73.64,0.0153,0.0003,9.41
2023-06-08 15:00:00,NODE_10,27.28763,88.57017,35.84,73.87,0.0061,0.0037,9.41
2023-06-08 16:00:00,NODE_01,27.29535,88.6231,36.11,73.73,-0.0054,0.0106,12.7
2023-06-08 16:00:00,NODE_02,27.35987,88.66507,35.67,73.36,0.003,-0.012,12.7
2023-06-08 16:00:00,NODE_03,27.32649,88.60522,36.13,73.46,-0.011,0.0135,12.7
2023-06-08 16:00:00,NODE_04,27.36949,88.5676,37.1,73.44,0.0151,0.0043,12.7
2023-06-08 16:00:00,NODE_05,27.35503,88.67429,36.95,73.59,0.0128,0.0055,12.7
2023-06-08 16:00:00,NODE_06,27.3375,88.61639,36.75,73.58,0.0044,0.0132,12.7
2023-06-08 16:00:00,NODE_07,27.35687,88.65051,36.2,73.62,0.0166,0.0042,12.7
2023-06-08 16:00:00,NODE_08,27.3729,88.65823,36.06,73.86,-0.0017,0.0002,12.7
2023-06-08 16:00:00,NODE_09,27.32405,88.62626,36.25,73.53,0.0048,0.0097,12.7
2023-06-08 16:00:00,NODE_10,27.28763,88.57017,36.64,73.5,0.0198,0.0076,12.7
2023-06-08 17:00:00,NODE_01,27.29535,88.6231,37.88,73.84,-0.004,0.0069,12.7
2023-06-08 17:00:00,NODE_02,27.35987,88.66507,36.88,73.36,0.0169,0.0199,12.7
2023-06-08 17:00:00,NODE_03,27.32649,88.60522,37.74,74.34,0.0084,0.0135,12.7
2023-06-08 17:00:00,NODE_04,27.36949,88.5676,37.29,73.46,0.0091,-0.0047,12.7
2023-06-08 17:00:00,NODE_05,27.35503,88.67429,37.29,73.68,0.0026,0.0101,12.7
2023-06-08 17:00:00,NODE_06,27.3375,88.61639,37.07,74.37,0.0074,0.0057,12.7
2023-06-08 17:00:00,NODE_07,27.35687,88.65051,37.57,73.69,0.0071,-0.0034,12.7
2023-06-08 17:00:00,NODE_08,27.3729,88.65823,36.03,73.59,-0.0035,-0.0107,12.7
2023-06-08 17:00:00,NODE_09,27.32405,88.62626,37.01,73.39,0.0139,-0.0042,12.7
2023-06-08 17:00:00,NODE_10,27.28763,88.57017,37.25,74.35,-0.0098,0.0037,12.7
2023-06-08 18:00:00,NODE_01,27.29535,88.6231,37.3,73.9,0.0054,0.0098,12.7
2023-06-08 18:00:00,NODE_02,27.35987,88.66507,37.75,73.48,0.011,-0.001,12.7
2023-06-08 18:00:00,NODE_03,27.32649,88.60522,37.19,73.91,0.0053,-0.0117,12.7
2023-06-08 18:00:00,NODE_04,27.36949,88.5676,37.56,73.87,-0.0015,-0.0019,12.7
2023-06-08 18:00:00,NODE_05,27.35503,88.67429,36.32,73.99,-0.0142,-0.0002,12.7
2023-06-08 18:00:00,NODE_06,27.3375,88.61639,37.2,73.21,-0.0083,0.0024,12.7
2023-06-08 18:00:00,NODE_07,27.35687,88.65051,37.86,73.45,-0.0035,0.0054,12.7
2023-06-08 18:00:00,NODE_08,27.3729,88.65823,37.34,73.82,0.0187,0.0048,12.7
2023-06-08 18:00:00,NODE_09,27.32405,88.62626,37.67,73.77,-0.0093,-0.0205,12.7
2023-06-08 18:00:00,NODE_10,27.28763,88.57017,37.16,73.85,0.0266,0.0054,12.7
2023-06-08 19:00:00,NODE_01,27.29535,88.6231,36.65,73.65,-0.0083,0.0004,12.7
2023-06-08 19:00:00,NODE_02,27.35987,88.66507,36.68,74.24,-0.0106,0.0064,12.7
2023-06-08 19:00:00,NODE_03,27.32649,88.60522,37.28,74.17,-0.0125,-0.0252,12.7
2023-06-08 19:00:00,NODE_04,27.36949,88.5676,37.21,74.75,-0.0062,-0.0142,12.7
2023-06-08 19:00:00,NODE_05,27.35503,88.67429,37.99,74.01,0.0237,-0.0025,12.7
2023-06-08 19:00:00,NODE_06,27.3375,88.61639,37.41,73.46,0.0097,0.0109,12.7
2023-06-08 19:00:00,NODE_07,27.35687,88.65051,37.1,74.31,0.0098,-0.0036,12.7
2023-06-08 19:00:00,NODE_08,27.3729,88.65823,37.12,74.08,-0.0042,0.0104,12.7
2023-06-08 19:00:00,NODE_09,27.32405,88.62626,37.2,73.82,-0.0016,0.0063,12.7
2023-06-08 19:00:00,NODE_10,27.28763,88.57017,36.46,74.68,-0.0032,0.0061,12.7
2023-06-08 20:00:00,NODE_01,27.29535,88.6231,36.71,74.05,-0.0041,0.0078,12.7
2023-06-08 20:00:00,NODE_02,27.35987,88.66507,36.58,73.02,0.008,-0.0054,12.7
2023-06-08 20:00:00,NODE_03,27.32649,88.60522,36.64,74.08,-0.0062,-0.0007,12.7
2023-06-08 20:00:00,NODE_04,27.36949,88.5676,36.92,74.87,0.0002,0.0134,12.7
2023-06-08 20:00:00,NODE_05,27.35503,88.67429,37.01,73.86,-0.0125,-0.0157,12.7
2023-06-08 20:00:00,NODE_06,27.3375,88.61639,37.75,74.27,-0.0003,0.0249,12.7
2023-06-08 20:00:00,NODE_07,27.35687,88.65051,37.42,73.89,-0.0159,0.0152,12.7
2023-06-08 20:00:00,NODE_08,27.3729,88.65823,36.98,73.85,0.0034,0.0221,12.7
2023-06-08 20:00:00,NODE_09,27.32405,88.62626,37.12,74.4,0.0241,0.0003,12.7
2023-06-08 20:00:00,NODE_10,27.28763,88.57017,36.85,74.48,-0.0117,0.013,12.7
2023-06-08 21:00:00,NODE_01,27.29535,88.6231,36.54,74.61,0.0009,-0.0176,12.7
2023-06-08 21:00:00,NODE_02,27.35987,88.66507,37.66,73.69,0.0089,-0.0105,12.7
2023-06-08 21:00:00,NODE_03,27.32649,88.60522,37.57,73.84,-0.009,0.0112,12.7
2023-06-08 21:00:00,NODE_04,27.36949,88.5676,36.73,74.31,0.0059,-0.0028,12.7
2023-06-08 21:00:00,NODE_05,27.35503,88.67429,36.62,73.92,-0.0024,0.0068,12.7
2023-06-08 21:00:00,NODE_06,27.3375,88.61639,36.42,74.22,-0.0055,-0.0027,12.7
2023-06-08 21:00:00,NODE_07,27.35687,88.65051,36.9,73.83,0.0138,0.0001,12.7
2023-06-08 21:00:00,NODE_08,27.3729,88.65823,36.58,74.06,-0.0253,0.0144,12.7
2023-06-08 21:00:00,NODE_09,27.32405,88.62626,36.88,73.96,0.0194,-0.0048,12.7
2023-06-08 21:00:00,NODE_10,27.28763,88.57017,37.03,74.14,-0.0032,0.0143,12.7
2023-06-08 22:00:00,NODE_01,27.29535,88.6231,36.79,74.05,0.01,0.0086,8.09
2023-06-08 22:00:00,NODE_02,27.35987,88.66507,36.51,74.96,0.0031,-0.0023,8.09
2023-06-08 22:00:00,NODE_03,27.32649,88.60522,37.23,74.8,0.0178,0.0159,8.09
2023-06-08 22:00:00,NODE_04,27.36949,88.5676,36.88,74.38,0.0082,-0.0122,8.09
2023-06-08 22:00:00,NODE_05,27.35503,88.67429,36.32,74.63,-0.0104,0.0021,8.09
2023-06-08 22:00:00,NODE_06,27.3375,88.61639,37.37,74.02,0.0096,0.0079,8.09
2023-06-08 22:00:00,NODE_07,27.35687,88.65051,37.23,74.54,0.013,0.0242,8.09
2023-06-08 22:00:00,NODE_08,27.3729,88.65823,37.12,74.48,0.0082,-0.0101,8.09
2023-06-08 22:00:00,NODE_09,27.32405,88.62626,37.27,74.1,-0.0128,-0.0041,8.09
2023-06-08 22:00:00,NODE_10,27.28763,88.57017,37.2,75.21,-0.0081,-0.0045,8.09
2023-06-08 23:00:00,NODE_01,27.29535,88.6231,36.48,74.52,-0.006,0.0018,8.09
2023-06-08 23:00:00,NODE_02,27.35987,88.66507,36.72,74.45,0.0113,0.011,8.09
2023-06-08 23:00:00,NODE_03,27.32649,88.60522,36.58,74.01,0.0091,-0.0087,8.09
2023-06-08 23:00:00,NODE_04,27.36949,88.5676,36.28,74.21,0.0062,0.0125,8.09
2023-06-08 23:00:00,NODE_05,27.35503,88.67429,36.46,74.67,-0.0104,-0.0092,8.09
2023-06-08 23:00:00,NODE_06,27.3375,88.61639,36.36,74.27,-0.0109,-0.0001,8.09
2023-06-08 23:00:00,NODE_07,27.35687,88.65051,37.41,74.45,0.0224,0.006,8.09
2023-06-08 23:00:00,NODE_08,27.3729,88.65823,36.04,74.3,0.0118,0.0086,8.09
2023-06-08 23:00:00,NODE_09,27.32405,88.62626,37.11,74.21,-0.0001,0.0041,8.09
2023-06-08 23:00:00,NODE_10,27.28763,88.57017,36.91,74.79,0.0042,0.0036,8.09
2023-06-09 00:00:00,NODE_01,27.29535,88.6231,36.28,74.44,-0.0184,0.0063,8.09
2023-06-09 00:00:00,NODE_02,27.35987,88.66507,36.68,74.06,0.0019,-0.0052,8.09
2023-06-09 00:00:00,NODE_03,27.32649,88.60522,35.96,74.61,-0.0042,0.0175,8.09
2023-06-09 00:00:00,NODE_04,27.36949,88.5676,36.8,74.84,-0.0012,-0.005,8.09
2023-06-09 00:00:00,NODE_05,27.35503,88.67429,36.19,74.73,-0.0045,-0.0033,8.09
2023-06-09 00:00:00,NODE_06,27.3375,88.61639,36.56,74.43,0.0087,0.0051,8.09
2023-06-09 00:00:00,NODE_07,27.35687,88.65051,35.98,74.69,0.0101,-0.0135,8.09
2023-06-09 00:00:00,NODE_08,27.3729,88.65823,36.6,74.87,-0.0105,0.0026,8.09
2023-06-09 00:00:00,NODE_09,27.32405,88.62626,36.17,75.11,0.0014,-0.0081,8.09
2023-06-09 00:00:00,NODE_10,27.28763,88.57017,36.31,74.87,-0.0165,0.0127,8.09
2023-06-09 01:00:00,NODE_01,27.29535,88.6231,36.5,74.82,-0.0192,0.0038,8.09
2023-06-09 01:00:00,NODE_02,27.35987,88.66507,36.51,74.5,0.002,-0.0087,8.09
2023-06-09 01:00:00,NODE_03,27.32649,88.60522,36.86,74.87,0.0058,-0.0223,8.09
2023-06-09 01:00:00,NODE_04,27.36949,88.5676,36.51,74.97,0.0079,0.0033,8.09
2023-06-09 01:00:00,NODE_05,27.35503,88.67429,35.95,74.87,0.0064,0.0015,8.09
2023-06-09 01:00:00,NODE_06,27.3375,88.61639,36.88,75.1,-0.0198,0.0004,8.09
2023-06-09 01:00:00,NODE_07,27.35687,88.65051,36.56,74.34,0.0044,0.0209,8.09
2023-06-09 01:00:00,NODE_08,27.3729,88.65823,36.5,74.39,-0.0051,-0.0115,8.09
2023-06-09 01:00:00,NODE_09,27.32405,88.62626,35.54,74.46,0.0042,0.0038,8.09
2023-06-09 01:00:00,NODE_10,27.28763,88.57017,35.98,74.91,0.0014,-0.0013,8.09
2023-06-09 02:00:00,NODE_01,27.29535,88.6231,36.21,74.76,-0.0126,-0.0099,8.09
2023-06-09 02:00:00,NODE_02,27.35987,88.66507,35.47,74.64,0.0012,0.0016,8.09
2023-06-09 02:00:00,NODE_03,27.32649,88.60522,35.93,75.06,-0.0136,-0.0037,8.09
2023-06-09 02:00:00,NODE_04,27.36949,88.5676,36.52,75.26,0.0126,0.0084,8.09
2023-06-09 02:00:00,NODE_05,27.35503,88.67429,35.81,74.68,0.0129,-0.0056,8.09
2023-06-09 02:00:00,NODE_06,27.3375,88.61639,36.21,75.3,0.0029,-0.0216,8.09
2023-06-09 02:00:00,NODE_07,27.35687,88.65051,36.6,75.05,0.0129,0.011,8.09
2023-06-09 02:00:00,NODE_08,27.3729,88.65823,36.21,74.49,0.0045,0.0028,8.09
2023-06-09 02:00:00,NODE_09,27.32405,88.62626,35.79,75.14,0.0127,0.0119,8.09
2023-06-09 02:00:00,NODE_10,27.28763,88.57017,36.01,75.16,0.0066,-0.0131,8.09
2023-06-09 03:00:00,NODE_01,27.29535,88.6231,36.04,75.4,-0.0131,-0.015,8.09
2023-06-09 03:00:00,NODE_02,27.35987,88.66507,35.82,74.96,-0.0202,0.005,8.09
2023-06-09 03:00:00,NODE_03,27.32649,88.60522,35.47,74.86,-0.0067,-0.0042,8.09
2023-06-09 03:00:00,NODE_04,27.36949,88.5676,35.46,75.38,0.0088,0.0047,8.09
2023-06-09 03:00:00,NODE_05,27.35503,88.67429,36.12,75.0,-0.0039,0.0,8.09
2023-06-09 03:00:00,NODE_06,27.3375,88.61639,35.79,75.52,0.0004,-0.002,8.09
2023-06-09 03:00:00,NODE_07,27.35687,88.65051,35.52,75.55,-0.0063,0.0038,8.09
2023-06-09 03:00:00,NODE_08,27.3729,88.65823,36.11,75.44,0.0002,0.0192,8.09
2023-06-09 03:00:00,NODE_09,27.32405,88.62626,35.55,74.52,0.0184,0.0206,8.09
2023-06-09 03:00:00,NODE_10,27.28763,88.57017,35.52,75.26,0.0148,-0.0091,8.09
2023-06-09 04:00:00,NODE_01,27.29535,88.6231,35.91,75.19,-0.0015,-0.0071,8.09
2023-06-09 04:00:00,NODE_02,27.35987,88.66507,35.1,75.32,-0.0008,0.0164,8.09
2023-06-09 04:00:00,NODE_03,27.32649,88.60522,35.04,74.58,0.001,0.0115,8.09
2023-06-09 04:00:00,NODE_04,27.36949,88.5676,35.07,75.11,-0.0003,-0.022,8.09
2023-06-09 04:00:00,NODE_05,27.35503,88.67429,36.56,75.77,-0.0101,-0.0175,8.09
2023-06-09 04:00:00,NODE_06,27.3375,88.61639,36.04,74.63,-0.0054,0.01,8.09
2023-06-09 04:00:00,NODE_07,27.35687,88.65051,35.52,74.6,-0.004,0.0065,8.09
2023-06-09 04:00:00,NODE_08,27.3729,88.65823,36.13,74.49,0.0047,0.012,8.09
2023-06-09 04:00:00,NODE_09,27.32405,88.62626,36.08,75.05,0.0004,0.014,8.09
2023-06-09 04:00:00,NODE_10,27.28763,88.57017,34.9,74.9,0.0068,-0.0084,8.09
2023-06-09 05:00:00,NODE_01,27.29535,88.6231,35.83,74.71,-0.0119,0.0056,8.09
2023-06-09 05:00:00,NODE_02,27.35987,88.66507,36.57,74.96,-0.0067,0.0035,8.09
2023-06-09 05:00:00,NODE_03,27.32649,88.60522,35.33,74.93,0.0045,0.013,8.09
2023-06-09 05:00:00,NODE_04,27.36949,88.5676,35.59,75.39,-0.0083,0.007,8.09
2023-06-09 05:00:00,NODE_05,27.35503,88.67429,35.92,75.43,0.0048,0.0135,8.09
2023-06-09 05:00:00,NODE_06,27.3375,88.61639,35.52,74.76,0.0039,-0.0077,8.09
2023-06-09 05:00:00,NODE_07,27.35687,88.65051,35.35,75.14,-0.0006,-0.0119,8.09
2023-06-09 05:00:00,NODE_08,27.3729,88.65823,35.61,75.02,-0.0029,-0.0101,8.09
2023-06-09 05:00:00,NODE_09,27.32405,88.62626,35.96,75.03,0.0112,0.0016,8.09
2023-06-09 05:00:00,NODE_10,27.28763,88.57017,34.97,75.13,0.0142,-0.0046,8.09
2023-06-09 06:00:00,NODE_01,27.29535,88.6231,34.59,75.35,-0.007,0.0069,8.09
2023-06-09 06:00:00,NODE_02,27.35987,88.66507,34.79,74.72,-0.0119,0.0064,8.09
2023-06-09 06:00:00,NODE_03,27.32649,88.60522,34.85,74.98,-0.001,0.0095,8.09
2023-06-09 06:00:00,NODE_04,27.36949,88.5676,36.59,75.07,-0.0086,-0.001,8.09
2023-06-09 06:00:00,NODE_05,27.35503,88.67429,35.88,75.05,0.0051,0.0002,8.09
2023-06-09 06:00:00,NODE_06,27.3375,88.61639,35.64,74.8,-0.0008,0.0092,8.09
2023-06-09 06:00:00,NODE_07,27.35687,88.65051,35.38,74.85,0.0137,-0.018,8.09
2023-06-09 06:00:00,NODE_08,27.3729,88.65823,35.29,75.64,0.0186,0.0001,8.09
2023-06-09 06:00:00,NODE_09,27.32405,88.62626,35.02,75.36,0.0065,0.0026,8.09
2023-06-09 06:00:00,NODE_10,27.28763,88.57017,35.98,75.25,-0.0061,-0.0075,8.09
2023-06-09 07:00:00,NODE_01,27.29535,88.6231,35.13,74.95,-0.0077,-0.0137,8.09
2023-06-09 07:00:00,NODE_02,27.35987,88.66507,34.85,75.15,0.0143,0.0072,8.09
2023-06-09 07:00:00,NODE_03,27.32649,88.60522,35.02,74.99,0.0025,-0.0135,8.09
2023-06-09 07:00:00,NODE_04,27.36949,88.5676,35.78,75.48,-0.0068,-0.0033,8.09
2023-06-09 07:00:00,NODE_05,27.35503,88.67429,35.12,75.03,0.0024,-0.011,8.09
2023-06-09 07:00:00,NODE_06,27.3375,88.61639,35.19,75.65,0.0105,0.0018,8.09
2023-06-09 07:00:00,NODE_07,27.35687,88.65051,35.13,75.92,-0.0086,-0.0004,8.09
2023-06-09 07:00:00,NODE_08,27.3729,88.65823,35.47,75.12,-0.0067,0.0049,8.09
2023-06-09 07:00:00,NODE_09,27.32405,88.62626,34.97,75.35,-0.0002,-0.004,8.09
2023-06-09 07:00:00,NODE_10,27.28763,88.57017,36.02,75.42,0.0039,0.0103,8.09
2023-06-09 08:00:00,NODE_01,27.29535,88.6231,34.25,75.03,-0.0044,-0.0098,8.09
2023-06-09 08:00:00,NODE_02,27.35987,88.66507,34.7,74.72,0.005,-0.0115,8.09
2023-06-09 08:00:00,NODE_03,27.32649,88.60522,35.42,75.52,0.0008,0.0086,8.09
2023-06-09 08:00:00,NODE_04,27.36949,88.5676,34.9,75.2,0.0026,-0.0011,8.09
2023-06-09 08:00:00,NODE_05,27.35503,88.67429,35.16,74.38,0.0028,-0.0246,8.09
2023-06-09 08:00:00,NODE_06,27.3375,88.61639,35.46,75.42,0.0056,-0.0019,8.09
2023-06-09 08:00:00,NODE_07,27.35687,88.65051,35.04,75.51,-0.0096,0.0138,8.09
2023-06-09 08:00:00,NODE_08,27.3729,88.65823,35.36,75.57,0.0269,-0.0173,8.09
2023-06-09 08:00:00,NODE_09,27.32405,88.62626,34.53,75.07,-0.017,-0.0047,8.09
2023-06-09 08:00:00,NODE_10,27.28763,88.57017,35.42,75.45,-0.0223,-0.0028,8.09
2023-06-09 09:00:00,NODE_01,27.29535,88.6231,35.4,75.3,0.0132,-0.0072,11.64
2023-06-09 09:00:00,NODE_02,27.35987,88.66507,34.78,74.63,-0.0003,-0.0096,11.64
2023-06-09 09:00:00,NODE_03,27.32649,88.60522,35.23,74.87,-0.0016,0.0051,11.64
2023-06-09 09:00:00,NODE_04,27.36949,88.5676,35.55,75.51,0.0052,-0.0161,11.64
2023-06-09 09:00:00,NODE_05,27.35503,88.67429,35.55,75.59,-0.0011,0.0103,11.64
2023-06-09 09:00:00,NODE_06,27.3375,88.61639,34.82,75.34,0.0045,0.0091,11.64
2023-06-09 09:00:00,NODE_07,27.35687,88.65051,35.72,75.24,0.0024,0.004,11.64
2023-06-09 09:00:00,NODE_08,27.3729,88.65823,35.74,75.39,0.0124,-0.017,11.64
2023-06-09 09:00:00,NODE_09,27.32405,88.62626,35.43,74.9,0.0102,0.0087,11.64
2023-06-09 09:00:00,NODE_10,27.28763,88.57017,35.36,75.34,-0.0011,0.0126,11.64
2023-06-09 10:00:00,NODE_01,27.29535,88.6231,35.64,75.06,0.0066,-0.0036,11.64
2023-06-09 10:00:00,NODE_02,27.35987,88.66507,36.18,74.43,-0.0056,-0.0108,11.64
2023-06-09 10:00:00,NODE_03,27.32649,88.60522,35.78,75.33,-0.003,-0.0167,11.64
2023-06-09 10:00:00,NODE_04,27.36949,88.5676,35.93,75.53,-0.0141,0.0019,11.64
2023-06-09 10:00:00,NODE_05,27.35503,88.67429,35.38,75.53,0.001,0.0056,11.64
2023-06-09 10:00:00,NODE_06,27.3375,88.61639,35.23,75.4,0.0029,0.0068,11.64
2023-06-09 10:00:00,NODE_07,27.35687,88.65051,34.88,74.8,0.0072,0.0171,11.64
2023-06-09 10:00:00,NODE_08,27.3729,88.65823,34.95,75.22,0.0083,0.0015,11.64
2023-06-09 10:00:00,NODE_09,27.32405,88.62626,35.62,75.56,0.0061,-0.0031,11.64
2023-06-09 10:00:00,NODE_10,27.28763,88.57017,35.08,75.15,0.0039,-0.0113,11.64
2023-06-09 11:00:00,NODE_01,27.29535,88.6231,36.46,75.49,0.0002,-0.0136,12.91
2023-06-09 11:00:00,NODE_02,27.35987,88.66507,37.01,74.52,0.003,-0.0133,12.91
2023-06-09 11:00:00,NODE_03,27.32649,88.60522,35.75,75.3,-0.0043,-0.0207,12.91
2023-06-09 11:00:00,NODE_04,27.36949,88.5676,35.5,75.47,-0.005,-0.0136,12.91
2023-06-09 11:00:00,NODE_05,27.35503,88.67429,35.87,75.16,-0.0018,0.0021,12.91
2023-06-09 11:00:00,NODE_06,27.3375,88.61639,35.48,75.33,-0.0047,0.0042,12.91
2023-06-09 11:00:00,NODE_07,27.35687,88.65051,35.65,74.88,-0.007,0.0132,12.91
2023-06-09 11:00:00,NODE_08,27.3729,88.65823,35.97,75.2,-0.0104,0.0017,12.91
2023-06-09 11:00:00,NODE_09,27.32405,88.62626,36.36,74.9,0.0039,0.0037,12.91
2023-06-09 11:00:00,NODE_10,27.28763,88.57017,35.98,75.17,0.0048,-0.0035,12.91
2023-06-09 12:00:00,NODE_01,27.29535,88.6231,36.5,75.02,-0.0046,-0.0142,12.91
2023-06-09 12:00:00,NODE_02,27.35987,88.66507,35.84,74.75,0.0099,0.008,12.91
2023-06-09 12:00:00,NODE_03,27.32649,88.60522,36.05,75.57,0.0023,0.0104,12.91
2023-06-09 12:00:00,NODE_04,27.36949,88.5676,36.57,75.72,0.0024,-0.0029,12.91
2023-06-09 12:00:00,NODE_05,27.35503,88.67429,36.37,74.92,0.0107,0.0086,12.91
2023-06-09 12:00:00,NODE_06,27.3375,88.61639,36.0,75.02,-0.003,0.0102,12.91
2023-06-09 12:00:00,NODE_07,27.35687,88.65051,36.29,75.43,0.0067,0.0002,12.91
2023-06-09 12:00:00,NODE_08,27.3729,88.65823,35.6,74.63,0.0091,-0.0184,12.91
2023-06-09 12:00:00,NODE_09,27.32405,88.62626,36.22,74.44,-0.0098,-0.0096,12.91
2023-06-09 12:00:00,NODE_10,27.28763,88.57017,36.27,75.02,-0.0157,0.001,12.91
2023-06-09 13:00:00,NODE_01,27.29535,88.6231,36.09,75.1,-0.0043,-0.0082,12.34
2023-06-09 13:00:00,NODE_02,27.35987,88.66507,35.48,74.71,-0.0083,0.0029,12.34
2023-06-09 13:00:00,NODE_03,27.32649,88.60522,36.78,75.29,0.0041,-0.0018,12.34
2023-06-09 13:00:00,NODE_04,27.36949,88.5676,35.94,75.04,-0.009,0.0016,12.34
2023-06-09 13:00:00,NODE_05,27.35503,88.67429,36.45,75.04,0.0223,0.0086,12.34
2023-06-09 13:00:00,NODE_06,27.3375,88.61639,35.4,75.53,0.0025,0.002,12.34
2023-06-09 13:00:00,NODE_07,27.35687,88.65051,36.23,74.83,0.0137,0.0118,12.34
2023-06-09 13:00:00,NODE_08,27.3729,88.65823,36.23,75.21,0.006,0.0039,12.34
2023-06-09 13:00:00,NODE_09,27.32405,88.62626,36.25,74.61,0.0196,0.0137,12.34
2023-06-09 13:00:00,NODE_10,27.28763,88.57017,36.34,75.6,-0.0039,0.0081,12.34
2023-06-09 14:00:00,NODE_01,27.29535,88.6231,35.64,75.14,0.0033,0.0009,12.34
2023-06-09 14:00:00,NODE_02,27.35987,88.66507,34.95,75.19,-0.0,0.0008,12.34
2023-06-09 14:00:00,NODE_03,27.32649,88.60522,35.7,75.61,0.002,-0.0129,12.34
2023-06-09 14:00:00,NODE_04,27.36949,88.5676,35.81,75.24,0.0043,0.0107,12.34
2023-06-09 14:00:00,NODE_05,27.35503,88.67429,35.87,75.57,0.0018,0.0019,12.34
2023-06-09 14:00:00,NODE_06,27.3375,88.61639,35.57,75.34,-0.0017,-0.0164,12.34
2023-06-09 14:00:00,NODE_07,27.35687,88.65051,35.42,74.88,0.012,0.0152,12.34
2023-06-09 14:00:00,NODE_08,27.3729,88.65823,36.13,75.41,-0.0212,0.0109,12.34
2023-06-09 14:00:00,NODE_09,27.32405,88.62626,35.23,74.73,0.0015,-0.0032,12.34
2023-06-09 14:00:00,NODE_10,27.28763,88.57017,36.12,75.28,-0.0025,0.0114,12.34
2023-06-09 15:00:00,NODE_01,27.29535,88.6231,35.88,75.23,0.0058,-0.0118,8.11
2023-06-09 15:00:00,NODE_02,27.35987,88.66507,35.58,74.79,0.0087,-0.0259,8.11
2023-06-09 15:00:00,NODE_03,27.32649,88.60522,35.83,75.38,-0.0118,-0.0021,8.11
2023-06-09 15:00:00,NODE_04,27.36949,88.5676,35.69,75.52,-0.0031,-0.0082,8.11
2023-06-09 15:00:00,NODE_05,27.35503,88.67429,35.2,75.45,-0.0001,-0.0025,8.11
2023-06-09 15:00:00,NODE_06,27.3375,88.61639,35.24,75.05,0.0111,-0.0038,8.11
2023-06-09 15:00:00,NODE_07,27.35687,88.65051,35.91,75.32,0.0035,-0.0008,8.11
2023-06-09 15:00:00,NODE_08,27.3729,88.65823,35.57,75.45,-0.014,-0.0022,8.11
2023-06-09 15:00:00,NODE_09,27.32405,88.62626,35.43,75.44,-0.0114,0.0109,8.11
2023-06-09 15:00:00,NODE_10,27.28763,88.57017,36.17,75.45,-0.0043,-0.0054,8.11
2023-06-09 16:00:00,NODE_01,27.29535,88.6231,35.31,75.78,-0.0091,-0.0012,4.83
2023-06-09 16:00:00,NODE_02,27.35987,88.66507,35.39,74.25,-0.0194,0.0206,4.83
2023-06-09 16:00:00,NODE_03,27.32649,88.60522,34.89,75.6,-0.01,0.0036,4.83
2023-06-09 16:00:00,NODE_04,27.36949,88.5676,35.98,75.21,-0.0072,0.0145,4.83
2023-06-09 16:00:00,NODE_05,27.35503,88.67429,35.4,75.73,0.0026,-0.0042,4.83
2023-06-09 16:00:00,NODE_06,27.3375,88.61639,36.11,75.62,0.0009,-0.018,4.83
2023-06-09 16:00:00,NODE_07,27.35687,88.65051,36.05,75.4,-0.0009,-0.0021,4.83
2023-06-09 16:00:00,NODE_08,27.3729,88.65823,35.23,76.16,0.0036,0.0006,4.83
2023-06-09 16:00:00,NODE_09,27.32405,88.62626,35.9,75.97,-0.013,-0.007,4.83
2023-06-09 16:00:00,NODE_10,27.28763,88.57017,36.3,75.64,0.0073,0.0099,4.83
2023-06-09 17:00:00,NODE_01,27.29535,88.6231,35.36,75.67,0.0004,0.0106,4.83
2023-06-09 17:00:00,NODE_02,27.35987,88.66507,35.1,74.9,-0.0006,-0.0089,4.83
2023-06-09 17:00:00,NODE_03,27.32649,88.60522,35.97,75.06,0.004,-0.0008,4.83
2023-06-09 17:00:00,NODE_04,27.36949,88.5676,35.06,75.56,0.0005,0.0095,4.83
2023-06-09 17:00:00,NODE_05,27.35503,88.67429,34.79,75.58,-0.0066,0.0042,4.83
2023-06-09 17:00:00,NODE_06,27.3375,88.61639,34.97,75.34,0.0038,0.0066,4.83
2023-06-09 17:00:00,NODE_07,27.35687,88.65051,35.34,75.52,0.0174,0.0014,4.83
2023-06-09 17:00:00,NODE_08,27.3729,88.65823,35.6,75.54,-0.0013,0.0057,4.83
2023-06-09 17:00:00,NODE_09,27.32405,88.62626,35.15,74.73,0.0068,-0.0076,4.83
2023-06-09 17:00:00,NODE_10,27.28763,88.57017,35.2,75.63,-0.0022,-0.0168,4.83
2023-06-09 18:00:00,NODE_01,27.29535,88.6231,35.6,76.03,-0.0203,-0.013,4.83
2023-06-09 18:00:00,NODE_02,27.35987,88.66507,35.3,75.08,-0.0043,0.0205,4.83
2023-06-09 18:00:00,NODE_03,27.32649,88.60522,35.02,74.75,0.0147,-0.0155,4.83
2023-06-09 18:00:00,NODE_04,27.36949,88.5676,34.52,75.59,0.0039,-0.0043,4.83
2023-06-09 18:00:00,NODE_05,27.35503,88.67429,35.24,75.86,0.0076,0.014,4.83
2023-06-09 18:00:00,NODE_06,27.3375,88.61639,34.69,75.55,-0.014,0.009,4.83
2023-06-09 18:00:00,NODE_07,27.35687,88.65051,34.8,75.31,0.0002,-0.0241,4.83
2023-06-09 18:00:00,NODE_08,27.3729,88.65823,35.15,75.67,-0.0052,0.0044,4.83
2023-06-09 18:00:00,NODE_09,27.32405,88.62626,34.56,75.13,0.0071,0.0133,4.83
2023-06-09 18:00:00,NODE_10,27.28763,88.57017,36.33,75.68,0.001,0.0087,4.83
2023-06-09 19:00:00,NODE_01,27.29535,88.6231,34.96,76.21,0.0021,-0.0021,5.93
2023-06-09 19:00:00,NODE_02,27.35987,88.66507,35.34,75.05,-0.0013,-0.0145,5.93
2023-06-09 19:00:00,NODE_03,27.32649,88.60522,35.6,75.68,0.0015,0.0189,5.93
2023-06-09 19:00:00,NODE_04,27.36949,88.5676,35.31,76.1,-0.0085,-0.0111,5.93
2023-06-09 19:00:00,NODE_05,27.35503,88.67429,35.29,75.69,0.0044,-0.001,5.93
2023-06-09 19:00:00,NODE_06,27.3375,88.61639,35.28,75.45,0.0094,0.0094,5.93
2023-06-09 19:00:00,NODE_07,27.35687,88.65051,35.53,75.73,0.0094,0.0028,5.93
2023-06-09 19:00:00,NODE_08,27.3729,88.65823,35.75,75.86,0.0108,-0.0167,5.93
2023-06-09 19:00:00,NODE_09,27.32405,88.62626,35.51,75.4,-0.0046,-0.0063,5.93
2023-06-09 19:00:00,NODE_10,27.28763,88.57017,34.38,75.44,-0.0049,-0.0134,5.93
2023-06-09 20:00:00,NODE_01,27.29535,88.6231,35.48,75.24,0.0076,0.0102,5.93
2023-06-09 20:00:00,NODE_02,27.35987,88.66507,35.29,75.71,-0.005,-0.0081,5.93
2023-06-09 20:00:00,NODE_03,27.32649,88.60522,35.11,75.71,-0.0041,0.01,5.93
2023-06-09 20:00:00,NODE_04,27.36949,88.5676,34.34,75.74,-0.0024,-0.0144,5.93
2023-06-09 20:00:00,NODE_05,27.35503,88.67429,35.05,75.82,-0.0042,0.0148,5.93
2023-06-09 20:00:00,NODE_06,27.3375,88.61639,35.83,75.77,-0.0058,0.0049,5.93
2023-06-09 20:00:00,NODE_07,27.35687,88.65051,35.85,75.23,0.0196,0.0072,5.93
2023-06-09 20:00:00,NODE_08,27.3729,88.65823,35.87,75.69,-0.0088,-0.0091,5.93
2023-06-09 20:00:00,NODE_09,27.32405,88.62626,34.93,75.84,0.0046,-0.0157,5.93
2023-06-09 20:00:00,NODE_10,27.28763,88.57017,34.85,75.81,0.0106,0.0045,5.93
2023-06-09 21:00:00,NODE_01,27.29535,88.6231,35.41,75.58,-0.0028,-0.0042,5.93
2023-06-09 21:00:00,NODE_02,27.35987,88.66507,35.01,75.08,0.0014,-0.022,5.93
2023-06-09 21:00:00,NODE_03,27.32649,88.60522,35.38,75.73,0.0022,-0.0034,5.93
2023-06-09 21:00:00,NODE_04,27.36949,88.5676,35.01,76.0,0.0047,0.0027,5.93
2023-06-09 21:00:00,NODE_05,27.35503,88.67429,35.23,74.94,0.009,0.0037,5.93
2023-06-09 21:00:00,NODE_06,27.3375,88.61639,35.09,75.57,-0.0104,0.0097,5.93
2023-06-09 21:00:00,NODE_07,27.35687,88.65051,34.78,75.69,0.0084,0.0014,5.93
2023-06-09 21:00:00,NODE_08,27.3729,88.65823,35.53,75.53,-0.0046,-0.004,5.93
2023-06-09 21:00:00,NODE_09,27.32405,88.62626,35.56,75.15,0.0067,-0.0104,5.93
2023-06-09 21:00:00,NODE_10,27.28763,88.57017,35.21,75.64,0.0114,0.0113,5.93
2023-06-09 22:00:00,NODE_01,27.29535,88.6231,34.6,75.21,0.0182,-0.0057,5.93
2023-06-09 22:00:00,NODE_02,27.35987,88.66507,34.54,75.52,0.0192,0.0036,5.93
2023-06-09 22:00:00,NODE_03,27.32649,88.60522,35.25,75.44,-0.0114,-0.003,5.93
2023-06-09 22:00:00,NODE_04,27.36949,88.5676,35.46,75.76,-0.0076,-0.0074,5.93
2023-06-09 22:00:00,NODE_05,27.35503,88.67429,35.15,75.2,0.0002,0.0038,5.93
2023-06-09 22:00:00,NODE_06,27.3375,88.61639,34.97,75.24,0.0165,-0.0158,5.93
2023-06-09 22:00:00,NODE_07,27.35687,88.65051,35.0,75.57,-0.01,0.0034,5.93
2023-06-09 22:00:00,NODE_08,27.3729,88.65823,35.08,75.55,-0.0065,-0.0086,5.93
2023-06-09 22:00:00,NODE_09,27.32405,88.62626,34.98,75.56,0.0014,0.0086,5.93
2023-06-09 22:00:00,NODE_10,27.28763,88.57017,35.2,75.71,-0.0031,0.0089,5.93
2023-06-09 23:00:00,NODE_01,27.29535,88.6231,35.22,75.33,-0.0088,0.0116,5.93
2023-06-09 23:00:00,NODE_02,27.35987,88.66507,35.1,75.25,-0.0032,-0.011,5.93
2023-06-09 23:00:00,NODE_03,27.32649,88.60522,34.65,76.04,0.0131,0.0036,5.93
2023-06-09 23:00:00,NODE_04,27.36949,88.5676,35.06,75.5,-0.0166,0.012,5.93
2023-06-09 23:00:00,NODE_05,27.35503,88.67429,34.94,75.46,-0.0097,0.0241,5.93
2023-06-09 23:00:00,NODE_06,27.3375,88.61639,35.35,75.61,0.007,-0.0011,5.93
2023-06-09 23:00:00,NODE_07,27.35687,88.65051,35.27,75.68,-0.0124,-0.0004,5.93
2023-06-09 23:00:00,NODE_08,27.3729,88.65823,35.56,75.48,0.0051,0.0147,5.93
2023-06-09 23:00:00,NODE_09,27.32405,88.62626,34.72,75.31,-0.007,0.0076,5.93
2023-06-09 23:00:00,NODE_10,27.28763,88.57017,34.76,76.07,0.0285,-0.0164,5.93
2023-06-10 00:00:00,NODE_01,27.29535,88.6231,34.96,75.37,0.0022,-0.0031,5.93
2023-06-10 00:00:00,NODE_02,27.35987,88.66507,34.69,75.24,0.0029,-0.0107,5.93
2023-06-10 00:00:00,NODE_03,27.32649,88.60522,35.12,75.46,0.0019,-0.0113,5.93
2023-06-10 00:00:00,NODE_04,27.36949,88.5676,35.1,75.69,-0.0154,-0.0068,5.93
2023-06-10 00:00:00,NODE_05,27.35503,88.67429,34.2,75.88,0.0035,0.0165,5.93
2023-06-10 00:00:00,NODE_06,27.3375,88.61639,35.04,75.62,0.0098,-0.0141,5.93
2023-06-10 00:00:00,NODE_07,27.35687,88.65051,34.73,75.86,-0.003,-0.02,5.93
2023-06-10 00:00:00,NODE_08,27.3729,88.65823,34.78,75.74,-0.0172,0.0063,5.93
2023-06-10 00:00:00,NODE_09,27.32405,88.62626,35.23,76.17,0.0096,-0.0076,5.93
2023-06-10 00:00:00,NODE_10,27.28763,88.57017,34.49,75.85,-0.0077,-0.0045,5.93
2023-06-10 01:00:00,NODE_01,27.29535,88.6231,34.58,75.23,-0.0004,0.011,5.93
2023-06-10 01:00:00,NODE_02,27.35987,88.66507,34.9,74.99,0.0199,-0.0137,5.93
2023-06-10 01:00:00,NODE_03,27.32649,88.60522,34.24,75.71,-0.0067,0.0032,5.93
2023-06-10 01:00:00,NODE_04,27.36949,88.5676,34.79,75.85,-0.0042,-0.009,5.93
2023-06-10 01:00:00,NODE_05,27.35503,88.67429,34.44,76.1,0.0024,0.0168,5.93
2023-06-10 01:00:00,NODE_06,27.3375,88.61639,34.71,75.67,0.0045,-0.0036,5.93
2023-06-10 01:00:00,NODE_07,27.35687,88.65051,33.84,75.35,0.0071,0.0166,5.93
2023-06-10 01:00:00,NODE_08,27.3729,88.65823,34.35,75.55,-0.005,-0.0111,5.93
2023-06-10 01:00:00,NODE_09,27.32405,88.62626,34.02,75.41,0.0084,-0.0063,5.93
2023-06-10 01:00:00,NODE_10,27.28763,88.57017,35.42,75.51,0.0101,0.0072,5.93
2023-06-10 02:00:00,NODE_01,27.29535,88.6231,34.09,75.21,-0.001,0.0043,5.93
2023-06-10 02:00:00,NODE_02,27.35987,88.66507,34.71,75.21,-0.0055,0.0078,5.93
2023-06-10 02:00:00,NODE_03,27.32649,88.60522,34.71,75.74,-0.0017,-0.0133,5.93
2023-06-10 02:00:00,NODE_04,27.36949,88.5676,35.36,75.99,-0.0132,0.0023,5.93
2023-06-10 02:00:00,NODE_05,27.35503,88.67429,34.56,75.46,0.0096,-0.008,5.93
2023-06-10 02:00:00,NODE_06,27.3375,88.61639,34.16,75.81,-0.0009,0.0162,5.93
2023-06-10 02:00:00,NODE_07,27.35687,88.65051,34.57,75.26,0.0044,-0.0037,5.93
2023-06-10 02:00:00,NODE_08,27.3729,88.65823,34.13,75.77,-0.0172,-0.0021,5.93
2023-06-10 02:00:00,NODE_09,27.32405,88.62626,34.97,75.46,0.0057,0.0067,5.93
2023-06-10 02:00:00,NODE_10,27.28763,88.57017,34.18,75.62,-0.0095,0.0069,5.93
2023-06-10 03:00:00,NODE_01,27.29535,88.6231,33.91,75.45,-0.0011,-0.0034,5.93
2023-06-10 03:00:00,NODE_02,27.35987,88.66507,33.69,74.97,0.0181,0.0071,5.93
2023-06-10 03:00:00,NODE_03,27.32649,88.60522,34.1,76.05,-0.0053,-0.0007,5.93
2023-06-10 03:00:00,NODE_04,27.36949,88.5676,34.02,75.57,-0.0035,-0.0069,5.93
2023-06-10 03:00:00,NODE_05,27.35503,88.67429,34.89,75.29,0.0083,0.0219,5.93
2023-06-10 03:00:00,NODE_06,27.3375,88.61639,34.44,75.29,-0.0028,0.0109,5.93
2023-06-10 03:00:00,NODE_07,27.35687,88.65051,33.86,74.92,0.0221,-0.0062,5.93
2023-06-10 03:00:00,NODE_08,27.3729,88.65823,33.97,75.25,-0.0031,0.0113,5.93
2023-06-10 03:00:00,NODE_09,27.32405,88.62626,34.0,75.35,-0.0083,0.0132,5.93
2023-06-10 03:00:00,NODE_10,27.28763,88.57017,33.85,76.11,0.0077,0.0028,5.93
2023-06-10 04:00:00,NODE_01,27.29535,88.6231,33.9,75.08,0.0011,0.0048,5.93
2023-06-10 04:00:00,NODE_02,27.35987,88.66507,33.54,75.21,0.0001,0.0181,5.93
2023-06-10 04:00:00,NODE_03,27.32649,88.60522,34.26,75.4,0.0131,-0.0117,5.93
2023-06-10 04:00:00,NODE_04,27.36949,88.5676,34.28,75.09,0.0166,0.0001,5.93
2023-06-10 04:00:00,NODE_05,27.35503,88.67429,34.01,74.85,-0.0011,-0.0008,5.93
2023-06-10 04:00:00,NODE_06,27.3375,88.61639,33.57,75.64,0.0078,0.0066,5.93
2023-06-10 04:00:00,NODE_07,27.35687,88.65051,33.61,74.77,0.0044,0.0136,5.93
2023-06-10 04:00:00,NODE_08,27.3729,88.65823,34.11,75.55,0.0072,-0.0065,5.93
2023-06-10 04:00:00,NODE_09,27.32405,88.62626,34.18,75.17,-0.0133,-0.0007,5.93
2023-06-10 04:00:00,NODE_10,27.28763,88.57017,34.79,75.5,0.007,-0.022,5.93
2023-06-10 05:00:00,NODE_01,27.29535,88.6231,34.2,75.65,0.0085,0.0032,5.93
2023-06-10 05:00:00,NODE_02,27.35987,88.66507,33.68,75.04,0.0178,-0.0069,5.93
2023-06-10 05:00:00,NODE_03,27.32649,88.60522,33.8,75.25,-0.002,-0.0112,5.93
2023-06-10 05:00:00,NODE_04,27.36949,88.5676,33.81,75.03,-0.0138,0.0099,5.93
2023-06-10 05:00:00,NODE_05,27.35503,88.67429,34.2,75.65,-0.0047,-0.0023,5.93
2023-06-10 05:00:00,NODE_06,27.3375,88.61639,33.73,74.87,0.0113,-0.0018,5.93
2023-06-10 05:00:00,NODE_07,27.35687,88.65051,33.29,75.25,-0.0033,0.0098,5.93
2023-06-10 05:00:00,NODE_08,27.3729,88.65823,34.17,75.92,0.0074,0.0085,5.93
2023-06-10 05:00:00,NODE_09,27.32405,88.62626,34.05,75.54,0.0008,0.0055,5.93
2023-06-10 05:00:00,NODE_10,27.28763,88.57017,34.32,75.56,-0.0101,0.012,5.93
2023-06-10 06:00:00,NODE_01,27.29535,88.6231,33.46,75.05,0.0138,0.0102,5.93
2023-06-10 06:00:00,NODE_02,27.35987,88.66507,33.42,74.77,0.0075,0.0022,5.93
2023-06-10 06:00:00,NODE_03,27.32649,88.60522,33.87,74.93,0.0016,0.0165,5.93
2023-06-10 06:00:00,NODE_04,27.36949,88.5676,34.23,75.4,-0.0028,0.0012,5.93
2023-06-10 06:00:00,NODE_05,27.35503,88.67429,34.2,75.18,0.0,-0.0216,5.93
2023-06-10 06:00:00,NODE_06,27.3375,88.61639,34.42,75.29,-0.0007,-0.0099,5.93
2023-06-10 06:00:00,NODE_07,27.35687,88.65051,34.32,75.2,-0.0113,0.0027,5.93
2023-06-10 06:00:00,NODE_08,27.3729,88.65823,33.28,75.32,-0.0073,0.0138,5.93
2023-06-10 06:00:00,NODE_09,27.32405,88.62626,33.67,74.85,0.0093,0.0087,5.93
2023-06-10 06:00:00,NODE_10,27.28763,88.57017,34.28,75.71,-0.0013,0.0138,5.93
2023-06-10 07:00:00,NODE_01,27.29535,88.6231,33.89,76.1,-0.0,-0.0055,5.93
2023-06-10 07:00:00,NODE_02,27.35987,88.66507,34.02,75.28,0.0031,-0.0129,5.93
2023-06-10 07:00:00,NODE_03,27.32649,88.60522,33.28,75.78,0.0057,0.0006,5.93
2023-06-10 07:00:00,NODE_04,27.36949,88.5676,33.69,74.74,0.0213,0.0012,5.93
2023-06-10 07:00:00,NODE_05,27.35503,88.67429,33.63,76.18,0.0036,0.0033,5.93
2023-06-10 07:00:00,NODE_06,27.3375,88.61639,34.23,75.18,0.0207,0.0019,5.93
2023-06-10 07:00:00,NODE_07,27.35687,88.65051,33.38,74.84,0.0118,0.0077,5.93
2023-06-10 07:00:00,NODE_08,27.3729,88.65823,33.53,75.86,0.0053,0.0122,5.93
2023-06-10 07:00:00,NODE_09,27.32405,88.62626,33.41,74.54,0.0104,0.0215,5.93
2023-06-10 07:00:00,NODE_10,27.28763,88.57017,33.79,75.51,0.0187,0.0016,5.93
2023-06-10 08:00:00,NODE_01,27.29535,88.6231,33.09,75.04,0.0082,0.0004,5.93
2023-06-10 08:00:00,NODE_02,27.35987,88.66507,33.72,75.03,-0.0007,-0.0034,5.93
2023-06-10 08:00:00,NODE_03,27.32649,88.60522,33.68,75.37,-0.0074,0.0021,5.93
2023-06-10 08:00:00,NODE_04,27.36949,88.5676,34.27,75.92,0.0041,0.0021,5.93
2023-06-10 08:00:00,NODE_05,27.35503,88.67429,34.04,75.02,0.0048,-0.0108,5.93
2023-06-10 08:00:00,NODE_06,27.3375,88.61639,33.76,75.64,-0.002,0.0111,5.93
2023-06-10 08:00:00,NODE_07,27.35687,88.65051,33.72,74.82,-0.0001,-0.0115,5.93
2023-06-10 08:00:00,NODE_08,27.3729,88.65823,33.67,75.28,-0.0019,0.0018,5.93
2023-06-10 08:00:00,NODE_09,27.32405,88.62626,33.43,75.02,0.0058,-0.0116,5.93
2023-06-10 08:00:00,NODE_10,27.28763,88.57017,33.03,75.27,-0.0081,0.0023,5.93
2023-06-10 09:00:00,NODE_01,27.29535,88.6231,33.37,75.11,-0.007,-0.0006,2.37
2023-06-10 09:00:00,NODE_02,27.35987,88.66507,33.89,74.69,-0.0062,-0.0052,2.37
2023-06-10 09:00:00,NODE_03,27.32649,88.60522,33.47,75.29,0.0019,-0.0201,2.37
2023-06-10 09:00:00,NODE_04,27.36949,88.5676,33.24,75.49,-0.0037,-0.0169,2.37
2023-06-10 09:00:00,NODE_05,27.35503,88.67429,33.93,75.81,0.003,0.0041,2.37
2023-06-10 09:00:00,NODE_06,27.3375,88.61639,32.68,75.08,-0.0139,0.0041,2.37
2023-06-10 09:00:00,NODE_07,27.35687,88.65051,33.69,75.46,-0.0151,-0.0008,2.37
2023-06-10 09:00:00,NODE_08,27.3729,88.65823,33.71,75.13,0.0136,0.0125,2.37
2023-06-10 09:00:00,NODE_09,27.32405,88.62626,33.05,75.22,-0.0045,-0.0067,2.37
2023-06-10 09:00:00,NODE_10,27.28763,88.57017,33.49,75.09,0.004,0.005,2.37
2023-06-10 10:00:00,NODE_01,27.29535,88.6231,33.37,74.61,0.0077,0.007,2.37
2023-06-10 10:00:00,NODE_02,27.35987,88.66507,33.49,74.79,0.0008,0.0046,2.37
2023-06-10 10:00:00,NODE_03,27.32649,88.60522,33.11,76.0,0.0027,-0.006,2.37
2023-06-10 10:00:00,NODE_04,27.36949,88.5676,33.89,75.04,-0.0016,0.0039,2.37
2023-06-10 10:00:00,NODE_05,27.35503,88.67429,33.88,75.33,-0.0009,-0.0116,2.37
2023-06-10 10:00:00,NODE_06,27.3375,88.61639,32.84,75.22,-0.0172,-0.0159,2.37
2023-06-10 10:00:00,NODE_07,27.35687,88.65051,33.39,75.18,0.0002,0.0129,2.37
2023-06-10 10:00:00,NODE_08,27.3729,88.65823,33.32,75.1,-0.0013,-0.0052,2.37
2023-06-10 10:00:00,NODE_09,27.32405,88.62626,34.11,74.72,-0.008,-0.0051,2.37
2023-06-10 10:00:00,NODE_10,27.28763,88.57017,32.72,75.22,0.0034,0.0146,2.37
2023-06-10 11:00:00,NODE_01,27.29535,88.6231,34.18,75.43,-0.0076,-0.0103,1.1
2023-06-10 11:00:00,NODE_02,27.35987,88.66507,33.29,74.65,0.009,0.0102,1.1
2023-06-10 11:00:00,NODE_03,27.32649,88.60522,33.18,75.07,-0.0155,0.0046,1.1
2023-06-10 11:00:00,NODE_04,27.36949,88.5676,33.44,74.82,0.0043,0.0016,1.1
2023-06-10 11:00:00,NODE_05,27.35503,88.67429,33.39,74.73,0.01,0.018,1.1
2023-06-10 11:00:00,NODE_06,27.3375,88.61639,32.93,74.42,-0.0169,0.001,1.1
2023-06-10 11:00:00,NODE_07,27.35687,88.65051,33.32,74.46,-0.01,-0.0068,1.1
2023-06-10 11:00:00,NODE_08,27.3729,88.65823,33.3,74.88,-0.0297,0.0249,1.1
2023-06-10 11:00:00,NODE_09,27.32405,88.62626,33.01,74.86,-0.0002,0.0083,1.1
2023-06-10 11:00:00,NODE_10,27.28763,88.57017,33.3,75.32,-0.0004,0.0025,1.1
2023-06-10 12:00:00,NODE_01,27.29535,88.6231,32.53,75.16,0.0109,0.0102,1.1
2023-06-10 12:00:00,NODE_02,27.35987,88.66507,33.56,74.34,-0.0001,0.0099,1.1
2023-06-10 12:00:00,NODE_03,27.32649,88.60522,33.13,74.48,0.0025,0.0019,1.1
2023-06-10 12:00:00,NODE_04,27.36949,88.5676,33.07,75.38,0.017,0.0089,1.1
2023-06-10 12:00:00,NODE_05,27.35503,88.67429,34.02,75.04,-0.0067,0.0055,1.1
2023-06-10 12:00:00,NODE_06,27.3375,88.61639,33.01,74.73,-0.0041,-0.0191,1.1
2023-06-10 12:00:00,NODE_07,27.35687,88.65051,33.23,74.61,-0.0043,-0.01,1.1
2023-06-10 12:00:00,NODE_08,27.3729,88.65823,32.58,74.28,0.0089,0.0024,1.1
2023-06-10 12:00:00,NODE_09,27.32405,88.62626,33.54,74.35,-0.0001,-0.0025,1.1
2023-06-10 12:00:00,NODE_10,27.28763,88.57017,33.34,75.41,-0.0173,-0.0019,1.1
2023-06-10 13:00:00,NODE_01,27.29535,88.6231,33.65,74.82,0.0221,0.0047,1.97
2023-06-10 13:00:00,NODE_02,27.35987,88.66507,33.25,74.54,-0.0032,-0.0084,1.97
2023-06-10 13:00:00,NODE_03,27.32649,88.60522,32.81,74.71,-0.0005,-0.0215,1.97
2023-06-10 13:00:00,NODE_04,27.36949,88.5676,33.28,74.64,-0.0053,0.0061,1.97
2023-06-10 13:00:00,NODE_05,27.35503,88.67429,32.81,75.12,0.0248,0.0228,1.97
2023-06-10 13:00:00,NODE_06,27.3375,88.61639,32.56,74.47,-0.0023,0.008,1.97
2023-06-10 13:00:00,NODE_07,27.35687,88.65051,33.11,74.78,0.0001,0.0008,1.97
2023-06-10 13:00:00,NODE_08,27.3729,88.65823,32.69,75.03,-0.0046,0.0115,1.97
2023-06-10 13:00:00,NODE_09,27.32405,88.62626,33.47,74.94,0.0111,0.0031,1.97
2023-06-10 13:00:00,NODE_10,27.28763,88.57017,33.49,74.47,0.0083,0.0038,1.97
2023-06-10 14:00:00,NODE_01,27.29535,88.6231,33.1,74.23,-0.0012,-0.0132,1.97
2023-06-10 14:00:00,NODE_02,27.35987,88.66507,33.07,74.25,-0.0025,0.01,1.97
2023-06-10 14:00:00,NODE_03,27.32649,88.60522,32.99,74.37,0.0013,0.0021,1.97
2023-06-10 14:00:00,NODE_04,27.36949,88.5676,33.14,74.57,-0.0076,-0.002,1.97
2023-06-10 14:00:00,NODE_05,27.35503,88.67429,33.89,74.74,0.0076,-0.0102,1.97
2023-06-10 14:00:00,NODE_06,27.3375,88.61639,32.94,75.34,0.0068,-0.0069,1.97
2023-06-10 14:00:00,NODE_07,27.35687,88.65051,32.73,74.37,-0.0091,0.001,1.97
2023-06-10 14:00:00,NODE_08,27.3729,88.65823,33.01,75.32,-0.0027,-0.0036,1.97
2023-06-10 14:00:00,NODE_09,27.32405,88.62626,33.18,74.73,-0.0048,0.0012,1.97
2023-06-10 14:00:00,NODE_10,27.28763,88.57017,33.0,75.33,0.0001,-0.0001,1.97
2023-06-10 15:00:00,NODE_01,27.29535,88.6231,33.77,74.61,-0.0219,0.0121,7.0
2023-06-10 15:00:00,NODE_02,27.35987,88.66507,34.2,74.07,0.0099,-0.0004,7.0
2023-06-10 15:00:00,NODE_03,27.32649,88.60522,33.2,74.43,0.0004,0.0037,7.0
2023-06-10 15:00:00,NODE_04,27.36949,88.5676,33.75,74.56,-0.0138,0.0103,7.0
2023-06-10 15:00:00,NODE_05,27.35503,88.67429,33.91,74.98,-0.0113,0.0155,7.0
2023-06-10 15:00:00,NODE_06,27.3375,88.61639,34.31,74.29,-0.0003,-0.0122,7.0
2023-06-10 15:00:00,NODE_07,27.35687,88.65051,33.27,74.22,-0.0049,0.0065,7.0
2023-06-10 15:00:00,NODE_08,27.3729,88.65823,33.81,74.7,0.0034,0.005,7.0
2023-06-10 15:00:00,NODE_09,27.32405,88.62626,33.55,74.46,-0.004,0.0,7.0
2023-06-10 15:00:00,NODE_10,27.28763,88.57017,33.91,74.62,0.011,0.0,7.0
2023-06-10 16:00:00,NODE_01,27.29535,88.6231,34.11,74.13,-0.0055,0.0223,7.0
2023-06-10 16:00:00,NODE_02,27.35987,88.66507,34.11,73.8,0.0123,-0.0032,7.0
2023-06-10 16:00:00,NODE_03,27.32649,88.60522,35.0,74.34,0.0026,0.0128,7.0
2023-06-10 16:00:00,NODE_04,27.36949,88.5676,33.98,74.73,0.001,-0.0029,7.0
2023-06-10 16:00:00,NODE_05,27.35503,88.67429,34.6,74.91,0.0019,-0.018,7.0
2023-06-10 16:00:00,NODE_06,27.3375,88.61639,34.23,74.42,0.0084,0.0082,7.0
2023-06-10 16:00:00,NODE_07,27.35687,88.65051,34.02,74.26,-0.0074,-0.0138,7.0
2023-06-10 16:00:00,NODE_08,27.3729,88.65823,34.16,74.62,-0.0142,0.0054,7.0
2023-06-10 16:00:00,NODE_09,27.32405,88.62626,34.14,74.42,0.0205,0.0011,7.0
2023-06-10 16:00:00,NODE_10,27.28763,88.57017,33.7,74.9,0.0023,-0.0177,7.0
2023-06-10 17:00:00,NODE_01,27.29535,88.6231,35.34,74.84,0.0123,0.01,12.57
2023-06-10 17:00:00,NODE_02,27.35987,88.66507,35.04,74.12,-0.0067,-0.0071,12.57
2023-06-10 17:00:00,NODE_03,27.32649,88.60522,35.59,74.22,0.0134,-0.0066,12.57
2023-06-10 17:00:00,NODE_04,27.36949,88.5676,34.89,74.81,-0.0141,0.0025,12.57
2023-06-10 17:00:00,NODE_05,27.35503,88.67429,35.04,74.79,0.0077,0.0021,12.57
2023-06-10 17:00:00,NODE_06,27.3375,88.61639,35.25,74.37,0.0004,0.0056,12.57
2023-06-10 17:00:00,NODE_07,27.35687,88.65051,35.12,74.62,-0.0072,-0.0255,12.57
2023-06-10 17:00:00,NODE_08,27.3729,88.65823,34.83,74.32,0.0007,-0.0093,12.57
2023-06-10 17:00:00,NODE_09,27.32405,88.62626,35.39,73.9,0.0155,0.0103,12.57
2023-06-10 17:00:00,NODE_10,27.28763,88.57017,35.55,74.34,0.0006,0.0052,12.57
2023-06-10 18:00:00,NODE_01,27.29535,88.6231,35.84,74.62,0.0055,0.0143,14.63
2023-06-10 18:00:00,NODE_02,27.35987,88.66507,35.57,74.37,-0.0067,-0.0056,14.63
2023-06-10 18:00:00,NODE_03,27.32649,88.60522,36.01,73.95,-0.0118,-0.0224,14.63
2023-06-10 18:00:00,NODE_04,27.36949,88.5676,35.77,74.94,-0.0046,-0.0031,14.63
2023-06-10 18:00:00,NODE_05,27.35503,88.67429,36.24,74.58,-0.0035,-0.0063,14.63
2023-06-10 18:00:00,NODE_06,27.3375,88.61639,35.5,73.82,0.0001,0.0023,14.63
2023-06-10 18:00:00,NODE_07,27.35687,88.65051,36.08,74.6,-0.0101,0.0092,14.63
2023-06-10 18:00:00,NODE_08,27.3729,88.65823,35.81,74.68,0.0053,-0.0096,14.63
2023-06-10 18:00:00,NODE_09,27.32405,88.62626,35.94,73.89,-0.0088,-0.0097,14.63
2023-06-10 18:00:00,NODE_10,27.28763,88.57017,36.17,74.04,0.0037,0.0117,14.63
2023-06-10 19:00:00,NODE_01,27.29535,88.6231,37.21,74.41,0.0025,0.0009,13.53
2023-06-10 19:00:00,NODE_02,27.35987,88.66507,36.91,73.99,0.0038,0.0174,13.53
2023-06-10 19:00:00,NODE_03,27.32649,88.60522,37.1,74.86,-0.0034,-0.01,13.53
2023-06-10 19:00:00,NODE_04,27.36949,88.5676,35.96,74.88,-0.0091,0.0046,13.53
2023-06-10 19:00:00,NODE_05,27.35503,88.67429,37.2,74.25,-0.015,-0.0045,13.53
2023-06-10 19:00:00,NODE_06,27.3375,88.61639,35.98,74.13,-0.0058,0.0219,13.53
2023-06-10 19:00:00,NODE_07,27.35687,88.65051,37.07,74.03,-0.0048,-0.0108,13.53
2023-06-10 19:00:00,NODE_08,27.3729,88.65823,37.24,74.32,0.0036,-0.002,13.53
2023-06-10 19:00:00,NODE_09,27.32405,88.62626,36.0,74.25,0.0147,-0.0015,13.53
2023-06-10 19:00:00,NODE_10,27.28763,88.57017,36.31,74.13,-0.0099,0.0102,13.53
2023-06-10 20:00:00,NODE_01,27.29535,88.6231,36.59,73.69,0.0101,-0.0166,14.15
2023-06-10 20:00:00,NODE_02,27.35987,88.66507,37.26,75.0,0.0153,0.0031,14.15
2023-06-10 20:00:00,NODE_03,27.32649,88.60522,35.98,74.51,0.0067,-0.011,14.15
2023-06-10 20:00:00,NODE_04,27.36949,88.5676,37.11,74.59,0.0107,-0.0038,14.15
2023-06-10 20:00:00,NODE_05,27.35503,88.67429,36.33,74.62,-0.0104,-0.0052,14.15
2023-06-10 20:00:00,NODE_06,27.3375,88.61639,36.28,74.44,0.0142,0.0063,14.15
2023-06-10 20:00:00,NODE_07,27.35687,88.65051,36.91,74.43,-0.0089,-0.0061,14.15
2023-06-10 20:00:00,NODE_08,27.3729,88.65823,36.99,74.46,-0.006,0.0111,14.15
2023-06-10 20:00:00,NODE_09,27.32405,88.62626,36.04,74.47,-0.0112,-0.0122,14.15
2023-06-10 20:00:00,NODE_10,27.28763,88.57017,36.98,74.46,0.0156,0.0095,14.15
2023-06-10 21:00:00,NODE_01,27.29535,88.6231,37.29,74.2,0.0048,-0.0184,15.61
2023-06-10 21:00:00,NODE_02,27.35987,88.66507,36.81,74.59,0.0115,0.0017,15.61
2023-06-10 21:00:00,NODE_03,27.32649,88.60522,35.81,74.42,0.0048,0.0074,15.61
2023-06-10 21:00:00,NODE_04,27.36949,88.5676,36.34,74.94,-0.0051,0.0165,15.61
2023-06-10 21:00:00,NODE_05,27.35503,88.67429,36.77,74.77,0.0054,-0.0091,15.61
2023-06-10 21:00:00,NODE_06,27.3375,88.61639,36.16,74.4,-0.0153,-0.0064,15.61
2023-06-10 21:00:00,NODE_07,27.35687,88.65051,36.51,74.36,0.0059,-0.0218,15.61
2023-06-10 21:00:00,NODE_08,27.3729,88.65823,36.77,73.98,0.0099,-0.0183,15.61
2023-06-10 21:00:00,NODE_09,27.32405,88.62626,37.44,74.54,-0.0043,0.0023,15.61
2023-06-10 21:00:00,NODE_10,27.28763,88.57017,37.27,74.78,-0.0038,-0.0005,15.61
2023-06-10 22:00:00,NODE_01,27.29535,88.6231,37.08,74.81,0.0122,0.0026,19.36
2023-06-10 22:00:00,NODE_02,27.35987,88.66507,37.86,74.82,-0.0125,-0.0026,19.36
2023-06-10 22:00:00,NODE_03,27.32649,88.60522,37.18,74.8,0.0046,-0.0272,19.36
2023-06-10 22:00:00,NODE_04,27.36949,88.5676,37.25,74.52,0.004,0.0202,19.36
2023-06-10 22:00:00,NODE_05,27.35503,88.67429,36.48,74.24,-0.0175,-0.0126,19.36
2023-06-10 22:00:00,NODE_06,27.3375,88.61639,37.37,73.76,0.003,0.0052,19.36
2023-06-10 22:00:00,NODE_07,27.35687,88.65051,36.46,74.15,0.002,0.0102,19.36
2023-06-10 22:00:00,NODE_08,27.3729,88.65823,36.93,74.39,-0.01,-0.0036,19.36
2023-06-10 22:00:00,NODE_09,27.32405,88.62626,36.28,74.35,-0.0032,-0.002,19.36
2023-06-10 22:00:00,NODE_10,27.28763,88.57017,37.37,74.74,-0.0036,0.0015,19.36
2023-06-10 23:00:00,NODE_01,27.29535,88.6231,37.74,75.09,0.0092,-0.0059,19.36
2023-06-10 23:00:00,NODE_02,27.35987,88.66507,36.97,74.79,-0.0026,0.0245,19.36
2023-06-10 23:00:00,NODE_03,27.32649,88.60522,37.21,74.82,0.0275,-0.0045,19.36
2023-06-10 23:00:00,NODE_04,27.36949,88.5676,38.02,74.28,-0.016,0.0087,19.36
2023-06-10 23:00:00,NODE_05,27.35503,88.67429,37.69,74.96,-0.0145,-0.0044,19.36
2023-06-10 23:00:00,NODE_06,27.3375,88.61639,37.91,74.38,-0.0018,-0.0029,19.36
2023-06-10 23:00:00,NODE_07,27.35687,88.65051,37.45,74.48,0.0119,0.0035,19.36
2023-06-10 23:00:00,NODE_08,27.3729,88.65823,37.47,74.78,-0.0063,0.0131,19.36
2023-06-10 23:00:00,NODE_09,27.32405,88.62626,37.84,74.79,-0.0008,0.0107,19.36
2023-06-10 23:00:00,NODE_10,27.28763,88.57017,37.43,74.78,0.0129,0.0119,19.36
2023-06-11 00:00:00,NODE_01,27.29535,88.6231,37.58,75.2,0.0152,-0.0091,19.36
2023-06-11 00:00:00,NODE_02,27.35987,88.66507,37.98,75.26,-0.0093,0.0131,19.36
2023-06-11 00:00:00,NODE_03,27.32649,88.60522,37.91,74.88,0.0061,0.0143,19.36
2023-06-11 00:00:00,NODE_04,27.36949,88.5676,38.34,74.76,0.0013,0.0154,19.36
2023-06-11 00:00:00,NODE_05,27.35503,88.67429,37.68,75.01,0.0054,0.0012,19.36
2023-06-11 00:00:00,NODE_06,27.3375,88.61639,37.62,74.98,0.0078,0.0127,19.36
2023-06-11 00:00:00,NODE_07,27.35687,88.65051,37.47,74.32,0.0189,0.0031,19.36
2023-06-11 00:00:00,NODE_08,27.3729,88.65823,38.01,75.08,-0.0014,-0.0123,19.36
2023-06-11 00:00:00,NODE_09,27.32405,88.62626,37.91,75.12,0.0062,-0.0,19.36
2023-06-11 00:00:00,NODE_10,27.28763,88.57017,38.08,75.32,0.0025,0.0087,19.36
2023-06-11 01:00:00,NODE_01,27.29535,88.6231,37.99,74.54,0.0036,-0.0006,19.36
2023-06-11 01:00:00,NODE_02,27.35987,88.66507,37.8,74.62,-0.0027,-0.0072,19.36
2023-06-11 01:00:00,NODE_03,27.32649,88.60522,37.89,75.12,0.0113,0.0001,19.36
2023-06-11 01:00:00,NODE_04,27.36949,88.5676,37.1,74.86,-0.012,-0.0154,19.36
2023-06-11 01:00:00,NODE_05,27.35503,88.67429,37.72,74.77,-0.0022,0.0116,19.36
2023-06-11 01:00:00,NODE_06,27.3375,88.61639,37.87,74.99,-0.0002,0.0028,19.36
2023-06-11 01:00:00,NODE_07,27.35687,88.65051,37.52,75.17,0.0068,0.003,19.36
2023-06-11 01:00:00,NODE_08,27.3729,88.65823,37.92,75.23,0.003,0.0125,19.36
2023-06-11 01:00:00,NODE_09,27.32405,88.62626,37.88,74.8,0.0011,-0.0044,19.36
2023-06-11 01:00:00,NODE_10,27.28763,88.57017,38.03,75.14,-0.0024,0.0149,19.36
2023-06-11 02:00:00,NODE_01,27.29535,88.6231,38.2,75.26,0.0091,0.0062,19.36
2023-06-11 02:00:00,NODE_02,27.35987,88.66507,37.33,74.24,0.016,-0.0027,19.36
2023-06-11 02:00:00,NODE_03,27.32649,88.60522,37.99,75.1,-0.0031,0.009,19.36
2023-06-11 02:00:00,NODE_04,27.36949,88.5676,37.58,75.06,-0.0043,-0.0142,19.36
2023-06-11 02:00:00,NODE_05,27.35503,88.67429,38.79,75.21,-0.007,0.003,19.36
2023-06-11 02:00:00,NODE_06,27.3375,88.61639,38.21,75.33,0.0001,0.0038,19.36
2023-06-11 02:00:00,NODE_07,27.35687,88.65051,37.72,75.43,0.0045,-0.0206,19.36
2023-06-11 02:00:00,NODE_08,27.3729,88.65823,37.85,74.63,-0.0032,-0.0113,19.36
2023-06-11 02:00:00,NODE_09,27.32405,88.62626,37.16,75.07,0.0061,-0.0025,19.36
2023-06-11 02:00:00,NODE_10,27.28763,88.57017,37.29,75.38,0.0041,-0.0067,19.36
2023-06-11 03:00:00,NODE_01,27.29535,88.6231,37.4,75.63,-0.0031,-0.0145,19.36
2023-06-11 03:00:00,NODE_02,27.35987,88.66507,38.38,75.03,-0.0142,-0.0021,19.36
2023-06-11 03:00:00,NODE_03,27.32649,88.60522,36.97,75.41,-0.0099,-0.0164,19.36
2023-06-11 03:00:00,NODE_04,27.36949,88.5676,37.61,75.11,0.0221,-0.0032,19.36
2023-06-11 03:00:00,NODE_05,27.35503,88.67429,38.12,75.37,-0.0049,0.0117,19.36
2023-06-11 03:00:00,NODE_06,27.3375,88.61639,38.21,74.84,-0.0027,-0.0144,19.36
2023-06-11 03:00:00,NODE_07,27.35687,88.65051,37.46,74.98,0.0074,-0.0099,19.36
2023-06-11 03:00:00,NODE_08,27.3729,88.65823,37.59,74.81,0.0123,-0.0092,19.36
2023-06-11 03:00:00,NODE_09,27.32405,88.62626,37.57,75.06,-0.004,0.0172,19.36
2023-06-11 03:00:00,NODE_10,27.28763,88.57017,37.03,76.37,0.0063,-0.0068,19.36
2023-06-11 04:00:00,NODE_01,27.29535,88.6231,37.16,74.98,-0.006,-0.0045,19.36
2023-06-11 04:00:00,NODE_02,27.35987,88.66507,37.22,75.49,-0.0162,0.0015,19.36
2023-06-11 04:00:00,NODE_03,27.32649,88.60522,37.4,75.59,-0.0031,-0.016,19.36
2023-06-11 04:00:00,NODE_04,27.36949,88.5676,37.26,75.41,0.0093,0.0004,19.36
2023-06-11 04:00:00,NODE_05,27.35503,88.67429,36.67,76.2,-0.0147,-0.0148,19.36
2023-06-11 04:00:00,NODE_06,27.3375,88.61639,37.55,75.69,0.0139,0.0006,19.36
2023-06-11 04:00:00,NODE_07,27.35687,88.65051,37.99,75.06,0.0047,-0.0045,19.36
2023-06-11 04:00:00,NODE_08,27.3729,88.65823,37.1,75.59,0.003,-0.0015,19.36
2023-06-11 04:00:00,NODE_09,27.32405,88.62626,37.33,75.24,0.0037,-0.0157,19.36
2023-06-11 04:00:00,NODE_10,27.28763,88.57017,37.45,75.58,-0.0012,-0.0033,19.36
2023-06-11 05:00:00,NODE_01,27.29535,88.6231,36.79,75.62,0.0171,0.0151,20.86
2023-06-11 05:00:00,NODE_02,27.35987,88.66507,37.07,75.52,-0.0083,-0.007,20.86
2023-06-11 05:00:00,NODE_03,27.32649,88.60522,37.24,75.56,0.0071,0.0144,20.86
2023-06-11 05:00:00,NODE_04,27.36949,88.5676,37.77,75.88,-0.0013,-0.002,20.86
2023-06-11 05:00:00,NODE_05,27.35503,88.67429,37.46,75.84,0.0048,-0.0043,20.86
2023-06-11 05:00:00,NODE_06,27.3375,88.61639,37.16,75.46,0.0,-0.0006,20.86
2023-06-11 05:00:00,NODE_07,27.35687,88.65051,37.43,75.72,0.0005,-0.0075,20.86
2023-06-11 05:00:00,NODE_08,27.3729,88.65823,37.03,75.33,0.0008,0.0187,20.86
2023-06-11 05:00:00,NODE_09,27.32405,88.62626,38.34,75.49,0.0008,-0.0063,20.86
2023-06-11 05:00:00,NODE_10,27.28763,88.57017,37.56,75.52,0.0092,-0.0094,20.86
2023-06-11 06:00:00,NODE_01,27.29535,88.6231,37.13,75.84,0.0022,-0.0108,20.86
2023-06-11 06:00:00,NODE_02,27.35987,88.66507,37.24,75.7,0.0029,0.0044,20.86
2023-06-11 06:00:00,NODE_03,27.32649,88.60522,37.36,75.58,0.0041,0.001,20.86
2023-06-11 06:00:00,NODE_04,27.36949,88.5676,36.9,76.34,0.032,-0.0164,20.86
2023-06-11 06:00:00,NODE_05,27.35503,88.67429,37.55,76.23,-0.0081,0.0071,20.86
2023-06-11 06:00:00,NODE_06,27.3375,88.61639,37.52,76.1,0.0197,-0.0102,20.86
2023-06-11 06:00:00,NODE_07,27.35687,88.65051,37.99,75.92,-0.0003,-0.0027,20.86
2023-06-11 06:00:00,NODE_08,27.3729,88.65823,38.04,75.97,0.0026,-0.0064,20.86
2023-06-11 06:00:00,NODE_09,27.32405,88.62626,37.28,76.09,-0.0139,0.0004,20.86
2023-06-11 06:00:00,NODE_10,27.28763,88.57017,38.09,76.01,-0.0127,-0.0132,20.86
2023-06-11 07:00:00,NODE_01,27.29535,88.6231,36.58,75.78,0.008,0.0087,20.86
2023-06-11 07:00:00,NODE_02,27.35987,88.66507,36.42,76.13,0.0062,0.0145,20.86
2023-06-11 07:00:00,NODE_03,27.32649,88.60522,37.01,76.23,0.004,0.001,20.86
2023-06-11 07:00:00,NODE_04,27.36949,88.5676,36.4,75.43,-0.0092,0.0115,20.86
2023-06-11 07:00:00,NODE_05,27.35503,88.67429,37.08,76.03,-0.0054,0.0034,20.86
2023-06-11 07:00:00,NODE_06,27.3375,88.61639,37.76,75.78,0.0027,-0.0022,20.86
2023-06-11 07:00:00,NODE_07,27.35687,88.65051,37.5,75.38,-0.0102,0.0025,20.86
2023-06-11 07:00:00,NODE_08,27.3729,88.65823,36.99,75.35,0.0073,-0.0173,20.86
2023-06-11 07:00:00,NODE_09,27.32405,88.62626,37.76,76.0,0.0048,-0.0064,20.86
2023-06-11 07:00:00,NODE_10,27.28763,88.57017,37.48,76.22,0.0026,0.0047,20.86
2023-06-11 08:00:00,NODE_01,27.29535,88.6231,36.67,75.42,0.0012,-0.0048,20.86
2023-06-11 08:00:00,NODE_02,27.35987,88.66507,36.73,75.97,0.0044,-0.0131,20.86
2023-06-11 08:00:00,NODE_03,27.32649,88.60522,37.59,75.75,-0.0021,-0.0112,20.86
2023-06-11 08:00:00,NODE_04,27.36949,88.5676,37.36,75.67,0.0117,0.0215,20.86
2023-06-11 08:00:00,NODE_05,27.35503,88.67429,37.11,75.62,0.0035,-0.0086,20.86
2023-06-11 08:00:00,NODE_06,27.3375,88.61639,36.23,75.29,0.0002,0.0044,20.86
2023-06-11 08:00:00,NODE_07,27.35687,88.65051,37.47,75.81,0.0084,0.0101,20.86
2023-06-11 08:00:00,NODE_08,27.3729,88.65823,36.52,75.92,0.0024,-0.014,20.86
2023-06-11 08:00:00,NODE_09,27.32405,88.62626,36.43,76.1,0.001,0.0049,20.86
2023-06-11 08:00:00,NODE_10,27.28763,88.57017,36.55,76.21,0.008,0.004,20.86
2023-06-11 09:00:00,NODE_01,27.29535,88.6231,36.94,75.97,-0.0059,0.0055,20.86
2023-06-11 09:00:00,NODE_02,27.35987,88.66507,37.25,76.2,0.0118,-0.0113,20.86
2023-06-11 09:00:00,NODE_03,27.32649,88.60522,36.81,76.13,-0.0037,0.001,20.86
2023-06-11 09:00:00,NODE_04,27.36949,88.5676,36.64,75.92,-0.0153,0.0128,20.86
2023-06-11 09:00:00,NODE_05,27.35503,88.67429,36.96,76.49,-0.0026,0.0093,20.86
2023-06-11 09:00:00,NODE_06,27.3375,88.61639,37.45,76.28,-0.0015,-0.0,20.86
2023-06-11 09:00:00,NODE_07,27.35687,88.65051,36.71,75.97,-0.0003,-0.0148,20.86
2023-06-11 09:00:00,NODE_08,27.3729,88.65823,36.2,76.04,-0.0181,0.0093,20.86
2023-06-11 09:00:00,NODE_09,27.32405,88.62626,37.26,75.85,-0.0071,-0.0006,20.86
2023-06-11 09:00:00,NODE_10,27.28763,88.57017,37.67,76.29,0.0062,0.0025,20.86
2023-06-11 10:00:00,NODE_01,27.29535,88.6231,37.5,76.06,0.0001,0.011,23.41
2023-06-11 10:00:00,NODE_02,27.35987,88.66507,36.72,75.77,-0.0176,-0.0048,23.41
2023-06-11 10:00:00,NODE_03,27.32649,88.60522,37.68,76.25,-0.0018,-0.0115,23.41
2023-06-11 10:00:00,NODE_04,27.36949,88.5676,36.27,76.48,-0.0024,0.0109,23.41
2023-06-11 10:00:00,NODE_05,27.35503,88.67429,36.44,76.19,-0.007,-0.0053,23.41
2023-06-11 10:00:00,NODE_06,27.3375,88.61639,36.76,76.0,0.0056,-0.0141,23.41
2023-06-11 10:00:00,NODE_07,27.35687,88.65051,36.54,75.87,0.0145,-0.0001,23.41
2023-06-11 10:00:00,NODE_08,27.3729,88.65823,36.83,76.29,0.0109,-0.0135,23.41
2023-06-11 10:00:00,NODE_09,27.32405,88.62626,37.06,75.84,-0.0042,0.0026,23.41
2023-06-11 10:00:00,NODE_10,27.28763,88.57017,37.4,76.81,-0.0224,0.0035,23.41
2023-06-11 11:00:00,NODE_01,27.29535,88.6231,38.22,76.23,0.0144,0.0074,23.41
2023-06-11 11:00:00,NODE_02,27.35987,88.66507,36.76,75.81,0.0119,-0.0044,23.41
2023-06-11 11:00:00,NODE_03,27.32649,88.60522,36.78,76.05,0.0072,0.0119,23.41
2023-06-11 11:00:00,NODE_04,27.36949,88.5676,37.03,76.27,-0.0135,0.0023,23.41
2023-06-11 11:00:00,NODE_05,27.35503,88.67429,36.68,76.38,-0.0199,-0.0078,23.41
2023-06-11 11:00:00,NODE_06,27.3375,88.61639,36.88,76.12,-0.0059,-0.0027,23.41
2023-06-11 11:00:00,NODE_07,27.35687,88.65051,36.91,76.33,0.0092,0.0071,23.41
2023-06-11 11:00:00,NODE_08,27.3729,88.65823,37.47,75.93,0.0012,0.0119,23.41
2023-06-11 11:00:00,NODE_09,27.32405,88.62626,37.2,76.33,-0.004,0.0012,23.41
2023-06-11 11:00:00,NODE_10,27.28763,88.57017,36.29,76.88,-0.0013,-0.0146,23.41
2023-06-11 12:00:00,NODE_01,27.29535,88.6231,37.57,76.21,0.0056,0.0091,28.5
2023-06-11 12:00:00,NODE_02,27.35987,88.66507,38.33,76.72,-0.0031,0.02,28.5
2023-06-11 12:00:00,NODE_03,27.32649,88.60522,38.1,76.11,0.0084,0.0273,28.5
2023-06-11 12:00:00,NODE_04,27.36949,88.5676,38.29,76.21,0.0026,-0.0084,28.5
2023-06-11 12:00:00,NODE_05,27.35503,88.67429,37.87,76.25,0.0037,0.0049,28.5
2023-06-11 12:00:00,NODE_06,27.3375,88.61639,37.66,75.9,0.0015,-0.0047,28.5
2023-06-11 12:00:00,NODE_07,27.35687,88.65051,37.8,76.11,-0.0063,-0.0092,28.5
2023-06-11 12:00:00,NODE_08,27.3729,88.65823,37.57,75.74,0.0068,0.0007,28.5
2023-06-11 12:00:00,NODE_09,27.32405,88.62626,37.92,76.7,-0.0024,-0.001,28.5
2023-06-11 12:00:00,NODE_10,27.28763,88.57017,37.39,76.54,-0.0121,-0.0048,28.5
2023-06-11 13:00:00,NODE_01,27.29535,88.6231,39.43,76.38,-0.0171,-0.0115,33.22
2023-06-11 13:00:00,NODE_02,27.35987,88.66507,39.39,76.4,0.0073,0.01,33.22
2023-06-11 13:00:00,NODE_03,27.32649,88.60522,38.83,76.38,-0.0101,0.0048,33.22
2023-06-11 13:00:00,NODE_04,27.36949,88.5676,38.35,76.75,0.0006,0.0007,33.22
2023-06-11 13:00:00,NODE_05,27.35503,88.67429,38.89,76.7,0.0008,0.0001,33.22
2023-06-11 13:00:00,NODE_06,27.3375,88.61639,38.98,76.94,0.0001,0.0019,33.22
2023-06-11 13:00:00,NODE_07,27.35687,88.65051,38.6,76.27,0.0125,-0.0019,33.22
2023-06-11 13:00:00,NODE_08,27.3729,88.65823,39.45,76.5,-0.0041,-0.0003,33.22
2023-06-11 13:00:00,NODE_09,27.32405,88.62626,39.54,76.97,0.0176,-0.0129,33.22
2023-06-11 13:00:00,NODE_10,27.28763,88.57017,38.66,76.49,0.0129,-0.0029,33.22
2023-06-11 14:00:00,NODE_01,27.29535,88.6231,40.59,76.68,-0.0022,0.0111,38.36
2023-06-11 14:00:00,NODE_02,27.35987,88.66507,40.7,76.34,-0.0132,0.0094,38.36
2023-06-11 14:00:00,NODE_03,27.32649,88.60522,40.36,76.49,0.0076,-0.0063,38.36
2023-06-11 14:00:00,NODE_04,27.36949,88.5676,41.43,76.97,-0.0031,0.0211,38.36
2023-06-11 14:00:00,NODE_05,27.35503,88.67429,40.21,77.13,-0.0052,-0.0052,38.36
2023-06-11 14:00:00,NODE_06,27.3375,88.61639,40.05,76.44,0.0033,0.0009,38.36
2023-06-11 14:00:00,NODE_07,27.35687,88.65051,40.09,76.54,-0.0256,0.0047,38.36
2023-06-11 14:00:00,NODE_08,27.3729,88.65823,40.49,76.76,-0.0183,0.003,38.36
2023-06-11 14:00:00,NODE_09,27.32405,88.62626,40.59,75.88,0.0209,0.0018,38.36
2023-06-11 14:00:00,NODE_10,27.28763,88.57017,40.83,76.96,-0.0039,0.0005,38.36
2023-06-11 15:00:00,NODE_01,27.29535,88.6231,41.45,77.03,0.0178,-0.0085,33.32
2023-06-11 15:00:00,NODE_02,27.35987,88.66507,41.33,76.55,0.0,-0.0026,33.32
2023-06-11 15:00:00,NODE_03,27.32649,88.60522,41.76,76.4,-0.0065,-0.0253,33.32
2023-06-11 15:00:00,NODE_04,27.36949,88.5676,41.18,76.87,0.0109,-0.0035,33.32
2023-06-11 15:00:00,NODE_05,27.35503,88.67429,41.19,77.27,-0.0104,-0.0056,33.32
2023-06-11 15:00:00,NODE_06,27.3375,88.61639,41.4,77.26,0.0035,-0.0041,33.32
2023-06-11 15:00:00,NODE_07,27.35687,88.65051,41.68,76.31,0.0193,0.0001,33.32
2023-06-11 15:00:00,NODE_08,27.3729,88.65823,41.95,77.11,-0.0228,-0.008,33.32
2023-06-11 15:00:00,NODE_09,27.32405,88.62626,41.2,77.56,-0.0273,-0.0176,33.32
2023-06-11 15:00:00,NODE_10,27.28763,88.57017,40.56,76.81,0.0117,-0.0146,33.32
2023-06-11 16:00:00,NODE_01,27.29535,88.6231,42.04,77.06,-0.0021,0.0026,33.32
2023-06-11 16:00:00,NODE_02,27.35987,88.66507,41.77,76.79,0.0024,-0.0029,33.32
2023-06-11 16:00:00,NODE_03,27.32649,88.60522,41.74,76.88,0.0047,-0.0168,33.32
2023-06-11 16:00:00,NODE_04,27.36949,88.5676,41.9,76.88,-0.0057,-0.0045,33.32
2023-06-11 16:00:00,NODE_05,27.35503,88.67429,41.83,77.69,0.0001,-0.0107,33.32
2023-06-11 16:00:00,NODE_06,27.3375,88.61639,42.07,76.89,0.004,-0.0045,33.32
2023-06-11 16:00:00,NODE_07,27.35687,88.65051,41.46,76.37,-0.0134,0.0067,33.32
2023-06-11 16:00:00,NODE_08,27.3729,88.65823,41.56,76.95,-0.0094,0.0014,33.32
2023-06-11 16:00:00,NODE_09,27.32405,88.62626,41.62,77.19,0.0049,-0.0067,33.32
2023-06-11 16:00:00,NODE_10,27.28763,88.57017,41.82,77.48,-0.0122,-0.0093,33.32
2023-06-11 17:00:00,NODE_01,27.29535,88.6231,41.63,77.32,-0.018,0.0026,27.76
2023-06-11 17:00:00,NODE_02,27.35987,88.66507,41.29,77.06,0.0116,-0.0145,27.76
2023-06-11 17:00:00,NODE_03,27.32649,88.60522,40.54,77.43,-0.0019,0.0155,27.76
2023-06-11 17:00:00,NODE_04,27.36949,88.5676,41.12,77.48,0.0033,0.0111,27.76
2023-06-11 17:00:00,NODE_05,27.35503,88.67429,41.96,78.01,0.0048,-0.004,27.76
2023-06-11 17:00:00,NODE_06,27.3375,88.61639,41.7,77.02,0.0009,0.0007,27.76
2023-06-11 17:00:00,NODE_07,27.35687,88.65051,41.0,77.53,0.005,0.0009,27.76
2023-06-11 17:00:00,NODE_08,27.3729,88.65823,41.31,77.57,0.0052,-0.0119,27.76
2023-06-11 17:00:00,NODE_09,27.32405,88.62626,41.94,77.63,0.0095,0.0049,27.76
2023-06-11 17:00:00,NODE_10,27.28763,88.57017,41.92,77.61,0.0039,-0.0044,27.76
2023-06-11 18:00:00,NODE_01,27.29535,88.6231,41.4,77.78,0.0189,0.0049,25.69
2023-06-11 18:00:00,NODE_02,27.35987,88.66507,40.96,77.19,-0.0159,0.0078,25.69
2023-06-11 18:00:00,NODE_03,27.32649,88.60522,40.14,78.02,0.0157,-0.0103,25.69
2023-06-11 18:00:00,NODE_04,27.36949,88.5676,41.38,77.64,0.0082,0.0117,25.69
2023-06-11 18:00:00,NODE_05,27.35503,88.67429,41.33,77.18,0.001,0.011,25.69
2023-06-11 18:00:00,NODE_06,27.3375,88.61639,41.51,78.01,0.0157,0.0096,25.69
2023-06-11 18:00:00,NODE_07,27.35687,88.65051,40.91,77.32,0.0043,-0.0031,25.69
2023-06-11 18:00:00,NODE_08,27.3729,88.65823,41.4,77.8,0.013,0.0135,25.69
2023-06-11 18:00:00,NODE_09,27.32405,88.62626,41.54,77.15,-0.0022,0.0119,25.69
2023-06-11 18:00:00,NODE_10,27.28763,88.57017,40.23,78.58,0.0001,0.0106,25.69
2023-06-11 19:00:00,NODE_01,27.29535,88.6231,40.95,77.51,0.0068,0.0034,25.69
2023-06-11 19:00:00,NODE_02,27.35987,88.66507,40.7,77.44,0.0003,0.0049,25.69
2023-06-11 19:00:00,NODE_03,27.32649,88.60522,41.62,78.11,-0.0042,-0.0037,25.69
2023-06-11 19:00:00,NODE_04,27.36949,88.5676,41.06,77.96,-0.0148,-0.0085,25.69
2023-06-11 19:00:00,NODE_05,27.35503,88.67429,41.76,77.76,0.0164,0.0024,25.69
2023-06-11 19:00:00,NODE_06,27.3375,88.61639,40.99,77.91,0.0042,0.0028,25.69
2023-06-11 19:00:00,NODE_07,27.35687,88.65051,41.02,78.5,0.0112,-0.0117,25.69
2023-06-11 19:00:00,NODE_08,27.3729,88.65823,41.31,78.37,0.003,-0.0103,25.69
2023-06-11 19:00:00,NODE_09,27.32405,88.62626,40.5,77.92,0.0093,0.0235,25.69
2023-06-11 19:00:00,NODE_10,27.28763,88.57017,41.41,78.53,0.0276,0.0026,25.69
2023-06-11 20:00:00,NODE_01,27.29535,88.6231,40.31,78.54,-0.0007,-0.0084,25.08
2023-06-11 20:00:00,NODE_02,27.35987,88.66507,40.63,78.14,-0.0109,0.0129,25.08
2023-06-11 20:00:00,NODE_03,27.32649,88.60522,41.37,77.48,0.0018,0.0066,25.08
2023-06-11 20:00:00,NODE_04,27.36949,88.5676,40.28,78.19,-0.0075,-0.0026,25.08
2023-06-11 20:00:00,NODE_05,27.35503,88.67429,40.6,77.9,0.007,0.0096,25.08
2023-06-11 20:00:00,NODE_06,27.3375,88.61639,41.15,78.25,0.0261,0.0142,25.08
2023-06-11 20:00:00,NODE_07,27.35687,88.65051,40.48,78.76,-0.0033,0.0025,25.08
2023-06-11 20:00:00,NODE_08,27.3729,88.65823,40.8,78.28,-0.0105,0.0044,25.08
2023-06-11 20:00:00,NODE_09,27.32405,88.62626,41.08,78.56,0.0165,-0.0043,25.08
2023-06-11 20:00:00,NODE_10,27.28763,88.57017,41.22,78.08,0.0118,0.0102,25.08
2023-06-11 21:00:00,NODE_01,27.29535,88.6231,40.02,78.69,-0.0037,-0.0135,23.61
2023-06-11 21:00:00,NODE_02,27.35987,88.66507,40.22,78.32,0.0051,-0.0021,23.61
2023-06-11 21:00:00,NODE_03,27.32649,88.60522,41.39,78.75,0.0061,0.0148,23.61
2023-06-11 21:00:00,NODE_04,27.36949,88.5676,41.77,78.93,0.0005,-0.005,23.61
2023-06-11 21:00:00,NODE_05,27.35503,88.67429,40.71,78.95,-0.0011,0.0052,23.61
2023-06-11 21:00:00,NODE_06,27.3375,88.61639,41.06,78.2,0.0005,0.0113,23.61
2023-06-11 21:00:00,NODE_07,27.35687,88.65051,40.54,78.3,-0.0215,0.001,23.61
2023-06-11 21:00:00,NODE_08,27.3729,88.65823,40.75,78.09,-0.0078,-0.0103,23.61
2023-06-11 21:00:00,NODE_09,27.32405,88.62626,40.2,78.26,-0.0137,-0.0087,23.61
2023-06-11 21:00:00,NODE_10,27.28763,88.57017,40.3,78.54,0.0111,-0.0012,23.61
2023-06-11 22:00:00,NODE_01,27.29535,88.6231,40.66,78.98,0.0108,0.0087,19.86
2023-06-11 22:00:00,NODE_02,27.35987,88.66507,39.78,79.09,0.0078,-0.0014,19.86
2023-06-11 22:00:00,NODE_03,27.32649,88.60522,40.39,78.68,-0.0087,-0.002,19.86
2023-06-11 22:00:00,NODE_04,27.36949,88.5676,40.2,79.01,0.0063,0.0007,19.86
2023-06-11 22:00:00,NODE_05,27.35503,88.67429,40.26,78.84,0.0074,-0.0061,19.86
2023-06-11 22:00:00,NODE_06,27.3375,88.61639,40.8,78.75,0.0096,0.015,19.86
2023-06-11 22:00:00,NODE_07,27.35687,88.65051,40.64,79.43,-0.0033,-0.0099,19.86
2023-06-11 22:00:00,NODE_08,27.3729,88.65823,40.64,78.88,0.0136,-0.0053,19.86
2023-06-11 22:00:00,NODE_09,27.32405,88.62626,40.58,78.03,0.0013,0.0052,19.86
2023-06-11 22:00:00,NODE_10,27.28763,88.57017,39.94,78.4,0.0203,0.0,19.86
2023-06-11 23:00:00,NODE_01,27.29535,88.6231,40.06,79.51,-0.0054,0.0019,19.86
2023-06-11 23:00:00,NODE_02,27.35987,88.66507,40.26,79.1,0.0129,0.0017,19.86
2023-06-11 23:00:00,NODE_03,27.32649,88.60522,39.65,79.25,-0.0007,-0.004,19.86
2023-06-11 23:00:00,NODE_04,27.36949,88.5676,39.97,79.51,0.0142,0.011,19.86
2023-06-11 23:00:00,NODE_05,27.35503,88.67429,40.4,79.17,0.0005,-0.0165,19.86
2023-06-11 23:00:00,NODE_06,27.3375,88.61639,40.34,79.29,-0.0073,0.0137,19.86
2023-06-11 23:00:00,NODE_07,27.35687,88.65051,40.4,79.28,-0.0022,0.0058,19.86
2023-06-11 23:00:00,NODE_08,27.3729,88.65823,39.6,79.19,-0.0131,-0.0037,19.86
2023-06-11 23:00:00,NODE_09,27.32405,88.62626,39.85,79.26,0.0196,0.0187,19.86
2023-06-11 23:00:00,NODE_10,27.28763,88.57017,39.82,78.58,0.0028,0.005,19.86
2023-06-12 00:00:00,NODE_01,27.29535,88.6231,39.7,78.87,0.0115,0.0115,19.86
2023-06-12 00:00:00,NODE_02,27.35987,88.66507,40.04,79.33,-0.0054,0.0089,19.86
2023-06-12 00:00:00,NODE_03,27.32649,88.60522,39.77,79.37,-0.0027,0.0007,19.86
2023-06-12 00:00:00,NODE_04,27.36949,88.5676,40.33,79.86,-0.0022,-0.008,19.86
2023-06-12 00:00:00,NODE_05,27.35503,88.67429,39.63,79.5,0.0005,-0.0093,19.86
2023-06-12 00:00:00,NODE_06,27.3375,88.61639,40.32,79.04,0.014,0.0156,19.86
2023-06-12 00:00:00,NODE_07,27.35687,88.65051,39.68,79.05,-0.0205,0.0127,19.86
2023-06-12 00:00:00,NODE_08,27.3729,88.65823,39.81,79.56,0.021,0.0298,19.86
2023-06-12 00:00:00,NODE_09,27.32405,88.62626,39.83,79.38,-0.0124,0.0153,19.86
2023-06-12 00:00:00,NODE_10,27.28763,88.57017,38.87,79.49,-0.001,-0.0018,19.86
2023-06-12 01:00:00,NODE_01,27.29535,88.6231,39.72,79.08,0.0054,-0.0004,19.86
2023-06-12 01:00:00,NODE_02,27.35987,88.66507,40.4,79.25,0.0093,-0.0147,19.86
2023-06-12 01:00:00,NODE_03,27.32649,88.60522,39.72,79.55,-0.0051,-0.0063,19.86
2023-06-12 01:00:00,NODE_04,27.36949,88.5676,40.44,79.83,-0.0032,0.0109,19.86
2023-06-12 01:00:00,NODE_05,27.35503,88.67429,40.49,79.91,0.013,-0.0067,19.86
2023-06-12 01:00:00,NODE_06,27.3375,88.61639,40.07,79.52,-0.007,-0.0115,19.86
2023-06-12 01:00:00,NODE_07,27.35687,88.65051,39.2,78.69,0.0005,-0.0066,19.86
2023-06-12 01:00:00,NODE_08,27.3729,88.65823,39.51,79.17,0.0188,-0.0001,19.86
2023-06-12 01:00:00,NODE_09,27.32405,88.62626,39.5,80.05,-0.0012,-0.0104,19.86
2023-06-12 01:00:00,NODE_10,27.28763,88.57017,39.59,79.31,-0.0021,-0.0062,19.86
2023-06-12 02:00:00,NODE_01,27.29535,88.6231,39.82,79.96,0.0024,-0.0141,19.86
2023-06-12 02:00:00,NODE_02,27.35987,88.66507,39.23,79.65,0.0136,0.0074,19.86
2023-06-12 02:00:00,NODE_03,27.32649,88.60522,39.09,79.79,-0.0044,-0.0057,19.86
2023-06-12 02:00:00,NODE_04,27.36949,88.5676,39.95,79.78,-0.0087,0.001,19.86
2023-06-12 02:00:00,NODE_05,27.35503,88.67429,38.82,79.56,-0.009,-0.0075,19.86
2023-06-12 02:00:00,NODE_06,27.3375,88.61639,40.57,79.79,0.0046,0.0065,19.86
2023-06-12 02:00:00,NODE_07,27.35687,88.65051,39.27,79.88,-0.0108,-0.0073,19.86
2023-06-12 02:00:00,NODE_08,27.3729,88.65823,39.31,79.74,0.0213,-0.0082,19.86
2023-06-12 02:00:00,NODE_09,27.32405,88.62626,40.1,79.78,-0.0045,-0.0014,19.86
2023-06-12 02:00:00,NODE_10,27.28763,88.57017,39.59,80.35,0.0033,-0.0149,19.86
2023-06-12 03:00:00,NODE_01,27.29535,88.6231,39.35,80.07,0.0015,0.0097,19.86
2023-06-12 03:00:00,NODE_02,27.35987,88.66507,39.4,79.99,-0.0164,-0.0002,19.86
2023-06-12 03:00:00,NODE_03,27.32649,88.60522,39.94,80.0,0.0111,0.0041,19.86
2023-06-12 03:00:00,NODE_04,27.36949,88.5676,38.8,80.44,0.0033,0.0233,19.86
2023-06-12 03:00:00,NODE_05,27.35503,88.67429,39.97,79.82,0.0002,0.0098,19.86
2023-06-12 03:00:00,NODE_06,27.3375,88.61639,39.77,80.16,-0.0026,0.0122,19.86
2023-06-12 03:00:00,NODE_07,27.35687,88.65051,39.54,79.88,0.0065,-0.0076,19.86
2023-06-12 03:00:00,NODE_08,27.3729,88.65823,39.44,80.28,0.0038,-0.0044,19.86
2023-06-12 03:00:00,NODE_09,27.32405,88.62626,39.44,80.0,0.0105,0.0085,19.86
2023-06-12 03:00:00,NODE_10,27.28763,88.57017,38.79,80.37,-0.0277,-0.006,19.86
2023-06-12 04:00:00,NODE_01,27.29535,88.6231,38.8,80.3,-0.0017,-0.0037,19.86
2023-06-12 04:00:00,NODE_02,27.35987,88.66507,39.19,80.28,0.0061,-0.0106,19.86
2023-06-12 04:00:00,NODE_03,27.32649,88.60522,39.96,80.59,-0.006,0.0019,19.86
2023-06-12 04:00:00,NODE_04,27.36949,88.5676,39.15,80.45,-0.003,0.0032,19.86
2023-06-12 04:00:00,NODE_05,27.35503,88.67429,39.1,80.38,0.0119,0.0097,19.86
2023-06-12 04:00:00,NODE_06,27.3375,88.61639,39.03,80.78,0.0045,0.014,19.86
2023-06-12 04:00:00,NODE_07,27.35687,88.65051,39.42,80.18,-0.0025,-0.0168,19.86
2023-06-12 04:00:00,NODE_08,27.3729,88.65823,38.86,80.16,-0.0034,-0.015,19.86
2023-06-12 04:00:00,NODE_09,27.32405,88.62626,39.57,80.41,0.0119,0.0092,19.86
2023-06-12 04:00:00,NODE_10,27.28763,88.57017,39.45,80.1,0.0,0.0084,19.86
2023-06-12 05:00:00,NODE_01,27.29535,88.6231,39.35,80.27,0.0105,0.0034,18.37
2023-06-12 05:00:00,NODE_02,27.35987,88.66507,38.75,80.21,0.0096,-0.0208,18.37
2023-06-12 05:00:00,NODE_03,27.32649,88.60522,39.05,80.35,0.0057,0.0213,18.37
2023-06-12 05:00:00,NODE_04,27.36949,88.5676,38.1,81.25,-0.0027,-0.001,18.37
2023-06-12 05:00:00,NODE_05,27.35503,88.67429,39.08,80.9,0.0031,0.0221,18.37
2023-06-12 05:00:00,NODE_06,27.3375,88.61639,38.49,80.42,-0.0023,-0.0077,18.37
2023-06-12 05:00:00,NODE_07,27.35687,88.65051,39.0,80.14,0.0196,0.02,18.37
2023-06-12 05:00:00,NODE_08,27.3729,88.65823,38.05,80.24,0.0036,-0.0016,18.37
2023-06-12 05:00:00,NODE_09,27.32405,88.62626,40.01,80.7,0.0016,0.0059,18.37
2023-06-12 05:00:00,NODE_10,27.28763,88.57017,38.9,80.23,0.0023,0.0126,18.37
2023-06-12 06:00:00,NODE_01,27.29535,88.6231,39.28,80.76,-0.0087,-0.0065,18.37
2023-06-12 06:00:00,NODE_02,27.35987,88.66507,38.94,80.72,-0.0026,-0.0014,18.37
2023-06-12 06:00:00,NODE_03,27.32649,88.60522,38.64,80.84,0.0031,0.0044,18.37
2023-06-12 06:00:00,NODE_04,27.36949,88.5676,39.01,80.71,-0.0009,0.0057,18.37
2023-06-12 06:00:00,NODE_05,27.35503,88.67429,39.18,80.69,-0.0037,-0.0076,18.37
2023-06-12 06:00:00,NODE_06,27.3375,88.61639,38.54,80.46,-0.0079,0.0066,18.37
2023-06-12 06:00:00,NODE_07,27.35687,88.65051,39.13,80.02,-0.0026,-0.0045,18.37
2023-06-12 06:00:00,NODE_08,27.3729,88.65823,38.55,81.04,0.0091,0.0185,18.37
2023-06-12 06:00:00,NODE_09,27.32405,88.62626,38.67,80.34,0.0003,-0.0045,18.37
2023-06-12 06:00:00,NODE_10,27.28763,88.57017,38.75,80.92,-0.0016,-0.0077,18.37
2023-06-12 07:00:00,NODE_01,27.29535,88.6231,38.64,80.99,-0.0162,0.0164,18.37
2023-06-12 07:00:00,NODE_02,27.35987,88.66507,38.75,80.53,-0.0121,0.0145,18.37
2023-06-12 07:00:00,NODE_03,27.32649,88.60522,37.92,80.93,-0.014,0.0115,18.37
2023-06-12 07:00:00,NODE_04,27.36949,88.5676,37.79,80.94,0.0055,-0.0034,18.37
2023-06-12 07:00:00,NODE_05,27.35503,88.67429,38.79,80.6,-0.0171,0.016,18.37
2023-06-12 07:00:00,NODE_06,27.3375,88.61639,38.31,81.62,-0.0027,0.0008,18.37
2023-06-12 07:00:00,NODE_07,27.35687,88.65051,39.13,80.38,0.0043,-0.0086,18.37
2023-06-12 07:00:00,NODE_08,27.3729,88.65823,38.02,80.26,-0.0065,0.0034,18.37
2023-06-12 07:00:00,NODE_09,27.32405,88.62626,39.04,80.99,-0.0172,0.0058,18.37
2023-06-12 07:00:00,NODE_10,27.28763,88.57017,38.28,81.12,-0.0153,-0.0173,18.37
2023-06-12 08:00:00,NODE_01,27.29535,88.6231,38.63,80.98,0.0061,-0.0088,18.37
2023-06-12 08:00:00,NODE_02,27.35987,88.66507,38.37,80.89,0.0094,0.0167,18.37
2023-06-12 08:00:00,NODE_03,27.32649,88.60522,38.86,80.98,0.0052,-0.0107,18.37
2023-06-12 08:00:00,NODE_04,27.36949,88.5676,37.92,80.91,-0.0056,-0.018,18.37
2023-06-12 08:00:00,NODE_05,27.35503,88.67429,37.95,80.31,-0.0227,0.0159,18.37
2023-06-12 08:00:00,NODE_06,27.3375,88.61639,38.45,80.78,0.0154,0.0185,18.37
2023-06-12 08:00:00,NODE_07,27.35687,88.65051,38.05,80.85,-0.0021,-0.0113,18.37
2023-06-12 08:00:00,NODE_08,27.3729,88.65823,38.44,81.05,-0.011,0.009,18.37
2023-06-12 08:00:00,NODE_09,27.32405,88.62626,37.96,80.68,0.0142,0.0093,18.37
2023-06-12 08:00:00,NODE_10,27.28763,88.57017,38.54,80.44,-0.0015,0.0093,18.37
2023-06-12 09:00:00,NODE_01,27.29535,88.6231,38.54,80.87,0.0063,-0.0034,18.37
2023-06-12 09:00:00,NODE_02,27.35987,88.66507,37.94,80.61,-0.012,0.0036,18.37
2023-06-12 09:00:00,NODE_03,27.32649,88.60522,38.07,80.36,-0.0141,0.0053,18.37
2023-06-12 09:00:00,NODE_04,27.36949,88.5676,38.04,80.88,-0.0077,-0.0024,18.37
2023-06-12 09:00:00,NODE_05,27.35503,88.67429,38.28,81.35,0.0208,-0.0023,18.37
2023-06-12 09:00:00,NODE_06,27.3375,88.61639,37.76,80.94,0.0047,-0.0139,18.37
2023-06-12 09:00:00,NODE_07,27.35687,88.65051,38.64,80.65,-0.0162,-0.0039,18.37
2023-06-12 09:00:00,NODE_08,27.3729,88.65823,38.36,81.07,-0.0028,-0.0091,18.37
2023-06-12 09:00:00,NODE_09,27.32405,88.62626,38.54,80.97,-0.0035,-0.0093,18.37
2023-06-12 09:00:00,NODE_10,27.28763,88.57017,38.56,80.51,-0.0153,0.0007,18.37
2023-06-12 10:00:00,NODE_01,27.29535,88.6231,38.3,80.42,0.0048,0.0011,15.81
2023-06-12 10:00:00,NODE_02,27.35987,88.66507,37.7,80.3,-0.0018,0.0196,15.81
2023-06-12 10:00:00,NODE_03,27.32649,88.60522,37.73,81.31,0.0063,-0.0072,15.81
2023-06-12 10:00:00,NODE_04,27.36949,88.5676,38.02,80.9,0.0043,-0.0026,15.81
2023-06-12 10:00:00,NODE_05,27.35503,88.67429,38.59,80.94,0.0031,0.0047,15.81
2023-06-12 10:00:00,NODE_06,27.3375,88.61639,38.32,80.97,-0.0129,-0.0077,15.81
2023-06-12 10:00:00,NODE_07,27.35687,88.65051,37.74,80.75,-0.002,-0.007,15.81
2023-06-12 10:00:00,NODE_08,27.3729,88.65823,36.98,80.77,-0.0077,-0.002,15.81
2023-06-12 10:00:00,NODE_09,27.32405,88.62626,37.52,81.26,-0.0014,0.0133,15.81
2023-06-12 10:00:00,NODE_10,27.28763,88.57017,37.68,80.83,0.0177,-0.0135,15.81
2023-06-12 11:00:00,NODE_01,27.29535,88.6231,37.9,81.38,0.0041,-0.0109,15.81
2023-06-12 11:00:00,NODE_02,27.35987,88.66507,37.11,81.0,-0.0004,-0.0004,15.81
2023-06-12 11:00:00,NODE_03,27.32649,88.60522,37.85,80.91,-0.0051,0.004,15.81
2023-06-12 11:00:00,NODE_04,27.36949,88.5676,37.55,81.13,-0.0303,-0.0159,15.81
2023-06-12 11:00:00,NODE_05,27.35503,88.67429,37.3,80.89,-0.0058,0.0124,15.81
2023-06-12 11:00:00,NODE_06,27.3375,88.61639,37.1,81.05,0.011,-0.0181,15.81
2023-06-12 11:00:00,NODE_07,27.35687,88.65051,38.06,80.5,0.0075,0.0144,15.81
2023-06-12 11:00:00,NODE_08,27.3729,88.65823,37.34,80.89,0.0124,0.002,15.81
2023-06-12 11:00:00,NODE_09,27.32405,88.62626,37.65,81.39,0.0097,0.0099,15.81
2023-06-12 11:00:00,NODE_10,27.28763,88.57017,37.96,81.13,-0.0026,-0.0311,15.81
2023-06-12 12:00:00,NODE_01,27.29535,88.6231,37.7,81.59,-0.0032,0.0033,10.73
2023-06-12 12:00:00,NODE_02,27.35987,88.66507,37.14,81.19,0.0072,0.0095,10.73
2023-06-12 12:00:00,NODE_03,27.32649,88.60522,37.23,81.32,0.0001,0.0069,10.73
2023-06-12 12:00:00,NODE_04,27.36949,88.5676,38.07,81.25,-0.006,-0.0007,10.73
2023-06-12 12:00:00,NODE_05,27.35503,88.67429,38.31,80.79,0.0035,-0.0006,10.73
2023-06-12 12:00:00,NODE_06,27.3375,88.61639,36.81,81.21,-0.0089,0.0014,10.73
2023-06-12 12:00:00,NODE_07,27.35687,88.65051,37.75,81.05,0.006,-0.0125,10.73
2023-06-12 12:00:00,NODE_08,27.3729,88.65823,37.61,80.94,-0.0062,-0.0073,10.73
2023-06-12 12:00:00,NODE_09,27.32405,88.62626,37.68,81.29,0.002,-0.0074,10.73
2023-06-12 12:00:00,NODE_10,27.28763,88.57017,37.77,80.91,-0.0206,-0.0096,10.73
2023-06-12 13:00:00,NODE_01,27.29535,88.6231,37.48,81.48,0.0079,0.0161,5.14
2023-06-12 13:00:00,NODE_02,27.35987,88.66507,37.03,81.18,-0.0063,-0.0045,5.14
2023-06-12 13:00:00,NODE_03,27.32649,88.60522,37.34,80.86,-0.0129,0.0005,5.14
2023-06-12 13:00:00,NODE_04,27.36949,88.5676,37.57,81.49,-0.0115,-0.0207,5.14
2023-06-12 13:00:00,NODE_05,27.35503,88.67429,37.43,80.93,-0.0095,-0.0014,5.14
2023-06-12 13:00:00,NODE_06,27.3375,88.61639,37.22,81.49,0.0074,0.0226,5.14
2023-06-12 13:00:00,NODE_07,27.35687,88.65051,36.49,80.74,-0.0029,-0.0154,5.14
2023-06-12 13:00:00,NODE_08,27.3729,88.65823,36.71,81.04,0.001,0.004,5.14
2023-06-12 13:00:00,NODE_09,27.32405,88.62626,37.55,80.92,0.01,0.0092,5.14
2023-06-12 13:00:00,NODE_10,27.28763,88.57017,37.44,81.26,-0.0021,-0.0046,5.14
2023-06-12 14:00:00,NODE_01,27.29535,88.6231,36.65,81.06,-0.0005,-0.0049,0.0
2023-06-12 14:00:00,NODE_02,27.35987,88.66507,36.64,81.15,-0.0068,-0.0051,0.0
2023-06-12 14:00:00,NODE_03,27.32649,88.60522,36.52,80.82,0.0012,0.0241,0.0
2023-06-12 14:00:00,NODE_04,27.36949,88.5676,37.35,81.28,0.012,-0.0035,0.0
2023-06-12 14:00:00,NODE_05,27.35503,88.67429,36.92,81.11,-0.0033,-0.0063,0.0
2023-06-12 14:00:00,NODE_06,27.3375,88.61639,36.76,81.35,0.0055,-0.0004,0.0
2023-06-12 14:00:00,NODE_07,27.35687,88.65051,36.71,81.38,-0.0146,0.0055,0.0
2023-06-12 14:00:00,NODE_08,27.3729,88.65823,37.41,80.83,0.0098,0.0062,0.0
2023-06-12 14:00:00,NODE_09,27.32405,88.62626,36.58,80.71,0.006,0.0081,0.0
2023-06-12 14:00:00,NODE_10,27.28763,88.57017,37.76,81.76,0.009,-0.0115,0.0
2023-06-12 15:00:00,NODE_01,27.29535,88.6231,37.19,81.55,-0.0049,0.004,0.0
2023-06-12 15:00:00,NODE_02,27.35987,88.66507,37.09,80.92,0.001,-0.0068,0.0
2023-06-12 15:00:00,NODE_03,27.32649,88.60522,37.35,81.79,0.0093,0.0143,0.0
2023-06-12 15:00:00,NODE_04,27.36949,88.5676,36.42,81.08,-0.0044,0.0024,0.0
2023-06-12 15:00:00,NODE_05,27.35503,88.67429,36.55,81.35,-0.0094,-0.0236,0.0
2023-06-12 15:00:00,NODE_06,27.3375,88.61639,36.41,81.55,0.0062,0.001,0.0
2023-06-12 15:00:00,NODE_07,27.35687,88.65051,36.42,80.9,0.0064,-0.0011,0.0
2023-06-12 15:00:00,NODE_08,27.3729,88.65823,37.33,80.89,0.0128,0.0054,0.0
2023-06-12 15:00:00,NODE_09,27.32405,88.62626,36.56,81.22,0.002,0.0085,0.0
2023-06-12 15:00:00,NODE_10,27.28763,88.57017,36.62,80.78,0.0018,0.0069,0.0
2023-06-12 16:00:00,NODE_01,27.29535,88.6231,36.19,81.61,-0.0031,-0.0275,0.0
2023-06-12 16:00:00,NODE_02,27.35987,88.66507,37.21,80.79,0.0101,-0.0206,0.0
2023-06-12 16:00:00,NODE_03,27.32649,88.60522,36.69,80.91,-0.0081,0.0118,0.0
2023-06-12 16:00:00,NODE_04,27.36949,88.5676,37.41,81.14,-0.0056,0.001,0.0
2023-06-12 16:00:00,NODE_05,27.35503,88.67429,36.64,81.06,-0.0141,0.0007,0.0
2023-06-12 16:00:00,NODE_06,27.3375,88.61639,36.48,81.53,0.0185,0.0055,0.0
2023-06-12 16:00:00,NODE_07,27.35687,88.65051,36.02,81.02,0.0042,-0.0022,0.0
2023-06-12 16:00:00,NODE_08,27.3729,88.65823,36.67,80.92,0.0021,-0.0015,0.0
2023-06-12 16:00:00,NODE_09,27.32405,88.62626,36.98,81.58,0.0031,0.0158,0.0
2023-06-12 16:00:00,NODE_10,27.28763,88.57017,36.56,81.09,-0.0091,-0.0081,0.0
2023-06-12 17:00:00,NODE_01,27.29535,88.6231,36.24,81.81,0.0202,-0.0004,0.0
2023-06-12 17:00:00,NODE_02,27.35987,88.66507,36.19,81.19,0.0229,0.0129,0.0
2023-06-12 17:00:00,NODE_03,27.32649,88.60522,37.02,81.54,-0.0061,0.0076,0.0
2023-06-12 17:00:00,NODE_04,27.36949,88.5676,36.24,80.84,-0.0005,-0.0041,0.0
2023-06-12 17:00:00,NODE_05,27.35503,88.67429,35.77,81.47,-0.021,-0.0071,0.0
2023-06-12 17:00:00,NODE_06,27.3375,88.61639,36.25,81.25,-0.0083,-0.0012,0.0
2023-06-12 17:00:00,NODE_07,27.35687,88.65051,36.91,81.74,0.0084,0.0056,0.0
2023-06-12 17:00:00,NODE_08,27.3729,88.65823,36.25,80.93,0.0038,0.0109,0.0
2023-06-12 17:00:00,NODE_09,27.32405,88.62626,36.41,81.41,-0.0112,-0.0001,0.0
2023-06-12 17:00:00,NODE_10,27.28763,88.57017,36.25,80.8,-0.0068,0.0001,0.0
2023-06-12 18:00:00,NODE_01,27.29535,88.6231,36.9,81.06,-0.0173,-0.0031,0.0
2023-06-12 18:00:00,NODE_02,27.35987,88.66507,36.5,81.13,-0.0151,-0.0064,0.0
2023-06-12 18:00:00,NODE_03,27.32649,88.60522,36.3,81.22,0.0045,0.0176,0.0
2023-06-12 18:00:00,NODE_04,27.36949,88.5676,37.08,81.74,-0.006,-0.0009,0.0
2023-06-12 18:00:00,NODE_05,27.35503,88.67429,36.22,81.31,-0.016,-0.0108,0.0
2023-06-12 18:00:00,NODE_06,27.3375,88.61639,36.39,81.27,0.0061,0.0037,0.0
2023-06-12 18:00:00,NODE_07,27.35687,88.65051,37.21,80.97,-0.0027,0.0014,0.0
2023-06-12 18:00:00,NODE_08,27.3729,88.65823,35.46,80.91,-0.0102,-0.0026,0.0
2023-06-12 18:00:00,NODE_09,27.32405,88.62626,35.82,81.32,-0.0015,0.0033,0.0
2023-06-12 18:00:00,NODE_10,27.28763,88.57017,36.67,80.96,-0.0029,0.0237,0.0
2023-06-12 19:00:00,NODE_01,27.29535,88.6231,36.55,81.22,0.005,-0.0082,0.0
2023-06-12 19:00:00,NODE_02,27.35987,88.66507,35.8,80.81,0.0032,-0.008,0.0
2023-06-12 19:00:00,NODE_03,27.32649,88.60522,36.16,81.04,0.0048,-0.0144,0.0
2023-06-12 19:00:00,NODE_04,27.36949,88.5676,37.02,81.07,-0.004,-0.0078,0.0
2023-06-12 19:00:00,NODE_05,27.35503,88.67429,36.11,82.0,0.0102,0.0042,0.0
2023-06-12 19:00:00,NODE_06,27.3375,88.61639,35.96,81.45,0.0126,0.0039,0.0
2023-06-12 19:00:00,NODE_07,27.35687,88.65051,36.11,80.9,-0.0168,-0.0005,0.0
2023-06-12 19:00:00,NODE_08,27.3729,88.65823,36.54,80.31,0.0102,-0.0035,0.0
2023-06-12 19:00:00,NODE_09,27.32405,88.62626,36.18,81.21,0.0108,-0.0264,0.0
2023-06-12 19:00:00,NODE_10,27.28763,88.57017,36.1,81.1,-0.0044,0.0012,0.0
2023-06-12 20:00:00,NODE_01,27.29535,88.6231,36.64,81.49,-0.0168,0.0108,0.0
2023-06-12 20:00:00,NODE_02,27.35987,88.66507,35.92,81.28,-0.0109,-0.0118,0.0
2023-06-12 20:00:00,NODE_03,27.32649,88.60522,35.56,81.12,-0.0243,0.0137,0.0
2023-06-12 20:00:00,NODE_04,27.36949,88.5676,36.25,81.5,0.001,0.0001,0.0
2023-06-12 20:00:00,NODE_05,27.35503,88.67429,35.61,80.77,-0.0099,-0.0145,0.0
2023-06-12 20:00:00,NODE_06,27.3375,88.61639,35.83,80.74,-0.0064,-0.0085,0.0
2023-06-12 20:00:00,NODE_07,27.35687,88.65051,36.39,81.18,0.0053,-0.0141,0.0
2023-06-12 20:00:00,NODE_08,27.3729,88.65823,36.85,80.98,0.0126,0.0144,0.0
2023-06-12 20:00:00,NODE_09,27.32405,88.62626,36.0,81.26,-0.009,0.0112,0.0
2023-06-12 20:00:00,NODE_10,27.28763,88.57017,35.77,80.92,-0.0126,-0.0012,0.0
2023-06-12 21:00:00,NODE_01,27.29535,88.6231,35.77,81.24,-0.0011,-0.0033,0.0
2023-06-12 21:00:00,NODE_02,27.35987,88.66507,35.6,80.64,0.0102,-0.002,0.0
2023-06-12 21:00:00,NODE_03,27.32649,88.60522,36.18,80.7,0.0202,-0.0099,0.0
2023-06-12 21:00:00,NODE_04,27.36949,88.5676,36.29,81.27,-0.0042,0.0006,0.0
2023-06-12 21:00:00,NODE_05,27.35503,88.67429,36.18,81.27,0.0053,0.0081,0.0
2023-06-12 21:00:00,NODE_06,27.3375,88.61639,35.88,81.77,-0.0075,-0.0009,0.0
2023-06-12 21:00:00,NODE_07,27.35687,88.65051,36.47,80.44,-0.0001,-0.0167,0.0
2023-06-12 21:00:00,NODE_08,27.3729,88.65823,36.6,80.76,-0.0187,-0.0111,0.0
2023-06-12 21:00:00,NODE_09,27.32405,88.62626,35.95,80.82,-0.0072,0.0102,0.0
2023-06-12 21:00:00,NODE_10,27.28763,88.57017,36.54,81.25,-0.0007,-0.0009,0.0
2023-06-12 22:00:00,NODE_01,27.29535,88.6231,35.25,80.83,-0.0043,-0.0018,0.0
2023-06-12 22:00:00,NODE_02,27.35987,88.66507,35.96,80.67,-0.0094,0.0176,0.0
2023-06-12 22:00:00,NODE_03,27.32649,88.60522,35.37,81.03,0.0053,-0.0056,0.0
2023-06-12 22:00:00,NODE_04,27.36949,88.5676,34.48,81.23,-0.0043,-0.009,0.0
2023-06-12 22:00:00,NODE_05,27.35503,88.67429,35.63,81.2,0.0096,0.0048,0.0
2023-06-12 22:00:00,NODE_06,27.3375,88.61639,36.12,80.81,-0.0029,0.0074,0.0
2023-06-12 22:00:00,NODE_07,27.35687,88.65051,35.8,81.32,0.0139,-0.007,0.0
2023-06-12 22:00:00,NODE_08,27.3729,88.65823,35.64,80.31,0.0176,-0.017,0.0
2023-06-12 22:00:00,NODE_09,27.32405,88.62626,35.93,81.29,-0.0088,0.0136,0.0
2023-06-12 22:00:00,NODE_10,27.28763,88.57017,36.44,81.1,-0.0133,0.0067,0.0
2023-06-12 23:00:00,NODE_01,27.29535,88.6231,35.46,81.24,-0.0209,-0.0038,0.0
2023-06-12 23:00:00,NODE_02,27.35987,88.66507,35.28,81.27,-0.0067,0.0209,0.0
2023-06-12 23:00:00,NODE_03,27.32649,88.60522,35.36,80.63,0.007,0.0056,0.0
2023-06-12 23:00:00,NODE_04,27.36949,88.5676,35.48,81.04,-0.0101,0.0027,0.0
2023-06-12 23:00:00,NODE_05,27.35503,88.67429,35.3,80.77,0.0002,-0.004,0.0
2023-06-12 23:00:00,NODE_06,27.3375,88.61639,36.14,80.8,0.0032,0.0093,0.0
2023-06-12 23:00:00,NODE_07,27.35687,88.65051,35.54,81.2,0.0003,-0.0108,0.0
2023-06-12 23:00:00,NODE_08,27.3729,88.65823,35.12,80.71,-0.007,-0.0087,0.0
2023-06-12 23:00:00,NODE_09,27.32405,88.62626,35.74,81.25,0.0015,-0.0094,0.0
2023-06-12 23:00:00,NODE_10,27.28763,88.57017,35.42,81.09,0.0095,0.0055,0.0
2023-06-13 00:00:00,NODE_01,27.29535,88.6231,35.44,81.21,0.0039,-0.0192,0.0
2023-06-13 00:00:00,NODE_02,27.35987,88.66507,35.8,80.96,-0.0059,-0.0166,0.0
2023-06-13 00:00:00,NODE_03,27.32649,88.60522,35.4,80.76,-0.0014,0.0123,0.0
2023-06-13 00:00:00,NODE_04,27.36949,88.5676,35.84,80.77,-0.0115,0.0026,0.0
2023-06-13 00:00:00,NODE_05,27.35503,88.67429,35.27,81.02,-0.003,-0.0006,0.0
2023-06-13 00:00:00,NODE_06,27.3375,88.61639,35.46,80.48,-0.0141,0.013,0.0
2023-06-13 00:00:00,NODE_07,27.35687,88.65051,35.3,81.0,-0.0005,0.0027,0.0
2023-06-13 00:00:00,NODE_08,27.3729,88.65823,35.73,80.65,0.0059,0.0039,0.0
2023-06-13 00:00:00,NODE_09,27.32405,88.62626,35.09,80.81,0.014,0.0096,0.0
2023-06-13 00:00:00,NODE_10,27.28763,88.57017,34.85,80.84,0.0107,-0.01,0.0
2023-06-13 01:00:00,NODE_01,27.29535,88.6231,35.27,80.99,-0.0038,-0.0113,0.0
2023-06-13 01:00:00,NODE_02,27.35987,88.66507,35.14,80.52,-0.0008,-0.0035,0.0
2023-06-13 01:00:00,NODE_03,27.32649,88.60522,35.29,81.07,-0.0186,-0.0115,0.0
2023-06-13 01:00:00,NODE_04,27.36949,88.5676,35.61,80.64,0.0006,-0.0017,0.0
2023-06-13 01:00:00,NODE_05,27.35503,88.67429,35.38,81.14,0.0013,-0.0119,0.0
2023-06-13 01:00:00,NODE_06,27.3375,88.61639,35.33,80.42,0.0055,0.0034,0.0
2023-06-13 01:00:00,NODE_07,27.35687,88.65051,35.46,79.76,0.0042,-0.018,0.0
2023-06-13 01:00:00,NODE_08,27.3729,88.65823,35.19,81.09,0.0008,0.0128,0.0
2023-06-13 01:00:00,NODE_09,27.32405,88.62626,35.08,80.97,0.0055,0.0102,0.0
2023-06-13 01:00:00,NODE_10,27.28763,88.57017,35.99,80.8,-0.01,-0.0041,0.0
2023-06-13 02:00:00,NODE_01,27.29535,88.6231,35.54,80.93,-0.021,0.0096,0.0
2023-06-13 02:00:00,NODE_02,27.35987,88.66507,34.83,80.63,0.0032,-0.0103,0.0
2023-06-13 02:00:00,NODE_03,27.32649,88.60522,34.4,80.77,0.0067,-0.0051,0.0
2023-06-13 02:00:00,NODE_04,27.36949,88.5676,34.6,81.35,0.0031,0.0242,0.0
2023-06-13 02:00:00,NODE_05,27.35503,88.67429,35.12,80.85,-0.0042,0.0075,0.0
2023-06-13 02:00:00,NODE_06,27.3375,88.61639,35.01,80.99,-0.0141,0.0036,0.0
2023-06-13 02:00:00,NODE_07,27.35687,88.65051,35.44,80.62,-0.006,-0.0045,0.0
2023-06-13 02:00:00,NODE_08,27.3729,88.65823,35.28,80.46,-0.0006,-0.0066,0.0
2023-06-13 02:00:00,NODE_09,27.32405,88.62626,35.46,80.24,-0.0218,-0.0065,0.0
2023-06-13 02:00:00,NODE_10,27.28763,88.57017,35.28,80.69,-0.0072,-0.0067,0.0
2023-06-13 03:00:00,NODE_01,27.29535,88.6231,34.79,80.69,0.0084,-0.0211,0.0
2023-06-13 03:00:00,NODE_02,27.35987,88.66507,34.43,80.49,0.0048,0.0099,0.0
2023-06-13 03:00:00,NODE_03,27.32649,88.60522,34.84,80.15,-0.0057,0.001,0.0
2023-06-13 03:00:00,NODE_04,27.36949,88.5676,34.82,80.76,-0.0143,-0.0014,0.0
2023-06-13 03:00:00,NODE_05,27.35503,88.67429,34.66,81.13,0.012,0.0019,0.0
2023-06-13 03:00:00,NODE_06,27.3375,88.61639,35.13,81.3,0.0129,0.0075,0.0
2023-06-13 03:00:00,NODE_07,27.35687,88.65051,35.12,80.23,-0.0065,-0.0017,0.0
2023-06-13 03:00:00,NODE_08,27.3729,88.65823,35.06,80.73,-0.0021,0.0181,0.0
2023-06-13 03:00:00,NODE_09,27.32405,88.62626,34.72,80.71,0.0065,0.0106,0.0
2023-06-13 03:00:00,NODE_10,27.28763,88.57017,35.1,80.63,-0.0042,-0.0028,0.0
2023-06-13 04:00:00,NODE_01,27.29535,88.6231,34.93,81.11,0.0144,-0.0077,0.0
2023-06-13 04:00:00,NODE_02,27.35987,88.66507,34.89,79.52,-0.0001,0.0029,0.0
2023-06-13 04:00:00,NODE_03,27.32649,88.60522,35.1,80.74,0.0054,-0.0019,0.0
2023-06-13 04:00:00,NODE_04,27.36949,88.5676,33.77,80.95,0.0076,-0.0028,0.0
2023-06-13 04:00:00,NODE_05,27.35503,88.67429,34.84,79.95,0.0188,0.0026,0.0
2023-06-13 04:00:00,NODE_06,27.3375,88.61639,34.94,80.35,0.0051,-0.0059,0.0
2023-06-13 04:00:00,NODE_07,27.35687,88.65051,34.96,80.85,-0.001,-0.0004,0.0
2023-06-13 04:00:00,NODE_08,27.3729,88.65823,34.82,80.85,-0.0099,0.0003,0.0
2023-06-13 04:00:00,NODE_09,27.32405,88.62626,34.63,80.51,-0.0044,0.0046,0.0
2023-06-13 04:00:00,NODE_10,27.28763,88.57017,34.83,80.73,-0.0003,0.0183,0.0
2023-06-13 05:00:00,NODE_01,27.29535,88.6231,34.24,80.28,0.0149,-0.004,0.0
2023-06-13 05:00:00,NODE_02,27.35987,88.66507,35.0,79.96,-0.0133,-0.0064,0.0
2023-06-13 05:00:00,NODE_03,27.32649,88.60522,34.49,80.37,-0.0022,0.0085,0.0
2023-06-13 05:00:00,NODE_04,27.36949,88.5676,34.8,80.91,0.0076,-0.0042,0.0
2023-06-13 05:00:00,NODE_05,27.35503,88.67429,34.62,80.24,0.0145,0.005,0.0
2023-06-13 05:00:00,NODE_06,27.3375,88.61639,35.17,80.53,0.0191,-0.0064,0.0
2023-06-13 05:00:00,NODE_07,27.35687,88.65051,34.62,80.73,-0.0092,0.004,0.0
2023-06-13 05:00:00,NODE_08,27.3729,88.65823,35.05,80.15,0.0052,-0.0012,0.0
2023-06-13 05:00:00,NODE_09,27.32405,88.62626,34.04,80.81,0.0051,-0.017,0.0
2023-06-13 05:00:00,NODE_10,27.28763,88.57017,34.32,79.92,0.0026,0.0062,0.0
2023-06-13 06:00:00,NODE_01,27.29535,88.6231,34.68,80.26,0.0036,0.0174,0.0
2023-06-13 06:00:00,NODE_02,27.35987,88.66507,34.6,80.1,0.0073,0.0007,0.0
2023-06-13 06:00:00,NODE_03,27.32649,88.60522,34.41,80.08,0.0024,0.0344,0.0
2023-06-13 06:00:00,NODE_04,27.36949,88.5676,33.74,80.24,0.0097,-0.0097,0.0
2023-06-13 06:00:00,NODE_05,27.35503,88.67429,34.04,80.81,-0.0215,-0.0064,0.0
2023-06-13 06:00:00,NODE_06,27.3375,88.61639,33.74,80.37,0.0067,-0.0012,0.0
2023-06-13 06:00:00,NODE_07,27.35687,88.65051,33.86,80.42,-0.0023,-0.0033,0.0
2023-06-13 06:00:00,NODE_08,27.3729,88.65823,34.92,80.22,-0.0029,-0.0085,0.0
2023-06-13 06:00:00,NODE_09,27.32405,88.62626,34.48,80.25,-0.0015,0.0058,0.0
2023-06-13 06:00:00,NODE_10,27.28763,88.57017,34.33,80.47,0.0046,-0.0008,0.0
2023-06-13 07:00:00,NODE_01,27.29535,88.6231,34.35,80.32,0.0005,0.0077,0.0
2023-06-13 07:00:00,NODE_02,27.35987,88.66507,35.25,79.9,-0.0005,-0.0048,0.0
2023-06-13 07:00:00,NODE_03,27.32649,88.60522,34.42,80.34,-0.0077,0.0042,0.0
2023-06-13 07:00:00,NODE_04,27.36949,88.5676,34.8,80.34,0.003,0.0069,0.0
2023-06-13 07:00:00,NODE_05,27.35503,88.67429,34.24,80.51,-0.0044,-0.0152,0.0
2023-06-13 07:00:00,NODE_06,27.3375,88.61639,34.26,80.48,-0.003,-0.0128,0.0
2023-06-13 07:00:00,NODE_07,27.35687,88.65051,34.71,79.82,0.0194,-0.0067,0.0
2023-06-13 07:00:00,NODE_08,27.3729,88.65823,34.14,80.64,-0.0131,0.0195,0.0
2023-06-13 07:00:00,NODE_09,27.32405,88.62626,34.49,80.44,-0.0086,-0.0077,0.0
2023-06-13 07:00:00,NODE_10,27.28763,88.57017,34.62,80.0,0.0044,0.0124,0.0
2023-06-13 08:00:00,NODE_01,27.29535,88.6231,34.44,80.45,0.0133,-0.0056,4.49
2023-06-13 08:00:00,NODE_02,27.35987,88.66507,35.31,79.97,0.0116,0.0161,4.49
2023-06-13 08:00:00,NODE_03,27.32649,88.60522,34.69,79.94,0.0086,-0.0074,4.49
2023-06-13 08:00:00,NODE_04,27.36949,88.5676,35.21,80.1,0.0064,-0.0069,4.49
2023-06-13 08:00:00,NODE_05,27.35503,88.67429,34.97,80.27,0.0,0.0096,4.49
2023-06-13 08:00:00,NODE_06,27.3375,88.61639,34.87,80.73,-0.008,0.0041,4.49
2023-06-13 08:00:00,NODE_07,27.35687,88.65051,34.22,80.5,0.0104,0.0124,4.49
2023-06-13 08:00:00,NODE_08,27.3729,88.65823,34.37,80.07,-0.0104,-0.0015,4.49
2023-06-13 08:00:00,NODE_09,27.32405,88.62626,33.95,79.92,-0.0007,-0.0168,4.49
2023-06-13 08:00:00,NODE_10,27.28763,88.57017,34.56,80.03,0.0155,0.0019,4.49
2023-06-13 09:00:00,NODE_01,27.29535,88.6231,35.68,79.61,0.0168,0.013,10.14
2023-06-13 09:00:00,NODE_02,27.35987,88.66507,35.65,80.15,-0.0071,0.0055,10.14
2023-06-13 09:00:00,NODE_03,27.32649,88.60522,35.36,79.53,-0.0119,-0.013,10.14
2023-06-13 09:00:00,NODE_04,27.36949,88.5676,35.58,79.61,0.0219,-0.0057,10.14
2023-06-13 09:00:00,NODE_05,27.35503,88.67429,36.0,80.36,0.0046,0.0069,10.14
2023-06-13 09:00:00,NODE_06,27.3375,88.61639,35.76,80.4,0.0024,0.0105,10.14
2023-06-13 09:00:00,NODE_07,27.35687,88.65051,36.02,79.86,0.0031,-0.0032,10.14
2023-06-13 09:00:00,NODE_08,27.3729,88.65823,34.77,79.99,-0.0129,-0.0133,10.14
2023-06-13 09:00:00,NODE_09,27.32405,88.62626,35.35,79.22,-0.0044,0.0037,10.14
2023-06-13 09:00:00,NODE_10,27.28763,88.57017,35.95,79.55,0.0006,-0.0164,10.14
2023-06-13 10:00:00,NODE_01,27.29535,88.6231,36.72,79.57,0.0113,-0.0074,10.14
2023-06-13 10:00:00,NODE_02,27.35987,88.66507,36.67,79.64,-0.016,0.0067,10.14
2023-06-13 10:00:00,NODE_03,27.32649,88.60522,36.78,80.34,0.0225,-0.0033,10.14
2023-06-13 10:00:00,NODE_04,27.36949,88.5676,37.0,79.82,-0.003,-0.0054,10.14
2023-06-13 10:00:00,NODE_05,27.35503,88.67429,36.7,79.32,-0.0173,-0.0054,10.14
2023-06-13 10:00:00,NODE_06,27.3375,88.61639,36.42,79.78,-0.0003,-0.0071,10.14
2023-06-13 10:00:00,NODE_07,27.35687,88.65051,37.1,80.38,0.0155,0.0142,10.14
2023-06-13 10:00:00,NODE_08,27.3729,88.65823,36.66,79.66,-0.0052,0.0246,10.14
2023-06-13 10:00:00,NODE_09,27.32405,88.62626,36.23,79.73,0.0031,-0.0007,10.14
2023-06-13 10:00:00,NODE_10,27.28763,88.57017,36.8,79.82,-0.013,0.0166,10.14
2023-06-13 11:00:00,NODE_01,27.29535,88.6231,37.17,79.28,-0.0094,0.0101,10.14
2023-06-13 11:00:00,NODE_02,27.35987,88.66507,37.46,79.38,-0.0003,-0.0267,10.14
2023-06-13 11:00:00,NODE_03,27.32649,88.60522,37.67,79.72,0.0224,-0.0094,10.14
2023-06-13 11:00:00,NODE_04,27.36949,88.5676,37.19,79.99,-0.0105,-0.0098,10.14
2023-06-13 11:00:00,NODE_05,27.35503,88.67429,37.55,80.07,-0.0174,0.0041,10.14
2023-06-13 11:00:00,NODE_06,27.3375,88.61639,36.76,79.93,0.0119,0.0044,10.14
2023-06-13 11:00:00,NODE_07,27.35687,88.65051,36.82,79.85,-0.0082,-0.0033,10.14
2023-06-13 11:00:00,NODE_08,27.3729,88.65823,36.84,79.91,0.0049,0.0039,10.14
2023-06-13 11:00:00,NODE_09,27.32405,88.62626,37.59,79.78,-0.0089,0.014,10.14
2023-06-13 11:00:00,NODE_10,27.28763,88.57017,36.85,79.94,-0.0161,-0.0016,10.14
2023-06-13 12:00:00,NODE_01,27.29535,88.6231,37.8,79.87,0.002,-0.0136,10.14
2023-06-13 12:00:00,NODE_02,27.35987,88.66507,36.76,79.77,0.013,-0.0007,10.14
2023-06-13 12:00:00,NODE_03,27.32649,88.60522,36.67,79.66,0.0163,0.0047,10.14
2023-06-13 12:00:00,NODE_04,27.36949,88.5676,37.19,79.64,-0.0153,-0.0175,10.14
2023-06-13 12:00:00,NODE_05,27.35503,88.67429,36.7,80.12,0.0131,0.0126,10.14
2023-06-13 12:00:00,NODE_06,27.3375,88.61639,37.41,79.92,-0.0093,-0.0063,10.14
2023-06-13 12:00:00,NODE_07,27.35687,88.65051,36.85,79.89,0.0249,-0.0002,10.14
2023-06-13 12:00:00,NODE_08,27.3729,88.65823,37.26,79.64,-0.0071,0.008,10.14
2023-06-13 12:00:00,NODE_09,27.32405,88.62626,36.33,79.71,-0.0112,0.0018,10.14
2023-06-13 12:00:00,NODE_10,27.28763,88.57017,37.74,79.96,0.0164,-0.0226,10.14
2023-06-13 13:00:00,NODE_01,27.29535,88.6231,36.87,79.51,0.0044,0.0107,10.14
2023-06-13 13:00:00,NODE_02,27.35987,88.66507,37.38,79.57,0.0016,0.0208,10.14
2023-06-13 13:00:00,NODE_03,27.32649,88.60522,36.76,79.55,0.0128,0.0045,10.14
2023-06-13 13:00:00,NODE_04,27.36949,88.5676,36.45,79.68,0.0176,-0.0046,10.14
2023-06-13 13:00:00,NODE_05,27.35503,88.67429,36.53,79.59,-0.0056,0.0114,10.14
2023-06-13 13:00:00,NODE_06,27.3375,88.61639,36.61,79.71,0.0202,-0.0102,10.14
2023-06-13 13:00:00,NODE_07,27.35687,88.65051,37.76,79.59,-0.0046,-0.0014,10.14
2023-06-13 13:00:00,NODE_08,27.3729,88.65823,36.78,79.08,0.0098,0.0168,10.14
2023-06-13 13:00:00,NODE_09,27.32405,88.62626,36.88,79.69,0.0073,0.0078,10.14
2023-06-13 13:00:00,NODE_10,27.28763,88.57017,37.15,79.46,0.0051,-0.016,10.14
2023-06-13 14:00:00,NODE_01,27.29535,88.6231,36.63,79.74,-0.0181,-0.0041,10.14
2023-06-13 14:00:00,NODE_02,27.35987,88.66507,36.88,79.64,-0.002,0.0133,10.14
2023-06-13 14:00:00,NODE_03,27.32649,88.60522,36.18,80.02,-0.0008,-0.0046,10.14
2023-06-13 14:00:00,NODE_04,27.36949,88.5676,36.98,79.73,0.0177,0.0087,10.14
2023-06-13 14:00:00,NODE_05,27.35503,88.67429,36.63,80.58,-0.0149,-0.0056,10.14
2023-06-13 14:00:00,NODE_06,27.3375,88.61639,36.03,79.38,0.0127,0.0206,10.14
2023-06-13 14:00:00,NODE_07,27.35687,88.65051,36.7,80.17,0.02,0.0023,10.14
2023-06-13 14:00:00,NODE_08,27.3729,88.65823,36.64,79.52,-0.0012,0.0061,10.14
2023-06-13 14:00:00,NODE_09,27.32405,88.62626,37.02,79.48,0.0111,0.0051,10.14
2023-06-13 14:00:00,NODE_10,27.28763,88.57017,36.86,79.96,0.0021,0.0113,10.14
2023-06-13 15:00:00,NODE_01,27.29535,88.6231,35.72,80.07,0.0047,-0.0103,10.14
2023-06-13 15:00:00,NODE_02,27.35987,88.66507,36.66,79.62,-0.0087,-0.0185,10.14
2023-06-13 15:00:00,NODE_03,27.32649,88.60522,36.93,79.53,0.0117,0.0198,10.14
2023-06-13 15:00:00,NODE_04,27.36949,88.5676,35.9,80.43,-0.0092,0.002,10.14
2023-06-13 15:00:00,NODE_05,27.35503,88.67429,37.16,79.87,-0.011,-0.0149,10.14
2023-06-13 15:00:00,NODE_06,27.3375,88.61639,36.9,79.48,-0.002,-0.01,10.14
2023-06-13 15:00:00,NODE_07,27.35687,88.65051,36.07,79.95,0.02,-0.0042,10.14
2023-06-13 15:00:00,NODE_08,27.3729,88.65823,36.88,79.29,-0.0029,0.0097,10.14
2023-06-13 15:00:00,NODE_09,27.32405,88.62626,36.63,79.55,0.0058,0.0102,10.14
2023-06-13 15:00:00,NODE_10,27.28763,88.57017,36.78,80.2,0.0045,-0.0158,10.14
2023-06-13 16:00:00,NODE_01,27.29535,88.6231,36.03,79.68,0.0227,-0.0022,10.14
2023-06-13 16:00:00,NODE_02,27.35987,88.66507,36.66,80.4,0.0176,-0.0031,10.14
2023-06-13 16:00:00,NODE_03,27.32649,88.60522,36.35,79.23,-0.001,-0.0074,10.14
2023-06-13 16:00:00,NODE_04,27.36949,88.5676,35.65,79.24,-0.0073,0.0156,10.14
2023-06-13 16:00:00,NODE_05,27.35503,88.67429,36.45,79.17,0.0039,-0.0132,10.14
2023-06-13 16:00:00,NODE_06,27.3375,88.61639,36.57,80.07,0.018,-0.0128,10.14
2023-06-13 16:00:00,NODE_07,27.35687,88.65051,36.7,80.21,-0.0175,0.001,10.14
2023-06-13 16:00:00,NODE_08,27.3729,88.65823,36.54,79.69,0.0002,0.0005,10.14
2023-06-13 16:00:00,NODE_09,27.32405,88.62626,36.21,79.33,-0.0065,-0.0089,10.14
2023-06-13 16:00:00,NODE_10,27.28763,88.57017,35.67,79.73,0.0016,0.0135,10.14
2023-06-13 17:00:00,NODE_01,27.29535,88.6231,36.11,79.94,0.0064,0.0028,10.14
2023-06-13 17:00:00,NODE_02,27.35987,88.66507,36.9,79.08,-0.0103,-0.012,10.14
2023-06-13 17:00:00,NODE_03,27.32649,88.60522,35.87,79.49,-0.0155,-0.0012,10.14
2023-06-13 17:00:00,NODE_04,27.36949,88.5676,36.16,79.93,-0.0032,0.0075,10.14
2023-06-13 17:00:00,NODE_05,27.35503,88.67429,36.1,79.94,-0.0082,-0.0031,10.14
2023-06-13 17:00:00,NODE_06,27.3375,88.61639,36.17,80.1,-0.0078,0.0021,10.14
2023-06-13 17:00:00,NODE_07,27.35687,88.65051,35.9,79.84,0.0147,0.0153,10.14
2023-06-13 17:00:00,NODE_08,27.3729,88.65823,36.17,79.39,0.014,0.0073,10.14
2023-06-13 17:00:00,NODE_09,27.32405,88.62626,36.35,79.07,-0.0074,0.002,10.14
2023-06-13 17:00:00,NODE_10,27.28763,88.57017,36.02,79.88,0.0043,0.0008,10.14
2023-06-13 18:00:00,NODE_01,27.29535,88.6231,35.77,79.75,0.0147,-0.0049,10.14
2023-06-13 18:00:00,NODE_02,27.35987,88.66507,36.11,79.64,-0.0073,0.0171,10.14
2023-06-13 18:00:00,NODE_03,27.32649,88.60522,36.08,80.08,0.015,0.0064,10.14
2023-06-13 18:00:00,NODE_04,27.36949,88.5676,35.96,79.68,0.0122,0.0052,10.14
2023-06-13 18:00:00,NODE_05,27.35503,88.67429,36.66,79.61,0.0024,0.0146,10.14
2023-06-13 18:00:00,NODE_06,27.3375,88.61639,35.68,79.65,0.0021,0.0027,10.14
2023-06-13 18:00:00,NODE_07,27.35687,88.65051,35.28,79.76,-0.0028,0.0105,10.14
2023-06-13 18:00:00,NODE_08,27.3729,88.65823,36.72,79.81,-0.0137,-0.0003,10.14
2023-06-13 18:00:00,NODE_09,27.32405,88.62626,36.46,79.64,-0.0068,-0.0014,10.14
2023-06-13 18:00:00,NODE_10,27.28763,88.57017,35.43,79.24,-0.0037,0.0071,10.14
2023-06-13 19:00:00,NODE_01,27.29535,88.6231,36.88,80.02,0.0018,0.0055,14.03
2023-06-13 19:00:00,NODE_02,27.35987,88.66507,36.29,79.76,0.0057,0.0024,14.03
2023-06-13 19:00:00,NODE_03,27.32649,88.60522,35.85,79.91,0.0113,0.0089,14.03
2023-06-13 19:00:00,NODE_04,27.36949,88.5676,36.44,79.54,-0.0129,0.0188,14.03
2023-06-13 19:00:00,NODE_05,27.35503,88.67429,36.22,80.17,-0.0098,-0.0073,14.03
2023-06-13 19:00:00,NODE_06,27.3375,88.61639,36.29,79.77,-0.0128,0.0067,14.03
2023-06-13 19:00:00,NODE_07,27.35687,88.65051,36.54,79.93,-0.0057,0.0106,14.03
2023-06-13 19:00:00,NODE_08,27.3729,88.65823,36.63,79.69,0.0166,-0.0002,14.03
2023-06-13 19:00:00,NODE_09,27.32405,88.62626,36.29,79.44,0.0089,0.0065,14.03
2023-06-13 19:00:00,NODE_10,27.28763,88.57017,36.38,79.57,0.0106,-0.0026,14.03
2023-06-13 20:00:00,NODE_01,27.29535,88.6231,36.55,79.93,-0.0007,-0.0058,14.03
2023-06-13 20:00:00,NODE_02,27.35987,88.66507,37.22,79.53,-0.0186,-0.0077,14.03
2023-06-13 20:00:00,NODE_03,27.32649,88.60522,36.2,79.56,-0.0003,0.0128,14.03
2023-06-13 20:00:00,NODE_04,27.36949,88.5676,36.36,79.62,-0.0197,-0.001,14.03
2023-06-13 20:00:00,NODE_05,27.35503,88.67429,37.51,79.99,-0.0174,-0.006,14.03
2023-06-13 20:00:00,NODE_06,27.3375,88.61639,37.1,80.05,0.0185,0.02,14.03
2023-06-13 20:00:00,NODE_07,27.35687,88.65051,36.25,80.15,0.0052,-0.0134,14.03
2023-06-13 20:00:00,NODE_08,27.3729,88.65823,36.45,79.3,0.0096,0.0012,14.03
2023-06-13 20:00:00,NODE_09,27.32405,88.62626,35.72,79.97,-0.0083,0.0026,14.03
2023-06-13 20:00:00,NODE_10,27.28763,88.57017,36.75,79.89,-0.0052,0.0052,14.03
2023-06-13 21:00:00,NODE_01,27.29535,88.6231,37.41,79.58,0.0038,0.0062,14.03
2023-06-13 21:00:00,NODE_02,27.35987,88.66507,37.28,80.04,0.0127,0.0003,14.03
2023-06-13 21:00:00,NODE_03,27.32649,88.60522,36.31,80.02,-0.0123,0.0043,14.03
2023-06-13 21:00:00,NODE_04,27.36949,88.5676,37.65,79.89,0.0217,0.0006,14.03
2023-06-13 21:00:00,NODE_05,27.35503,88.67429,36.69,79.64,0.0142,-0.0062,14.03
2023-06-13 21:00:00,NODE_06,27.3375,88.61639,36.25,79.16,-0.0165,-0.0078,14.03
2023-06-13 21:00:00,NODE_07,27.35687,88.65051,37.02,80.01,-0.0101,-0.0118,14.03
2023-06-13 21:00:00,NODE_08,27.3729,88.65823,36.75,79.52,-0.0002,-0.004,14.03
2023-06-13 21:00:00,NODE_09,27.32405,88.62626,37.35,78.98,0.0088,-0.0061,14.03
2023-06-13 21:00:00,NODE_10,27.28763,88.57017,36.95,80.07,-0.009,0.0032,14.03
2023-06-13 22:00:00,NODE_01,27.29535,88.6231,36.74,79.73,-0.0082,0.0044,14.03
2023-06-13 22:00:00,NODE_02,27.35987,88.66507,36.59,80.02,0.0062,-0.0261,14.03
2023-06-13 22:00:00,NODE_03,27.32649,88.60522,36.29,79.81,-0.0059,0.0105,14.03
2023-06-13 22:00:00,NODE_04,27.36949,88.5676,36.78,79.91,0.0031,-0.0001,14.03
2023-06-13 22:00:00,NODE_05,27.35503,88.67429,36.31,80.27,0.004,-0.0053,14.03
2023-06-13 22:00:00,NODE_06,27.3375,88.61639,36.09,79.52,-0.0144,-0.0058,14.03
2023-06-13 22:00:00,NODE_07,27.35687,88.65051,36.39,79.72,0.005,0.0022,14.03
2023-06-13 22:00:00,NODE_08,27.3729,88.65823,37.03,79.86,0.0118,0.005,14.03
2023-06-13 22:00:00,NODE_09,27.32405,88.62626,36.88,79.72,0.0064,-0.0034,14.03
2023-06-13 22:00:00,NODE_10,27.28763,88.57017,37.19,79.6,-0.0169,-0.0004,14.03
2023-06-13 23:00:00,NODE_01,27.29535,88.6231,36.56,80.1,-0.0096,-0.0006,14.03
2023-06-13 23:00:00,NODE_02,27.35987,88.66507,36.54,79.77,0.009,-0.0108,14.03
2023-06-13 23:00:00,NODE_03,27.32649,88.60522,37.08,79.49,-0.0182,-0.0067,14.03
2023-06-13 23:00:00,NODE_04,27.36949,88.5676,36.63,79.75,0.0045,0.0154,14.03
2023-06-13 23:00:00,NODE_05,27.35503,88.67429,36.47,80.11,-0.0033,-0.0001,14.03
2023-06-13 23:00:00,NODE_06,27.3375,88.61639,36.29,80.25,-0.0063,0.0161,14.03
2023-06-13 23:00:00,NODE_07,27.35687,88.65051,36.82,79.11,-0.0094,0.0077,14.03
2023-06-13 23:00:00,NODE_08,27.3729,88.65823,36.62,80.03,-0.0032,0.005,14.03
2023-06-13 23:00:00,NODE_09,27.32405,88.62626,36.53,80.27,0.0124,0.0165,14.03
2023-06-13 23:00:00,NODE_10,27.28763,88.57017,35.94,80.57,-0.0024,-0.0107,14.03
2023-06-14 00:00:00,NODE_01,27.29535,88.6231,36.33,79.91,0.0127,-0.0044,14.03
2023-06-14 00:00:00,NODE_02,27.35987,88.66507,36.45,79.71,0.0056,0.0004,14.03
2023-06-14 00:00:00,NODE_03,27.32649,88.60522,36.07,79.51,0.0095,0.0092,14.03
2023-06-14 00:00:00,NODE_04,27.36949,88.5676,36.45,80.03,-0.0021,0.0,14.03
2023-06-14 00:00:00,NODE_05,27.35503,88.67429,36.27,79.57,-0.0052,-0.0128,14.03
2023-06-14 00:00:00,NODE_06,27.3375,88.61639,36.36,79.72,0.0132,0.0094,14.03
2023-06-14 00:00:00,NODE_07,27.35687,88.65051,36.44,79.92,0.0018,-0.0052,14.03
2023-06-14 00:00:00,NODE_08,27.3729,88.65823,35.92,79.41,0.0029,0.0082,14.03
2023-06-14 00:00:00,NODE_09,27.32405,88.62626,35.58,79.57,0.0106,-0.0169,14.03
2023-06-14 00:00:00,NODE_10,27.28763,88.57017,36.05,79.86,0.0127,0.0036,14.03
2023-06-14 01:00:00,NODE_01,27.29535,88.6231,36.2,79.38,0.0137,0.0015,14.03
2023-06-14 01:00:00,NODE_02,27.35987,88.66507,36.34,79.77,-0.0016,0.0085,14.03
2023-06-14 01:00:00,NODE_03,27.32649,88.60522,36.38,79.65,-0.016,0.009,14.03
2023-06-14 01:00:00,NODE_04,27.36949,88.5676,36.6,80.1,0.0047,-0.0065,14.03
2023-06-14 01:00:00,NODE_05,27.35503,88.67429,35.87,79.77,0.0146,0.0108,14.03
2023-06-14 01:00:00,NODE_06,27.3375,88.61639,36.0,79.28,0.0095,0.008,14.03
2023-06-14 01:00:00,NODE_07,27.35687,88.65051,35.16,79.23,0.0134,-0.007,14.03
2023-06-14 01:00:00,NODE_08,27.3729,88.65823,36.56,79.36,-0.0054,0.0064,14.03
2023-06-14 01:00:00,NODE_09,27.32405,88.62626,36.08,79.61,0.0054,0.0071,14.03
2023-06-14 01:00:00,NODE_10,27.28763,88.57017,36.36,79.38,-0.0046,-0.0182,14.03
2023-06-14 02:00:00,NODE_01,27.29535,88.6231,36.72,80.0,-0.0099,0.0055,14.03
2023-06-14 02:00:00,NODE_02,27.35987,88.66507,35.49,79.76,-0.0106,-0.0194,14.03
2023-06-14 02:00:00,NODE_03,27.32649,88.60522,35.7,79.29,0.0029,0.0151,14.03
2023-06-14 02:00:00,NODE_04,27.36949,88.5676,36.26,79.97,-0.0151,0.0059,14.03
2023-06-14 02:00:00,NODE_05,27.35503,88.67429,37.07,79.96,0.0059,-0.0014,14.03
2023-06-14 02:00:00,NODE_06,27.3375,88.61639,36.29,79.64,0.0012,-0.0059,14.03
2023-06-14 02:00:00,NODE_07,27.35687,88.65051,36.18,79.66,0.0039,0.0139,14.03
2023-06-14 02:00:00,NODE_08,27.3729,88.65823,36.53,80.27,0.0097,0.02,14.03
2023-06-14 02:00:00,NODE_09,27.32405,88.62626,35.68,79.73,-0.0147,0.0124,14.03
2023-06-14 02:00:00,NODE_10,27.28763,88.57017,36.14,80.14,-0.0138,0.0093,14.03
2023-06-14 03:00:00,NODE_01,27.29535,88.6231,34.94,79.45,0.0097,0.0206,14.03
2023-06-14 03:00:00,NODE_02,27.35987,88.66507,35.25,79.74,-0.0014,-0.0038,14.03
2023-06-14 03:00:00,NODE_03,27.32649,88.60522,36.17,79.53,-0.0084,-0.0167,14.03
2023-06-14 03:00:00,NODE_04,27.36949,88.5676,36.04,79.55,-0.0084,-0.0082,14.03
2023-06-14 03:00:00,NODE_05,27.35503,88.67429,35.99,79.68,0.0115,0.0248,14.03
2023-06-14 03:00:00,NODE_06,27.3375,88.61639,36.3,79.89,0.0102,0.0113,14.03
2023-06-14 03:00:00,NODE_07,27.35687,88.65051,35.75,79.59,-0.0036,0.0069,14.03
2023-06-14 03:00:00,NODE_08,27.3729,88.65823,36.34,79.68,-0.0071,0.0105,14.03
2023-06-14 03:00:00,NODE_09,27.32405,88.62626,35.38,79.72,0.0061,0.0058,14.03
2023-06-14 03:00:00,NODE_10,27.28763,88.57017,35.34,79.35,0.0028,0.002,14.03
2023-06-14 04:00:00,NODE_01,27.29535,88.6231,34.9,80.16,-0.0009,0.0094,14.03
2023-06-14 04:00:00,NODE_02,27.35987,88.66507,35.35,79.67,-0.0098,0.0101,14.03
2023-06-14 04:00:00,NODE_03,27.32649,88.60522,35.29,79.59,-0.0143,-0.0091,14.03
2023-06-14 04:00:00,NODE_04,27.36949,88.5676,36.0,79.85,0.0011,0.0053,14.03
2023-06-14 04:00:00,NODE_05,27.35503,88.67429,35.89,79.67,-0.0058,-0.0117,14.03
2023-06-14 04:00:00,NODE_06,27.3375,88.61639,35.81,78.8,-0.0012,0.008,14.03
2023-06-14 04:00:00,NODE_07,27.35687,88.65051,36.27,79.17,0.0054,0.0106,14.03
2023-06-14 04:00:00,NODE_08,27.3729,88.65823,36.32,79.7,-0.0005,-0.0021,14.03
2023-06-14 04:00:00,NODE_09,27.32405,88.62626,35.65,79.41,0.0012,0.0197,14.03
2023-06-14 04:00:00,NODE_10,27.28763,88.57017,36.18,79.79,-0.0065,0.0046,14.03
2023-06-14 05:00:00,NODE_01,27.29535,88.6231,35.32,80.0,0.0034,0.0098,14.03
2023-06-14 05:00:00,NODE_02,27.35987,88.66507,35.15,79.74,0.0049,-0.0145,14.03
2023-06-14 05:00:00,NODE_03,27.32649,88.60522,35.56,78.96,0.0024,0.0082,14.03
2023-06-14 05:00:00,NODE_04,27.36949,88.5676,34.81,79.82,-0.0227,0.0041,14.03
2023-06-14 05:00:00,NODE_05,27.35503,88.67429,35.36,79.75,0.0005,0.0159,14.03
2023-06-14 05:00:00,NODE_06,27.3375,88.61639,35.76,79.59,0.0042,0.0019,14.03
2023-06-14 05:00:00,NODE_07,27.35687,88.65051,35.7,79.67,-0.0141,-0.0044,14.03
2023-06-14 05:00:00,NODE_08,27.3729,88.65823,36.37,79.44,0.0068,0.0045,14.03
2023-06-14 05:00:00,NODE_09,27.32405,88.62626,35.33,79.17,-0.0037,0.0094,14.03
2023-06-14 05:00:00,NODE_10,27.28763,88.57017,36.16,79.38,0.0155,-0.0262,14.03
2023-06-14 06:00:00,NODE_01,27.29535,88.6231,35.52,79.72,0.0046,0.0309,15.17
2023-06-14 06:00:00,NODE_02,27.35987,88.66507,35.26,79.83,0.0081,0.0023,15.17
2023-06-14 06:00:00,NODE_03,27.32649,88.60522,35.54,79.36,-0.0033,-0.0265,15.17
2023-06-14 06:00:00,NODE_04,27.36949,88.5676,34.8,79.38,-0.003,-0.0019,15.17
2023-06-14 06:00:00,NODE_05,27.35503,88.67429,35.28,79.38,0.004,0.0139,15.17
2023-06-14 06:00:00,NODE_06,27.3375,88.61639,35.62,79.39,0.0165,-0.0058,15.17
2023-06-14 06:00:00,NODE_07,27.35687,88.65051,35.82,80.16,-0.0084,-0.0052,15.17
2023-06-14 06:00:00,NODE_08,27.3729,88.65823,36.21,79.71,0.0105,0.0141,15.17
2023-06-14 06:00:00,NODE_09,27.32405,88.62626,35.33,79.62,0.0136,0.0038,15.17
2023-06-14 06:00:00,NODE_10,27.28763,88.57017,35.69,79.22,0.0107,-0.0113,15.17
2023-06-14 07:00:00,NODE_01,27.29535,88.6231,36.25,79.62,0.0099,0.0052,19.29
2023-06-14 07:00:00,NODE_02,27.35987,88.66507,36.23,79.17,0.0148,0.0007,19.29
2023-06-14 07:00:00,NODE_03,27.32649,88.60522,36.9,79.29,0.0084,0.0049,19.29
2023-06-14 07:00:00,NODE_04,27.36949,88.5676,35.94,79.1,-0.0036,0.0057,19.29
2023-06-14 07:00:00,NODE_05,27.35503,88.67429,36.38,79.0,-0.0055,-0.0041,19.29
2023-06-14 07:00:00,NODE_06,27.3375,88.61639,35.98,78.98,-0.0025,0.0011,19.29
2023-06-14 07:00:00,NODE_07,27.35687,88.65051,35.69,79.39,-0.0043,0.0095,19.29
2023-06-14 07:00:00,NODE_08,27.3729,88.65823,36.11,80.15,-0.0082,-0.0095,19.29
2023-06-14 07:00:00,NODE_09,27.32405,88.62626,36.27,78.8,-0.0015,-0.0047,19.29
2023-06-14 07:00:00,NODE_10,27.28763,88.57017,35.37,79.87,-0.0127,-0.0051,19.29
2023-06-14 08:00:00,NODE_01,27.29535,88.6231,36.61,79.46,0.0008,0.0048,14.8
2023-06-14 08:00:00,NODE_02,27.35987,88.66507,36.35,79.17,0.0037,0.0171,14.8
2023-06-14 08:00:00,NODE_03,27.32649,88.60522,36.67,79.67,-0.0127,0.0106,14.8
2023-06-14 08:00:00,NODE_04,27.36949,88.5676,36.34,78.91,-0.003,-0.0149,14.8
2023-06-14 08:00:00,NODE_05,27.35503,88.67429,35.75,79.69,-0.001,-0.004,14.8
2023-06-14 08:00:00,NODE_06,27.3375,88.61639,35.9,79.46,-0.0077,0.0165,14.8
2023-06-14 08:00:00,NODE_07,27.35687,88.65051,36.11,79.67,0.0079,-0.0026,14.8
2023-06-14 08:00:00,NODE_08,27.3729,88.65823,36.34,79.69,0.0075,0.0201,14.8
2023-06-14 08:00:00,NODE_09,27.32405,88.62626,36.52,79.58,-0.0053,0.004,14.8
2023-06-14 08:00:00,NODE_10,27.28763,88.57017,36.49,79.47,-0.0017,0.0067,14.8
2023-06-14 09:00:00,NODE_01,27.29535,88.6231,36.58,79.68,0.0141,0.007,9.15
2023-06-14 09:00:00,NODE_02,27.35987,88.66507,36.81,78.92,0.0092,-0.0023,9.15
2023-06-14 09:00:00,NODE_03,27.32649,88.60522,36.49,78.78,-0.0076,-0.0058,9.15
2023-06-14 09:00:00,NODE_04,27.36949,88.5676,36.96,79.49,-0.0055,0.0016,9.15
2023-06-14 09:00:00,NODE_05,27.35503,88.67429,36.27,78.98,-0.0058,-0.0092,9.15
2023-06-14 09:00:00,NODE_06,27.3375,88.61639,36.32,79.36,0.0047,-0.0109,9.15
2023-06-14 09:00:00,NODE_07,27.35687,88.65051,36.72,80.12,0.0041,-0.0061,9.15
2023-06-14 09:00:00,NODE_08,27.3729,88.65823,36.0,79.92,-0.0098,-0.0077,9.15
2023-06-14 09:00:00,NODE_09,27.32405,88.62626,36.53,79.18,0.0112,0.0068,9.15
2023-06-14 09:00:00,NODE_10,27.28763,88.57017,36.87,80.04,-0.0076,-0.0094,9.15
2023-06-14 10:00:00,NODE_01,27.29535,88.6231,36.96,79.35,0.0031,-0.0101,9.15
2023-06-14 10:00:00,NODE_02,27.35987,88.66507,36.07,79.67,-0.003,-0.0017,9.15
2023-06-14 10:00:00,NODE_03,27.32649,88.60522,36.83,79.21,-0.0239,-0.0043,9.15
2023-06-14 10:00:00,NODE_04,27.36949,88.5676,36.56,79.53,-0.01,-0.0046,9.15
2023-06-14 10:00:00,NODE_05,27.35503,88.67429,36.46,79.24,0.004,-0.0091,9.15
2023-06-14 10:00:00,NODE_06,27.3375,88.61639,36.01,79.36,0.0074,-0.008,9.15
2023-06-14 10:00:00,NODE_07,27.35687,88.65051,36.41,79.65,0.0054,-0.0091,9.15
2023-06-14 10:00:00,NODE_08,27.3729,88.65823,36.56,79.59,-0.0215,0.009,9.15
2023-06-14 10:00:00,NODE_09,27.32405,88.62626,36.31,79.27,-0.0041,0.0,9.15
2023-06-14 10:00:00,NODE_10,27.28763,88.57017,36.45,79.19,-0.0116,0.0255,9.15
2023-06-14 11:00:00,NODE_01,27.29535,88.6231,36.79,79.53,0.0062,-0.0044,9.15
2023-06-14 11:00:00,NODE_02,27.35987,88.66507,36.2,79.47,-0.0048,0.0085,9.15
2023-06-14 11:00:00,NODE_03,27.32649,88.60522,37.24,79.19,-0.0218,-0.0107,9.15
2023-06-14 11:00:00,NODE_04,27.36949,88.5676,36.61,79.07,-0.0182,0.0286,9.15
2023-06-14 11:00:00,NODE_05,27.35503,88.67429,36.92,78.99,-0.0132,-0.0,9.15
2023-06-14 11:00:00,NODE_06,27.3375,88.61639,36.32,79.24,0.0011,-0.0063,9.15
2023-06-14 11:00:00,NODE_07,27.35687,88.65051,36.92,79.19,-0.0003,-0.0051,9.15
2023-06-14 11:00:00,NODE_08,27.3729,88.65823,36.59,79.26,-0.0075,0.0001,9.15
2023-06-14 11:00:00,NODE_09,27.32405,88.62626,36.2,79.1,-0.0058,-0.0074,9.15
2023-06-14 11:00:00,NODE_10,27.28763,88.57017,36.92,79.02,-0.0006,-0.0026,9.15
2023-06-14 12:00:00,NODE_01,27.29535,88.6231,36.28,79.73,-0.0083,-0.0051,9.15
2023-06-14 12:00:00,NODE_02,27.35987,88.66507,36.45,79.54,0.0047,-0.0133,9.15
2023-06-14 12:00:00,NODE_03,27.32649,88.60522,35.56,79.64,0.018,-0.0052,9.15
2023-06-14 12:00:00,NODE_04,27.36949,88.5676,35.71,79.73,0.0014,0.0016,9.15
2023-06-14 12:00:00,NODE_05,27.35503,88.67429,36.06,79.01,0.0057,0.0002,9.15
2023-06-14 12:00:00,NODE_06,27.3375,88.61639,36.3,79.02,0.01,-0.0041,9.15
2023-06-14 12:00:00,NODE_07,27.35687,88.65051,36.15,79.45,-0.0079,0.0088,9.15
2023-06-14 12:00:00,NODE_08,27.3729,88.65823,36.23,79.35,0.0083,-0.0005,9.15
2023-06-14 12:00:00,NODE_09,27.32405,88.62626,36.11,79.68,-0.0113,-0.012,9.15
2023-06-14 12:00:00,NODE_10,27.28763,88.57017,36.16,79.34,0.0082,-0.0102,9.15
2023-06-14 13:00:00,NODE_01,27.29535,88.6231,36.43,79.31,0.0216,0.0065,9.15
2023-06-14 13:00:00,NODE_02,27.35987,88.66507,36.28,78.95,-0.0039,-0.0022,9.15
2023-06-14 13:00:00,NODE_03,27.32649,88.60522,35.71,79.33,0.0208,-0.0049,9.15
2023-06-14 13:00:00,NODE_04,27.36949,88.5676,36.04,79.45,-0.003,-0.006,9.15
2023-06-14 13:00:00,NODE_05,27.35503,88.67429,36.21,79.62,0.0031,-0.016,9.15
2023-06-14 13:00:00,NODE_06,27.3375,88.61639,35.46,78.86,-0.002,-0.0002,9.15
2023-06-14 13:00:00,NODE_07,27.35687,88.65051,35.55,79.51,0.0149,-0.0151,9.15
2023-06-14 13:00:00,NODE_08,27.3729,88.65823,35.29,79.2,-0.0001,-0.013,9.15
2023-06-14 13:00:00,NODE_09,27.32405,88.62626,36.28,79.32,-0.0082,0.0019,9.15
2023-06-14 13:00:00,NODE_10,27.28763,88.57017,36.88,80.36,-0.0008,-0.0019,9.15
2023-06-14 14:00:00,NODE_01,27.29535,88.6231,35.99,79.29,0.0047,-0.0017,9.15
2023-06-14 14:00:00,NODE_02,27.35987,88.66507,35.59,79.9,0.0027,-0.0046,9.15
2023-06-14 14:00:00,NODE_03,27.32649,88.60522,35.78,79.87,0.0009,-0.0068,9.15
2023-06-14 14:00:00,NODE_04,27.36949,88.5676,35.34,79.8,-0.0138,-0.0138,9.15
2023-06-14 14:00:00,NODE_05,27.35503,88.67429,35.89,79.42,-0.002,0.0229,9.15
2023-06-14 14:00:00,NODE_06,27.3375,88.61639,35.91,79.07,0.0013,0.0096,9.15
2023-06-14 14:00:00,NODE_07,27.35687,88.65051,35.55,79.78,-0.007,0.0063,9.15
2023-06-14 14:00:00,NODE_08,27.3729,88.65823,35.76,79.57,-0.0053,0.0091,9.15
2023-06-14 14:00:00,NODE_09,27.32405,88.62626,35.46,79.13,-0.0073,-0.0148,9.15
2023-06-14 14:00:00,NODE_10,27.28763,88.57017,36.19,79.74,-0.0052,-0.0095,9.15
2023-06-14 15:00:00,NODE_01,27.29535,88.6231,35.49,79.11,0.0071,0.0014,9.15
2023-06-14 15:00:00,NODE_02,27.35987,88.66507,35.78,79.16,-0.0106,-0.0014,9.15
2023-06-14 15:00:00,NODE_03,27.32649,88.60522,35.55,79.51,-0.0082,-0.0074,9.15
2023-06-14 15:00:00,NODE_04,27.36949,88.5676,35.87,79.48,0.0006,0.0131,9.15
2023-06-14 15:00:00,NODE_05,27.35503,88.67429,36.23,79.39,0.0045,-0.0026,9.15
2023-06-14 15:00:00,NODE_06,27.3375,88.61639,35.36,79.5,0.0037,0.0046,9.15
2023-06-14 15:00:00,NODE_07,27.35687,88.65051,36.1,79.7,0.0042,-0.0071,9.15
2023-06-14 15:00:00,NODE_08,27.3729,88.65823,35.97,79.85,0.0006,-0.0129,9.15
2023-06-14 15:00:00,NODE_09,27.32405,88.62626,36.3,79.11,0.0062,-0.0047,9.15
2023-06-14 15:00:00,NODE_10,27.28763,88.57017,35.82,79.65,-0.0221,-0.0118,9.15
2023-06-14 16:00:00,NODE_01,27.29535,88.6231,35.83,79.12,-0.0161,0.0109,9.15
2023-06-14 16:00:00,NODE_02,27.35987,88.66507,36.43,79.38,-0.0088,0.0085,9.15
2023-06-14 16:00:00,NODE_03,27.32649,88.60522,35.42,79.16,-0.003,-0.0027,9.15
2023-06-14 16:00:00,NODE_04,27.36949,88.5676,34.8,79.0,-0.0029,-0.0035,9.15
2023-06-14 16:00:00,NODE_05,27.35503,88.67429,34.92,79.05,-0.0036,0.0007,9.15
2023-06-14 16:00:00,NODE_06,27.3375,88.61639,35.13,79.27,0.0029,0.0006,9.15
2023-06-14 16:00:00,NODE_07,27.35687,88.65051,35.49,78.47,-0.0011,-0.0021,9.15
2023-06-14 16:00:00,NODE_08,27.3729,88.65823,35.14,79.49,0.0002,-0.0144,9.15
2023-06-14 16:00:00,NODE_09,27.32405,88.62626,35.79,79.15,-0.0102,-0.0243,9.15
2023-06-14 16:00:00,NODE_10,27.28763,88.57017,35.92,79.65,-0.0067,0.0101,9.15
2023-06-14 17:00:00,NODE_01,27.29535,88.6231,35.59,78.86,-0.0082,0.0086,10.46
2023-06-14 17:00:00,NODE_02,27.35987,88.66507,35.54,79.56,0.0064,0.0055,10.46
2023-06-14 17:00:00,NODE_03,27.32649,88.60522,35.03,79.3,0.0087,-0.0028,10.46
2023-06-14 17:00:00,NODE_04,27.36949,88.5676,35.69,79.41,-0.0046,-0.0079,10.46
2023-06-14 17:00:00,NODE_05,27.35503,88.67429,35.84,79.21,-0.0067,-0.0063,10.46
2023-06-14 17:00:00,NODE_06,27.3375,88.61639,35.3,79.13,0.0161,0.0028,10.46
2023-06-14 17:00:00,NODE_07,27.35687,88.65051,35.46,79.0,0.0056,-0.0015,10.46
2023-06-14 17:00:00,NODE_08,27.3729,88.65823,35.61,79.3,0.0062,0.0116,10.46
2023-06-14 17:00:00,NODE_09,27.32405,88.62626,34.45,79.87,-0.0186,0.0083,10.46
2023-06-14 17:00:00,NODE_10,27.28763,88.57017,36.16,79.31,0.0055,0.0051,10.46
2023-06-14 18:00:00,NODE_01,27.29535,88.6231,35.54,79.59,0.0124,-0.0016,10.46
2023-06-14 18:00:00,NODE_02,27.35987,88.66507,35.27,78.97,0.0089,-0.0075,10.46
2023-06-14 18:00:00,NODE_03,27.32649,88.60522,36.1,79.07,-0.0051,0.0187,10.46
2023-06-14 18:00:00,NODE_04,27.36949,88.5676,34.96,79.41,-0.0216,0.0034,10.46
2023-06-14 18:00:00,NODE_05,27.35503,88.67429,35.46,79.48,0.0054,-0.0027,10.46
2023-06-14 18:00:00,NODE_06,27.3375,88.61639,35.09,78.78,0.0037,0.0062,10.46
2023-06-14 18:00:00,NODE_07,27.35687,88.65051,35.97,79.19,-0.0061,-0.0022,10.46
2023-06-14 18:00:00,NODE_08,27.3729,88.65823,35.72,79.1,-0.0161,0.0179,10.46
2023-06-14 18:00:00,NODE_09,27.32405,88.62626,35.58,78.71,0.003,0.0115,10.46
2023-06-14 18:00:00,NODE_10,27.28763,88.57017,35.9,80.26,-0.0134,0.0052,10.46
2023-06-14 19:00:00,NODE_01,27.29535,88.6231,36.13,79.87,0.0029,-0.0067,6.58
2023-06-14 19:00:00,NODE_02,27.35987,88.66507,35.47,79.05,-0.0099,0.0014,6.58
2023-06-14 19:00:00,NODE_03,27.32649,88.60522,34.97,79.38,0.0024,-0.0039,6.58
2023-06-14 19:00:00,NODE_04,27.36949,88.5676,35.38,78.98,0.0068,0.0065,6.58
2023-06-14 19:00:00,NODE_05,27.35503,88.67429,35.91,79.3,0.0059,-0.0036,6.58
2023-06-14 19:00:00,NODE_06,27.3375,88.61639,35.78,78.93,-0.003,-0.0168,6.58
2023-06-14 19:00:00,NODE_07,27.35687,88.65051,35.17,78.86,0.0105,-0.0029,6.58
2023-06-14 19:00:00,NODE_08,27.3729,88.65823,35.99,79.4,-0.001,-0.0067,6.58
2023-06-14 19:00:00,NODE_09,27.32405,88.62626,35.95,79.38,-0.0063,0.0008,6.58
2023-06-14 19:00:00,NODE_10,27.28763,88.57017,35.51,79.54,0.0128,0.0128,6.58
2023-06-14 20:00:00,NODE_01,27.29535,88.6231,34.4,79.7,-0.0191,0.0114,6.58
2023-06-14 20:00:00,NODE_02,27.35987,88.66507,35.42,79.23,0.0067,0.0149,6.58
2023-06-14 20:00:00,NODE_03,27.32649,88.60522,35.3,78.66,-0.0001,0.0034,6.58
2023-06-14 20:00:00,NODE_04,27.36949,88.5676,35.74,78.66,-0.0123,0.0063,6.58
2023-06-14 20:00:00,NODE_05,27.35503,88.67429,35.05,79.51,-0.0051,-0.0,6.58
2023-06-14 20:00:00,NODE_06,27.3375,88.61639,35.31,79.2,0.0053,0.0107,6.58
2023-06-14 20:00:00,NODE_07,27.35687,88.65051,34.49,78.0,0.0138,-0.0044,6.58
2023-06-14 20:00:00,NODE_08,27.3729,88.65823,36.06,78.88,0.0012,0.01,6.58
2023-06-14 20:00:00,NODE_09,27.32405,88.62626,35.54,79.18,-0.0002,0.0183,6.58
2023-06-14 20:00:00,NODE_10,27.28763,88.57017,35.12,79.47,-0.0058,0.0049,6.58
2023-06-14 21:00:00,NODE_01,27.29535,88.6231,34.66,78.72,0.0104,0.0077,6.58
2023-06-14 21:00:00,NODE_02,27.35987,88.66507,35.16,79.98,-0.0053,-0.0083,6.58
2023-06-14 21:00:00,NODE_03,27.32649,88.60522,35.64,78.76,-0.0057,-0.0058,6.58
2023-06-14 21:00:00,NODE_04,27.36949,88.5676,35.32,79.06,0.0006,0.0002,6.58
2023-06-14 21:00:00,NODE_05,27.35503,88.67429,35.23,79.49,-0.0059,-0.0001,6.58
2023-06-14 21:00:00,NODE_06,27.3375,88.61639,35.55,79.07,0.0101,-0.0083,6.58
2023-06-14 21:00:00,NODE_07,27.35687,88.65051,34.88,78.83,0.0099,-0.0057,6.58
2023-06-14 21:00:00,NODE_08,27.3729,88.65823,35.07,78.86,-0.0137,0.008,6.58
2023-06-14 21:00:00,NODE_09,27.32405,88.62626,35.06,79.42,0.0128,0.0135,6.58
2023-06-14 21:00:00,NODE_10,27.28763,88.57017,34.78,79.6,0.0019,-0.0107,6.58
2023-06-14 22:00:00,NODE_01,27.29535,88.6231,34.6,79.35,-0.0054,-0.0161,6.58
2023-06-14 22:00:00,NODE_02,27.35987,88.66507,35.06,79.15,0.0002,0.0015,6.58
2023-06-14 22:00:00,NODE_03,27.32649,88.60522,35.06,79.08,-0.0053,-0.0059,6.58
2023-06-14 22:00:00,NODE_04,27.36949,88.5676,34.41,78.66,-0.0081,0.0016,6.58
2023-06-14 22:00:00,NODE_05,27.35503,88.67429,35.03,79.07,-0.0018,0.008,6.58
2023-06-14 22:00:00,NODE_06,27.3375,88.61639,34.89,78.72,0.0077,-0.0044,6.58
2023-06-14 22:00:00,NODE_07,27.35687,88.65051,35.17,78.97,0.0016,0.0132,6.58
2023-06-14 22:00:00,NODE_08,27.3729,88.65823,35.14,79.43,-0.0138,-0.0009,6.58
2023-06-14 22:00:00,NODE_09,27.32405,88.62626,35.05,79.08,0.0007,0.0048,6.58
2023-06-14 22:00:00,NODE_10,27.28763,88.57017,34.09,78.85,-0.004,0.0071,6.58
2023-06-14 23:00:00,NODE_01,27.29535,88.6231,34.77,79.48,0.0141,-0.0031,6.58
2023-06-14 23:00:00,NODE_02,27.35987,88.66507,34.34,79.47,0.0142,-0.0019,6.58
2023-06-14 23:00:00,NODE_03,27.32649,88.60522,34.53,79.25,0.0029,-0.017,6.58
2023-06-14 23:00:00,NODE_04,27.36949,88.5676,34.65,79.22,-0.0039,0.0023,6.58
2023-06-14 23:00:00,NODE_05,27.35503,88.67429,34.52,78.52,-0.0055,0.0023,6.58
2023-06-14 23:00:00,NODE_06,27.3375,88.61639,34.76,78.01,0.0072,0.0034,6.58
2023-06-14 23:00:00,NODE_07,27.35687,88.65051,34.82,78.74,-0.0044,0.0003,6.58
2023-06-14 23:00:00,NODE_08,27.3729,88.65823,35.01,79.02,-0.0036,0.0134,6.58
2023-06-14 23:00:00,NODE_09,27.32405,88.62626,34.99,78.84,0.0151,-0.0011,6.58
2023-06-14 23:00:00,NODE_10,27.28763,88.57017,34.99,78.89,-0.0118,-0.0113,6.58
2023-06-15 00:00:00,NODE_01,27.29535,88.6231,34.67,78.83,-0.0009,0.0017,6.58
2023-06-15 00:00:00,NODE_02,27.35987,88.66507,34.39,79.26,0.0081,-0.0006,6.58
2023-06-15 00:00:00,NODE_03,27.32649,88.60522,34.23,78.14,-0.0098,-0.0157,6.58
2023-06-15 00:00:00,NODE_04,27.36949,88.5676,34.17,78.68,0.0115,0.0034,6.58
2023-06-15 00:00:00,NODE_05,27.35503,88.67429,34.26,78.77,0.0153,0.007,6.58
2023-06-15 00:00:00,NODE_06,27.3375,88.61639,35.52,78.54,-0.015,-0.0008,6.58
2023-06-15 00:00:00,NODE_07,27.35687,88.65051,34.15,78.51,0.0282,-0.0013,6.58
2023-06-15 00:00:00,NODE_08,27.3729,88.65823,35.03,78.96,0.0001,-0.0016,6.58
2023-06-15 00:00:00,NODE_09,27.32405,88.62626,35.08,79.08,-0.0007,-0.0035,6.58
2023-06-15 00:00:00,NODE_10,27.28763,88.57017,34.62,78.99,0.0044,-0.0048,6.58
2023-06-15 01:00:00,NODE_01,27.29535,88.6231,34.02,78.89,0.002,0.0078,6.58
2023-06-15 01:00:00,NODE_02,27.35987,88.66507,34.56,78.92,0.008,-0.0163,6.58
2023-06-15 01:00:00,NODE_03,27.32649,88.60522,34.53,79.13,0.0045,-0.0121,6.58
2023-06-15 01:00:00,NODE_04,27.36949,88.5676,33.95,79.23,0.0053,0.0042,6.58
2023-06-15 01:00:00,NODE_05,27.35503,88.67429,34.39,78.87,0.0032,-0.0001,6.58
2023-06-15 01:00:00,NODE_06,27.3375,88.61639,33.98,78.52,-0.0249,0.0049,6.58
2023-06-15 01:00:00,NODE_07,27.35687,88.65051,35.03,78.73,-0.0099,-0.0064,6.58
2023-06-15 01:00:00,NODE_08,27.3729,88.65823,34.84,78.92,0.0001,0.0052,6.58
2023-06-15 01:00:00,NODE_09,27.32405,88.62626,34.06,78.77,0.0101,0.0056,6.58
2023-06-15 01:00:00,NODE_10,27.28763,88.57017,34.49,79.26,-0.006,-0.0005,6.58
2023-06-15 02:00:00,NODE_01,27.29535,88.6231,34.09,78.14,0.0118,0.0091,6.58
2023-06-15 02:00:00,NODE_02,27.35987,88.66507,34.41,78.42,0.0191,0.0141,6.58
2023-06-15 02:00:00,NODE_03,27.32649,88.60522,34.18,78.59,-0.0047,0.0018,6.58
2023-06-15 02:00:00,NODE_04,27.36949,88.5676,34.53,77.97,0.0113,0.0109,6.58
2023-06-15 02:00:00,NODE_05,27.35503,88.67429,34.53,78.57,0.0001,0.0023,6.58
2023-06-15 02:00:00,NODE_06,27.3375,88.61639,34.99,78.32,0.0128,0.0014,6.58
2023-06-15 02:00:00,NODE_07,27.35687,88.65051,34.55,78.73,0.0088,-0.0041,6.58
2023-06-15 02:00:00,NODE_08,27.3729,88.65823,35.05,79.12,-0.0056,-0.0125,6.58
2023-06-15 02:00:00,NODE_09,27.32405,88.62626,34.24,78.84,-0.0055,-0.0014,6.58
2023-06-15 02:00:00,NODE_10,27.28763,88.57017,34.89,78.47,-0.0083,-0.0015,6.58
2023-06-15 03:00:00,NODE_01,27.29535,88.6231,33.99,78.71,-0.009,0.0028,6.58
2023-06-15 03:00:00,NODE_02,27.35987,88.66507,34.11,78.93,-0.007,-0.0077,6.58
2023-06-15 03:00:00,NODE_03,27.32649,88.60522,34.42,77.96,0.0013,0.0108,6.58
2023-06-15 03:00:00,NODE_04,27.36949,88.5676,34.56,78.54,0.0033,0.0006,6.58
2023-06-15 03:00:00,NODE_05,27.35503,88.67429,34.03,78.38,-0.0093,-0.0024,6.58
2023-06-15 03:00:00,NODE_06,27.3375,88.61639,35.0,78.38,0.0044,-0.0029,6.58
2023-06-15 03:00:00,NODE_07,27.35687,88.65051,34.49,78.4,0.0033,-0.0064,6.58
2023-06-15 03:00:00,NODE_08,27.3729,88.65823,33.41,78.85,-0.006,-0.0121,6.58
2023-06-15 03:00:00,NODE_09,27.32405,88.62626,34.99,78.95,0.0011,0.0055,6.58
2023-06-15 03:00:00,NODE_10,27.28763,88.57017,34.29,78.74,-0.0238,-0.0179,6.58
2023-06-15 04:00:00,NODE_01,27.29535,88.6231,35.18,78.21,-0.0099,0.0059,6.58
2023-06-15 04:00:00,NODE_02,27.35987,88.66507,34.13,78.05,-0.0099,0.0103,6.58
2023-06-15 04:00:00,NODE_03,27.32649,88.60522,33.64,77.51,0.0138,-0.0179,6.58
2023-06-15 04:00:00,NODE_04,27.36949,88.5676,34.37,78.82,0.004,-0.0082,6.58
2023-06-15 04:00:00,NODE_05,27.35503,88.67429,34.07,78.6,0.0074,0.01,6.58
2023-06-15 04:00:00,NODE_06,27.3375,88.61639,34.5,78.67,-0.0002,0.0153,6.58
2023-06-15 04:00:00,NODE_07,27.35687,88.65051,34.37,78.85,-0.0006,0.0077,6.58
2023-06-15 04:00:00,NODE_08,27.3729,88.65823,34.36,78.48,-0.004,0.0117,6.58
2023-06-15 04:00:00,NODE_09,27.32405,88.62626,34.21,78.46,-0.0093,0.0062,6.58
2023-06-15 04:00:00,NODE_10,27.28763,88.57017,34.96,78.6,0.013,-0.0097,6.58
2023-06-15 05:00:00,NODE_01,27.29535,88.6231,34.78,78.48,-0.002,0.0006,6.58
2023-06-15 05:00:00,NODE_02,27.35987,88.66507,34.08,78.87,-0.0072,-0.0062,6.58
2023-06-15 05:00:00,NODE_03,27.32649,88.60522,34.38,77.84,-0.0017,-0.0055,6.58
2023-06-15 05:00:00,NODE_04,27.36949,88.5676,34.3,78.01,-0.0178,-0.0014,6.58
2023-06-15 05:00:00,NODE_05,27.35503,88.67429,33.31,79.18,-0.0061,0.0032,6.58
2023-06-15 05:00:00,NODE_06,27.3375,88.61639,33.93,78.32,0.0069,0.0071,6.58
2023-06-15 05:00:00,NODE_07,27.35687,88.65051,33.54,78.35,0.0019,-0.0075,6.58
2023-06-15 05:00:00,NODE_08,27.3729,88.65823,34.25,78.39,0.003,0.0055,6.58
2023-06-15 05:00:00,NODE_09,27.32405,88.62626,34.67,78.2,-0.0081,-0.0023,6.58
2023-06-15 05:00:00,NODE_10,27.28763,88.57017,33.83,78.09,0.0001,-0.0002,6.58
2023-06-15 06:00:00,NODE_01,27.29535,88.6231,34.36,77.85,0.0083,-0.0067,10.61
2023-06-15 06:00:00,NODE_02,27.35987,88.66507,34.88,78.34,-0.0025,-0.0063,10.61
2023-06-15 06:00:00,NODE_03,27.32649,88.60522,34.57,78.18,0.0092,-0.0137,10.61
2023-06-15 06:00:00,NODE_04,27.36949,88.5676,34.52,78.13,-0.0032,0.0075,10.61
2023-06-15 06:00:00,NODE_05,27.35503,88.67429,34.38,78.18,-0.0065,-0.0016,10.61
2023-06-15 06:00:00,NODE_06,27.3375,88.61639,35.1,78.54,0.0193,0.003,10.61
2023-06-15 06:00:00,NODE_07,27.35687,88.65051,34.65,77.97,-0.0051,-0.0225,10.61
2023-06-15 06:00:00,NODE_08,27.3729,88.65823,34.43,78.43,0.0124,-0.0014,10.61
2023-06-15 06:00:00,NODE_09,27.32405,88.62626,35.72,78.05,-0.0022,0.011,10.61
2023-06-15 06:00:00,NODE_10,27.28763,88.57017,34.14,78.31,0.0111,-0.0061,10.61
2023-06-15 07:00:00,NODE_01,27.29535,88.6231,34.84,78.39,-0.0133,-0.0026,6.49
2023-06-15 07:00:00,NODE_02,27.35987,88.66507,34.95,77.38,-0.0235,0.0121,6.49
2023-06-15 07:00:00,NODE_03,27.32649,88.60522,35.07,78.07,-0.0179,-0.0026,6.49
2023-06-15 07:00:00,NODE_04,27.36949,88.5676,34.88,77.97,-0.0022,-0.0179,6.49
2023-06-15 07:00:00,NODE_05,27.35503,88.67429,35.4,78.22,0.0077,-0.0019,6.49
2023-06-15 07:00:00,NODE_06,27.3375,88.61639,34.86,77.71,0.0141,0.0069,6.49
2023-06-15 07:00:00,NODE_07,27.35687,88.65051,35.35,77.8,0.0043,0.0006,6.49
2023-06-15 07:00:00,NODE_08,27.3729,88.65823,34.08,78.47,-0.0222,0.0191,6.49
2023-06-15 07:00:00,NODE_09,27.32405,88.62626,34.79,78.3,-0.0133,-0.0023,6.49
2023-06-15 07:00:00,NODE_10,27.28763,88.57017,34.49,78.52,0.0062,0.0113,6.49
2023-06-15 08:00:00,NODE_01,27.29535,88.6231,34.98,78.45,-0.0167,0.0002,6.49
2023-06-15 08:00:00,NODE_02,27.35987,88.66507,35.6,77.99,-0.0021,0.0099,6.49
2023-06-15 08:00:00,NODE_03,27.32649,88.60522,36.02,78.19,-0.0047,0.0108,6.49
2023-06-15 08:00:00,NODE_04,27.36949,88.5676,35.01,77.8,0.0122,-0.0178,6.49
2023-06-15 08:00:00,NODE_05,27.35503,88.67429,35.73,77.73,0.0039,-0.0011,6.49
2023-06-15 08:00:00,NODE_06,27.3375,88.61639,35.16,77.99,0.0096,-0.0071,6.49
2023-06-15 08:00:00,NODE_07,27.35687,88.65051,35.9,77.99,0.0032,-0.0028,6.49
2023-06-15 08:00:00,NODE_08,27.3729,88.65823,35.42,78.26,0.0062,0.019,6.49
2023-06-15 08:00:00,NODE_09,27.32405,88.62626,34.96,77.83,0.0016,0.0002,6.49
2023-06-15 08:00:00,NODE_10,27.28763,88.57017,35.73,77.82,0.0111,0.013,6.49
2023-06-15 09:00:00,NODE_01,27.29535,88.6231,34.52,77.83,0.0082,-0.0003,6.49
2023-06-15 09:00:00,NODE_02,27.35987,88.66507,35.07,78.22,-0.0054,0.0021,6.49
2023-06-15 09:00:00,NODE_03,27.32649,88.60522,35.11,77.77,0.0003,-0.0045,6.49
2023-06-15 09:00:00,NODE_04,27.36949,88.5676,35.11,78.0,-0.0051,0.0092,6.49
2023-06-15 09:00:00,NODE_05,27.35503,88.67429,35.25,78.42,-0.025,0.0003,6.49
2023-06-15 09:00:00,NODE_06,27.3375,88.61639,35.13,77.43,-0.0089,0.0217,6.49
2023-06-15 09:00:00,NODE_07,27.35687,88.65051,35.58,78.33,0.0268,-0.0059,6.49
2023-06-15 09:00:00,NODE_08,27.3729,88.65823,35.0,78.14,-0.0011,0.0044,6.49
2023-06-15 09:00:00,NODE_09,27.32405,88.62626,35.18,77.92,-0.003,-0.0098,6.49
2023-06-15 09:00:00,NODE_10,27.28763,88.57017,35.75,78.61,-0.0056,-0.0112,6.49
2023-06-15 10:00:00,NODE_01,27.29535,88.6231,35.09,77.65,-0.006,-0.0189,6.49
2023-06-15 10:00:00,NODE_02,27.35987,88.66507,35.36,77.89,0.0078,0.0076,6.49
2023-06-15 10:00:00,NODE_03,27.32649,88.60522,34.84,77.54,0.0192,-0.0005,6.49
2023-06-15 10:00:00,NODE_04,27.36949,88.5676,34.6,77.46,0.0026,0.0152,6.49
2023-06-15 10:00:00,NODE_05,27.35503,88.67429,35.23,78.24,-0.0016,-0.0006,6.49
2023-06-15 10:00:00,NODE_06,27.3375,88.61639,34.9,77.81,-0.0076,-0.0109,6.49
2023-06-15 10:00:00,NODE_07,27.35687,88.65051,35.34,77.69,0.0107,0.0091,6.49
2023-06-15 10:00:00,NODE_08,27.3729,88.65823,35.8,78.12,0.0053,-0.0146,6.49
2023-06-15 10:00:00,NODE_09,27.32405,88.62626,35.57,77.69,0.0023,-0.0027,6.49
2023-06-15 10:00:00,NODE_10,27.28763,88.57017,34.89,78.25,-0.0137,0.0006,6.49
2023-06-15 11:00:00,NODE_01,27.29535,88.6231,34.93,77.27,-0.0039,-0.004,9.49
2023-06-15 11:00:00,NODE_02,27.35987,88.66507,35.48,78.13,0.0035,-0.0029,9.49
2023-06-15 11:00:00,NODE_03,27.32649,88.60522,35.11,77.7,-0.0196,0.0146,9.49
2023-06-15 11:00:00,NODE_04,27.36949,88.5676,34.99,77.75,0.0023,-0.0127,9.49
2023-06-15 11:00:00,NODE_05,27.35503,88.67429,35.0,78.17,0.0013,-0.0056,9.49
2023-06-15 11:00:00,NODE_06,27.3375,88.61639,34.95,77.57,-0.0239,0.0011,9.49
2023-06-15 11:00:00,NODE_07,27.35687,88.65051,34.64,78.07,0.0052,-0.0273,9.49
2023-06-15 11:00:00,NODE_08,27.3729,88.65823,35.48,78.04,0.0119,-0.0011,9.49
2023-06-15 11:00:00,NODE_09,27.32405,88.62626,35.83,78.09,-0.0131,0.0216,9.49
2023-06-15 11:00:00,NODE_10,27.28763,88.57017,34.9,78.15,0.0076,0.0158,9.49
2023-06-15 12:00:00,NODE_01,27.29535,88.6231,35.49,77.78,-0.0186,0.0006,9.49
2023-06-15 12:00:00,NODE_02,27.35987,88.66507,35.87,77.62,-0.006,-0.0001,9.49
2023-06-15 12:00:00,NODE_03,27.32649,88.60522,35.45,77.79,-0.001,0.0046,9.49
2023-06-15 12:00:00,NODE_04,27.36949,88.5676,35.56,77.88,0.0116,0.001,9.49
2023-06-15 12:00:00,NODE_05,27.35503,88.67429,36.17,78.3,-0.0034,0.0076,9.49
2023-06-15 12:00:00,NODE_06,27.3375,88.61639,35.97,78.22,0.0063,-0.0029,9.49
2023-06-15 12:00:00,NODE_07,27.35687,88.65051,35.52,77.88,0.0058,0.0158,9.49
2023-06-15 12:00:00,NODE_08,27.3729,88.65823,35.21,77.76,-0.0076,-0.0083,9.49
2023-06-15 12:00:00,NODE_09,27.32405,88.62626,36.43,77.68,0.007,-0.009,9.49
2023-06-15 12:00:00,NODE_10,27.28763,88.57017,36.14,78.01,0.0013,-0.0013,9.49
2023-06-15 13:00:00,NODE_01,27.29535,88.6231,35.08,77.63,-0.0068,-0.0028,9.49
2023-06-15 13:00:00,NODE_02,27.35987,88.66507,36.0,77.46,0.0059,-0.0066,9.49
2023-06-15 13:00:00,NODE_03,27.32649,88.60522,35.68,77.82,0.0146,-0.0076,9.49
2023-06-15 13:00:00,NODE_04,27.36949,88.5676,35.67,77.62,-0.0013,-0.004,9.49
2023-06-15 13:00:00,NODE_05,27.35503,88.67429,36.54,77.75,0.0016,0.0083,9.49
2023-06-15 13:00:00,NODE_06,27.3375,88.61639,35.41,77.92,0.0111,-0.0032,9.49
2023-06-15 13:00:00,NODE_07,27.35687,88.65051,35.33,78.42,0.0184,0.0105,9.49
2023-06-15 13:00:00,NODE_08,27.3729,88.65823,34.9,78.29,0.0094,0.0009,9.49
2023-06-15 13:00:00,NODE_09,27.32405,88.62626,35.7,77.5,0.017,0.0044,9.49
2023-06-15 13:00:00,NODE_10,27.28763,88.57017,35.14,77.64,-0.0047,-0.0041,9.49
2023-06-15 14:00:00,NODE_01,27.29535,88.6231,35.25,77.29,-0.0001,-0.0025,9.49
2023-06-15 14:00:00,NODE_02,27.35987,88.66507,35.79,77.81,0.0072,0.009,9.49
2023-06-15 14:00:00,NODE_03,27.32649,88.60522,35.22,77.47,-0.0079,0.0016,9.49
2023-06-15 14:00:00,NODE_04,27.36949,88.5676,36.78,77.36,0.0083,-0.0026,9.49
2023-06-15 14:00:00,NODE_05,27.35503,88.67429,35.62,77.77,-0.0181,0.0178,9.49
2023-06-15 14:00:00,NODE_06,27.3375,88.61639,35.54,78.06,0.0119,-0.0045,9.49
2023-06-15 14:00:00,NODE_07,27.35687,88.65051,36.07,77.91,-0.0097,-0.0063,9.49
2023-06-15 14:00:00,NODE_08,27.3729,88.65823,35.79,77.77,-0.0125,-0.0094,9.49
2023-06-15 14:00:00,NODE_09,27.32405,88.62626,35.75,77.54,0.0149,-0.0045,9.49
2023-06-15 14:00:00,NODE_10,27.28763,88.57017,35.96,77.74,0.0074,0.0086,9.49
2023-06-15 15:00:00,NODE_01,27.29535,88.6231,35.46,77.84,0.0093,0.0049,9.49
2023-06-15 15:00:00,NODE_02,27.35987,88.66507,35.36,77.82,-0.0077,-0.0069,9.49
2023-06-15 15:00:00,NODE_03,27.32649,88.60522,34.59,77.93,-0.0021,-0.0083,9.49
2023-06-15 15:00:00,NODE_04,27.36949,88.5676,34.86,77.94,-0.017,0.0031,9.49
2023-06-15 15:00:00,NODE_05,27.35503,88.67429,36.43,78.36,-0.0283,-0.006,9.49
2023-06-15 15:00:00,NODE_06,27.3375,88.61639,34.82,77.59,0.0068,-0.0077,9.49
2023-06-15 15:00:00,NODE_07,27.35687,88.65051,35.85,77.55,-0.0018,-0.0045,9.49
2023-06-15 15:00:00,NODE_08,27.3729,88.65823,35.68,77.93,0.0013,-0.012,9.49
2023-06-15 15:00:00,NODE_09,27.32405,88.62626,35.11,77.69,0.019,-0.0221,9.49
2023-06-15 15:00:00,NODE_10,27.28763,88.57017,35.17,78.01,0.0031,-0.0027,9.49
2023-06-15 16:00:00,NODE_01,27.29535,88.6231,35.39,77.54,-0.0077,-0.0108,9.49
2023-06-15 16:00:00,NODE_02,27.35987,88.66507,35.34,77.69,-0.0049,0.0149,9.49
2023-06-15 16:00:00,NODE_03,27.32649,88.60522,35.02,77.43,0.0033,0.0042,9.49
2023-06-15 16:00:00,NODE_04,27.36949,88.5676,35.19,77.83,-0.0161,-0.0129,9.49
2023-06-15 16:00:00,NODE_05,27.35503,88.67429,34.97,78.03,-0.0098,0.0067,9.49
2023-06-15 16:00:00,NODE_06,27.3375,88.61639,35.25,77.38,-0.0015,0.0119,9.49
2023-06-15 16:00:00,NODE_07,27.35687,88.65051,34.86,77.95,-0.0191,0.005,9.49
2023-06-15 16:00:00,NODE_08,27.3729,88.65823,35.16,77.23,-0.0024,-0.0226,9.49
2023-06-15 16:00:00,NODE_09,27.32405,88.62626,34.24,77.69,0.0004,0.0056,9.49
2023-06-15 16:00:00,NODE_10,27.28763,88.57017,35.4,77.68,0.0064,0.0127,9.49
2023-06-15 17:00:00,NODE_01,27.29535,88.6231,35.26,77.31,0.0166,-0.0163,8.18
2023-06-15 17:00:00,NODE_02,27.35987,88.66507,35.51,78.15,-0.0223,-0.0032,8.18
2023-06-15 17:00:00,NODE_03,27.32649,88.60522,35.23,77.32,0.0018,0.0052,8.18
2023-06-15 17:00:00,NODE_04,27.36949,88.5676,34.52,77.27,-0.0228,-0.0111,8.18
2023-06-15 17:00:00,NODE_05,27.35503,88.67429,34.59,77.16,0.0028,-0.0191,8.18
2023-06-15 17:00:00,NODE_06,27.3375,88.61639,34.63,77.33,-0.0056,-0.012,8.18
2023-06-15 17:00:00,NODE_07,27.35687,88.65051,35.07,77.93,0.0056,0.0053,8.18
2023-06-15 17:00:00,NODE_08,27.3729,88.65823,35.33,77.75,0.0005,0.0017,8.18
2023-06-15 17:00:00,NODE_09,27.32405,88.62626,35.07,77.88,-0.0035,-0.0056,8.18
2023-06-15 17:00:00,NODE_10,27.28763,88.57017,35.52,77.9,-0.0102,-0.0059,8.18
2023-06-15 18:00:00,NODE_01,27.29535,88.6231,34.41,77.43,-0.0068,-0.0035,8.18
2023-06-15 18:00:00,NODE_02,27.35987,88.66507,34.68,77.5,-0.0109,0.0002,8.18
2023-06-15 18:00:00,NODE_03,27.32649,88.60522,34.99,77.37,0.0157,-0.0137,8.18
2023-06-15 18:00:00,NODE_04,27.36949,88.5676,34.78,77.16,0.0079,-0.003,8.18
2023-06-15 18:00:00,NODE_05,27.35503,88.67429,34.65,77.93,-0.0322,0.0083,8.18
2023-06-15 18:00:00,NODE_06,27.3375,88.61639,34.46,77.67,-0.0083,0.0098,8.18
2023-06-15 18:00:00,NODE_07,27.35687,88.65051,35.04,77.55,0.0085,-0.0063,8.18
2023-06-15 18:00:00,NODE_08,27.3729,88.65823,34.8,77.44,-0.0099,-0.023,8.18
2023-06-15 18:00:00,NODE_09,27.32405,88.62626,34.48,77.7,0.0049,0.0032,8.18
2023-06-15 18:00:00,NODE_10,27.28763,88.57017,35.13,77.54,0.0098,-0.0047,8.18
2023-06-15 19:00:00,NODE_01,27.29535,88.6231,35.83,77.88,-0.0068,0.0076,14.16
2023-06-15 19:00:00,NODE_02,27.35987,88.66507,35.23,77.81,-0.0074,0.0076,14.16
2023-06-15 19:00:00,NODE_03,27.32649,88.60522,35.97,77.82,0.0045,0.0018,14.16
2023-06-15 19:00:00,NODE_04,27.36949,88.5676,35.35,77.23,0.0067,-0.0015,14.16
2023-06-15 19:00:00,NODE_05,27.35503,88.67429,35.4,77.58,-0.0084,-0.0146,14.16
2023-06-15 19:00:00,NODE_06,27.3375,88.61639,35.44,78.09,-0.0016,0.0065,14.16
2023-06-15 19:00:00,NODE_07,27.35687,88.65051,35.85,77.29,-0.01,-0.0162,14.16
2023-06-15 19:00:00,NODE_08,27.3729,88.65823,35.91,77.45,0.0044,-0.0032,14.16
2023-06-15 19:00:00,NODE_09,27.32405,88.62626,35.74,77.81,-0.0024,0.0099,14.16
2023-06-15 19:00:00,NODE_10,27.28763,88.57017,35.37,77.92,-0.0,0.0079,14.16
2023-06-15 20:00:00,NODE_01,27.29535,88.6231,35.71,77.71,0.0154,0.0169,14.16
2023-06-15 20:00:00,NODE_02,27.35987,88.66507,36.1,77.7,0.0007,0.0002,14.16
2023-06-15 20:00:00,NODE_03,27.32649,88.60522,36.81,77.43,0.0133,-0.0012,14.16
2023-06-15 20:00:00,NODE_04,27.36949,88.5676,36.36,77.64,0.009,-0.0113,14.16
2023-06-15 20:00:00,NODE_05,27.35503,88.67429,36.95,78.0,-0.0192,-0.0098,14.16
2023-06-15 20:00:00,NODE_06,27.3375,88.61639,36.45,77.63,-0.0098,-0.0038,14.16
2023-06-15 20:00:00,NODE_07,27.35687,88.65051,35.36,77.77,0.0144,0.0211,14.16
2023-06-15 20:00:00,NODE_08,27.3729,88.65823,36.42,78.45,0.0159,0.0069,14.16
2023-06-15 20:00:00,NODE_09,27.32405,88.62626,35.27,77.78,-0.0174,0.0023,14.16
2023-06-15 20:00:00,NODE_10,27.28763,88.57017,36.59,77.92,0.0108,0.001,14.16
2023-06-15 21:00:00,NODE_01,27.29535,88.6231,36.81,77.47,0.0021,0.0078,14.16
2023-06-15 21:00:00,NODE_02,27.35987,88.66507,36.73,77.2,-0.0095,-0.003,14.16
2023-06-15 21:00:00,NODE_03,27.32649,88.60522,36.86,77.26,-0.0036,0.0054,14.16
2023-06-15 21:00:00,NODE_04,27.36949,88.5676,36.38,77.53,-0.0068,0.0079,14.16
2023-06-15 21:00:00,NODE_05,27.35503,88.67429,36.45,77.83,-0.0024,0.0033,14.16
2023-06-15 21:00:00,NODE_06,27.3375,88.61639,36.74,77.37,0.0176,0.0053,14.16
2023-06-15 21:00:00,NODE_07,27.35687,88.65051,35.68,77.6,-0.0072,0.0096,14.16
2023-06-15 21:00:00,NODE_08,27.3729,88.65823,35.9,77.78,-0.0097,-0.0072,14.16
2023-06-15 21:00:00,NODE_09,27.32405,88.62626,36.26,77.82,0.0082,0.0033,14.16
2023-06-15 21:00:00,NODE_10,27.28763,88.57017,36.68,77.26,0.0097,0.0011,14.16
2023-06-15 22:00:00,NODE_01,27.29535,88.6231,36.38,77.69,-0.0055,-0.0147,14.16
2023-06-15 22:00:00,NODE_02,27.35987,88.66507,36.06,77.26,-0.0051,-0.0003,14.16
2023-06-15 22:00:00,NODE_03,27.32649,88.60522,36.94,77.77,-0.0074,0.0083,14.16
2023-06-15 22:00:00,NODE_04,27.36949,88.5676,36.31,77.67,-0.0056,-0.0042,14.16
2023-06-15 22:00:00,NODE_05,27.35503,88.67429,36.04,77.17,0.0196,-0.0062,14.16
2023-06-15 22:00:00,NODE_06,27.3375,88.61639,36.59,77.42,-0.013,-0.0016,14.16
2023-06-15 22:00:00,NODE_07,27.35687,88.65051,36.4,77.11,-0.0034,0.0016,14.16
2023-06-15 22:00:00,NODE_08,27.3729,88.65823,35.83,78.06,0.0019,-0.0108,14.16
2023-06-15 22:00:00,NODE_09,27.32405,88.62626,36.49,77.01,-0.0023,-0.0087,14.16
2023-06-15 22:00:00,NODE_10,27.28763,88.57017,37.86,77.79,0.0069,-0.0191,14.16
2023-06-15 23:00:00,NODE_01,27.29535,88.6231,36.36,77.16,-0.0016,-0.0023,20.16
2023-06-15 23:00:00,NODE_02,27.35987,88.66507,36.88,77.66,-0.0123,0.0089,20.16
2023-06-15 23:00:00,NODE_03,27.32649,88.60522,37.22,78.17,-0.0023,0.0048,20.16
2023-06-15 23:00:00,NODE_04,27.36949,88.5676,36.74,77.35,-0.0012,-0.0042,20.16
2023-06-15 23:00:00,NODE_05,27.35503,88.67429,36.56,77.78,-0.0022,-0.0076,20.16
2023-06-15 23:00:00,NODE_06,27.3375,88.61639,36.86,77.48,-0.002,-0.011,20.16
2023-06-15 23:00:00,NODE_07,27.35687,88.65051,35.9,77.63,0.0012,0.0018,20.16
2023-06-15 23:00:00,NODE_08,27.3729,88.65823,37.73,77.96,0.0086,-0.0007,20.16
2023-06-15 23:00:00,NODE_09,27.32405,88.62626,37.06,77.24,-0.0147,0.0071,20.16
2023-06-15 23:00:00,NODE_10,27.28763,88.57017,36.23,77.33,-0.0011,-0.0035,20.16
2023-06-16 00:00:00,NODE_01,27.29535,88.6231,37.31,77.55,0.0135,0.0026,20.16
2023-06-16 00:00:00,NODE_02,27.35987,88.66507,37.4,78.28,0.0017,-0.0066,20.16
2023-06-16 00:00:00,NODE_03,27.32649,88.60522,38.12,77.66,-0.0116,-0.003,20.16
2023-06-16 00:00:00,NODE_04,27.36949,88.5676,36.88,77.2,0.0144,0.0028,20.16
2023-06-16 00:00:00,NODE_05,27.35503,88.67429,37.89,77.8,-0.0011,-0.0048,20.16
2023-06-16 00:00:00,NODE_06,27.3375,88.61639,37.3,78.14,-0.0194,-0.0109,20.16
2023-06-16 00:00:00,NODE_07,27.35687,88.65051,37.5,77.38,0.0159,0.0062,20.16
2023-06-16 00:00:00,NODE_08,27.3729,88.65823,37.81,78.04,-0.003,-0.0083,20.16
2023-06-16 00:00:00,NODE_09,27.32405,88.62626,37.42,77.78,-0.0051,-0.0019,20.16
2023-06-16 00:00:00,NODE_10,27.28763,88.57017,36.75,77.27,0.0071,0.0086,20.16
2023-06-16 01:00:00,NODE_01,27.29535,88.6231,38.09,77.64,0.0147,0.0018,20.16
2023-06-16 01:00:00,NODE_02,27.35987,88.66507,37.06,77.91,0.0043,-0.0013,20.16
2023-06-16 01:00:00,NODE_03,27.32649,88.60522,38.69,78.06,0.0048,0.0093,20.16
2023-06-16 01:00:00,NODE_04,27.36949,88.5676,37.69,77.81,0.0169,-0.0013,20.16
2023-06-16 01:00:00,NODE_05,27.35503,88.67429,38.35,77.92,0.0084,0.0073,20.16
2023-06-16 01:00:00,NODE_06,27.3375,88.61639,38.26,77.98,0.003,0.0066,20.16
2023-06-16 01:00:00,NODE_07,27.35687,88.65051,38.19,77.15,-0.0086,0.0074,20.16
2023-06-16 01:00:00,NODE_08,27.3729,88.65823,37.44,77.74,0.0136,0.0019,20.16
2023-06-16 01:00:00,NODE_09,27.32405,88.62626,38.7,77.74,-0.0021,-0.02,20.16
2023-06-16 01:00:00,NODE_10,27.28763,88.57017,38.35,77.72,0.0111,-0.0078,20.16
2023-06-16 02:00:00,NODE_01,27.29535,88.6231,38.63,77.54,-0.0082,0.0054,25.59
2023-06-16 02:00:00,NODE_02,27.35987,88.66507,38.3,77.29,0.004,0.0001,25.59
2023-06-16 02:00:00,NODE_03,27.32649,88.60522,38.77,78.11,-0.0039,-0.0087,25.59
2023-06-16 02:00:00,NODE_04,27.36949,88.5676,38.24,77.44,0.0079,0.0084,25.59
2023-06-16 02:00:00,NODE_05,27.35503,88.67429,38.19,78.06,0.0002,-0.0093,25.59
2023-06-16 02:00:00,NODE_06,27.3375,88.61639,38.16,77.77,-0.0,0.006,25.59
2023-06-16 02:00:00,NODE_07,27.35687,88.65051,38.88,77.57,0.0029,-0.0209,25.59
2023-06-16 02:00:00,NODE_08,27.3729,88.65823,37.76,78.35,-0.0043,-0.0103,25.59
2023-06-16 02:00:00,NODE_09,27.32405,88.62626,39.02,78.06,0.0001,0.0083,25.59
2023-06-16 02:00:00,NODE_10,27.28763,88.57017,38.38,78.82,0.0061,0.007,25.59
2023-06-16 03:00:00,NODE_01,27.29535,88.6231,38.98,77.92,-0.0004,-0.0092,27.41
2023-06-16 03:00:00,NODE_02,27.35987,88.66507,38.97,76.96,0.0001,0.0086,27.41
2023-06-16 03:00:00,NODE_03,27.32649,88.60522,39.32,77.76,-0.0067,-0.0132,27.41
2023-06-16 03:00:00,NODE_04,27.36949,88.5676,39.06,77.76,0.0033,-0.0093,27.41
2023-06-16 03:00:00,NODE_05,27.35503,88.67429,38.28,78.43,-0.0021,-0.0005,27.41
2023-06-16 03:00:00,NODE_06,27.3375,88.61639,39.37,77.84,-0.0036,0.0024,27.41
2023-06-16 03:00:00,NODE_07,27.35687,88.65051,38.79,78.17,0.0077,-0.0035,27.41
2023-06-16 03:00:00,NODE_08,27.3729,88.65823,39.12,78.23,-0.0012,-0.001,27.41
2023-06-16 03:00:00,NODE_09,27.32405,88.62626,38.76,77.42,0.0002,0.0113,27.41
2023-06-16 03:00:00,NODE_10,27.28763,88.57017,39.35,78.32,0.002,0.0027,27.41
2023-06-16 04:00:00,NODE_01,27.29535,88.6231,40.28,77.69,0.0009,0.0006,27.41
2023-06-16 04:00:00,NODE_02,27.35987,88.66507,39.61,78.24,-0.0154,-0.001,27.41
2023-06-16 04:00:00,NODE_03,27.32649,88.60522,39.59,78.1,0.005,-0.032,27.41
2023-06-16 04:00:00,NODE_04,27.36949,88.5676,39.89,77.37,0.0134,-0.014,27.41
2023-06-16 04:00:00,NODE_05,27.35503,88.67429,39.22,78.23,0.0093,-0.0038,27.41
2023-06-16 04:00:00,NODE_06,27.3375,88.61639,40.16,78.04,-0.0093,-0.0039,27.41
2023-06-16 04:00:00,NODE_07,27.35687,88.65051,39.73,78.28,0.0057,-0.0045,27.41
2023-06-16 04:00:00,NODE_08,27.3729,88.65823,39.21,78.11,-0.0099,-0.0035,27.41
2023-06-16 04:00:00,NODE_09,27.32405,88.62626,40.31,77.9,0.0137,0.0148,27.41
2023-06-16 04:00:00,NODE_10,27.28763,88.57017,39.23,78.63,0.0071,-0.002,27.41
2023-06-16 05:00:00,NODE_01,27.29535,88.6231,40.07,78.25,-0.0099,0.0042,27.41
2023-06-16 05:00:00,NODE_02,27.35987,88.66507,40.23,78.15,-0.0062,0.0181,27.41
2023-06-16 05:00:00,NODE_03,27.32649,88.60522,39.65,77.89,-0.0114,-0.0007,27.41
2023-06-16 05:00:00,NODE_04,27.36949,88.5676,39.57,77.82,-0.0026,-0.0031,27.41
2023-06-16 05:00:00,NODE_05,27.35503,88.67429,40.35,78.28,0.0047,0.0082,27.41
2023-06-16 05:00:00,NODE_06,27.3375,88.61639,39.33,78.27,0.0,-0.0019,27.41
2023-06-16 05:00:00,NODE_07,27.35687,88.65051,39.92,78.37,0.0061,-0.0016,27.41
2023-06-16 05:00:00,NODE_08,27.3729,88.65823,39.54,78.33,0.0013,-0.0001,27.41
2023-06-16 05:00:00,NODE_09,27.32405,88.62626,40.37,78.14,-0.0129,0.0217,27.41
2023-06-16 05:00:00,NODE_10,27.28763,88.57017,39.68,78.55,-0.0053,0.0136,27.41
2023-06-16 06:00:00,NODE_01,27.29535,88.6231,39.34,78.46,-0.0006,0.0083,22.24
2023-06-16 06:00:00,NODE_02,27.35987,88.66507,38.96,78.69,-0.0041,-0.0016,22.24
2023-06-16 06:00:00,NODE_03,27.32649,88.60522,39.31,78.4,0.0077,-0.0082,22.24
2023-06-16 06:00:00,NODE_04,27.36949,88.5676,39.34,78.47,-0.0039,0.0006,22.24
2023-06-16 06:00:00,NODE_05,27.35503,88.67429,39.72,78.79,0.0029,0.0085,22.24
2023-06-16 06:00:00,NODE_06,27.3375,88.61639,39.17,78.18,-0.0054,-0.0033,22.24
2023-06-16 06:00:00,NODE_07,27.35687,88.65051,38.97,78.35,0.0076,0.0077,22.24
2023-06-16 06:00:00,NODE_08,27.3729,88.65823,39.42,78.37,0.0,0.0164,22.24
2023-06-16 06:00:00,NODE_09,27.32405,88.62626,39.39,78.48,-0.0015,0.0077,22.24
2023-06-16 06:00:00,NODE_10,27.28763,88.57017,39.63,78.61,0.0151,-0.0034,22.24
2023-06-16 07:00:00,NODE_01,27.29535,88.6231,39.53,77.62,0.0001,-0.0081,22.24
2023-06-16 07:00:00,NODE_02,27.35987,88.66507,38.9,78.26,-0.004,-0.0024,22.24
2023-06-16 07:00:00,NODE_03,27.32649,88.60522,39.48,78.47,-0.0048,0.004,22.24
2023-06-16 07:00:00,NODE_04,27.36949,88.5676,38.54,78.13,-0.0013,-0.0124,22.24
2023-06-16 07:00:00,NODE_05,27.35503,88.67429,39.25,79.3,-0.0014,-0.0184,22.24
2023-06-16 07:00:00,NODE_06,27.3375,88.61639,39.01,78.23,-0.0014,-0.0175,22.24
2023-06-16 07:00:00,NODE_07,27.35687,88.65051,39.59,78.64,-0.0055,-0.0179,22.24
2023-06-16 07:00:00,NODE_08,27.3729,88.65823,39.19,78.6,0.0064,0.002,22.24
2023-06-16 07:00:00,NODE_09,27.32405,88.62626,39.24,78.64,-0.0088,0.0051,22.24
2023-06-16 07:00:00,NODE_10,27.28763,88.57017,39.01,78.99,-0.0168,-0.0027,22.24
2023-06-16 08:00:00,NODE_01,27.29535,88.6231,39.79,79.06,0.0114,-0.0035,22.24
2023-06-16 08:00:00,NODE_02,27.35987,88.66507,37.97,78.81,0.0007,-0.0017,22.24
2023-06-16 08:00:00,NODE_03,27.32649,88.60522,38.73,78.72,0.0116,-0.0197,22.24
2023-06-16 08:00:00,NODE_04,27.36949,88.5676,39.23,78.78,-0.0098,-0.0139,22.24
2023-06-16 08:00:00,NODE_05,27.35503,88.67429,39.76,79.09,-0.0035,0.0105,22.24
2023-06-16 08:00:00,NODE_06,27.3375,88.61639,38.43,78.98,0.0196,0.0006,22.24
2023-06-16 08:00:00,NODE_07,27.35687,88.65051,39.12,78.69,0.0169,-0.0135,22.24
2023-06-16 08:00:00,NODE_08,27.3729,88.65823,39.46,78.76,-0.0064,0.005,22.24
2023-06-16 08:00:00,NODE_09,27.32405,88.62626,38.99,78.97,0.0126,0.0109,22.24
2023-06-16 08:00:00,NODE_10,27.28763,88.57017,39.11,78.72,0.0003,-0.0021,22.24
2023-06-16 09:00:00,NODE_01,27.29535,88.6231,39.65,78.0,0.0121,-0.027,22.77
2023-06-16 09:00:00,NODE_02,27.35987,88.66507,38.67,79.13,0.0143,-0.0132,22.77
2023-06-16 09:00:00,NODE_03,27.32649,88.60522,38.79,78.8,-0.0039,-0.0065,22.77
2023-06-16 09:00:00,NODE_04,27.36949,88.5676,38.59,78.02,-0.0018,0.0018,22.77
2023-06-16 09:00:00,NODE_05,27.35503,88.67429,39.65,79.08,0.0092,-0.0061,22.77
2023-06-16 09:00:00,NODE_06,27.3375,88.61639,38.68,78.85,0.0017,0.0052,22.77
2023-06-16 09:00:00,NODE_07,27.35687,88.65051,38.62,78.51,-0.0011,-0.0068,22.77
2023-06-16 09:00:00,NODE_08,27.3729,88.65823,39.6,79.07,-0.0068,-0.0062,22.77
2023-06-16 09:00:00,NODE_09,27.32405,88.62626,38.61,78.99,-0.0056,-0.0089,22.77
2023-06-16 09:00:00,NODE_10,27.28763,88.57017,38.32,79.22,-0.0041,0.0008,22.77
2023-06-16 10:00:00,NODE_01,27.29535,88.6231,38.67,78.93,-0.0033,-0.0062,26.6
2023-06-16 10:00:00,NODE_02,27.35987,88.66507,39.01,78.9,0.0081,-0.0104,26.6
2023-06-16 10:00:00,NODE_03,27.32649,88.60522,38.22,79.1,0.0063,0.0047,26.6
2023-06-16 10:00:00,NODE_04,27.36949,88.5676,39.46,78.72,-0.0112,-0.0076,26.6
2023-06-16 10:00:00,NODE_05,27.35503,88.67429,39.15,79.35,-0.0034,0.0024,26.6
2023-06-16 10:00:00,NODE_06,27.3375,88.61639,39.69,79.3,0.0053,0.0007,26.6
2023-06-16 10:00:00,NODE_07,27.35687,88.65051,39.22,78.75,-0.0024,0.0015,26.6
2023-06-16 10:00:00,NODE_08,27.3729,88.65823,38.97,79.66,0.0046,0.0022,26.6
2023-06-16 10:00:00,NODE_09,27.32405,88.62626,38.95,79.61,-0.0034,-0.0167,26.6
2023-06-16 10:00:00,NODE_10,27.28763,88.57017,39.32,79.61,-0.0064,0.0077,26.6
2023-06-16 11:00:00,NODE_01,27.29535,88.6231,39.09,79.6,-0.0021,-0.0052,23.6
2023-06-16 11:00:00,NODE_02,27.35987,88.66507,39.26,79.05,-0.0099,-0.0053,23.6
2023-06-16 11:00:00,NODE_03,27.32649,88.60522,40.15,79.5,0.0018,-0.0103,23.6
2023-06-16 11:00:00,NODE_04,27.36949,88.5676,39.99,79.02,0.0103,-0.0145,23.6
2023-06-16 11:00:00,NODE_05,27.35503,88.67429,39.46,79.48,0.0123,-0.0094,23.6
2023-06-16 11:00:00,NODE_06,27.3375,88.61639,39.04,79.67,-0.0046,0.0177,23.6
2023-06-16 11:00:00,NODE_07,27.35687,88.65051,39.41,79.01,0.0135,0.0083,23.6
2023-06-16 11:00:00,NODE_08,27.3729,88.65823,39.01,78.95,0.014,-0.0027,23.6
2023-06-16 11:00:00,NODE_09,27.32405,88.62626,39.99,79.87,0.0105,-0.0048,23.6
2023-06-16 11:00:00,NODE_10,27.28763,88.57017,40.04,79.63,0.0031,-0.0147,23.6
2023-06-16 12:00:00,NODE_01,27.29535,88.6231,40.29,79.38,0.0066,-0.0102,23.6
2023-06-16 12:00:00,NODE_02,27.35987,88.66507,40.14,79.34,0.0068,0.0114,23.6
2023-06-16 12:00:00,NODE_03,27.32649,88.60522,39.6,79.47,0.0074,0.0041,23.6
2023-06-16 12:00:00,NODE_04,27.36949,88.5676,39.62,79.76,0.0054,0.0097,23.6
2023-06-16 12:00:00,NODE_05,27.35503,88.67429,39.46,79.59,-0.0105,0.0037,23.6
2023-06-16 12:00:00,NODE_06,27.3375,88.61639,40.22,79.49,-0.0078,-0.01,23.6
2023-06-16 12:00:00,NODE_07,27.35687,88.65051,40.0,79.79,-0.0063,0.0163,23.6
2023-06-16 12:00:00,NODE_08,27.3729,88.65823,39.85,79.83,0.0063,0.0003,23.6
2023-06-16 12:00:00,NODE_09,27.32405,88.62626,39.87,79.2,0.0132,0.0128,23.6
2023-06-16 12:00:00,NODE_10,27.28763,88.57017,39.2,79.96,-0.0113,0.0087,23.6
2023-06-16 13:00:00,NODE_01,27.29535,88.6231,39.05,79.21,-0.0059,0.0017,23.6
2023-06-16 13:00:00,NODE_02,27.35987,88.66507,39.82,79.66,0.0064,-0.0003,23.6
2023-06-16 13:00:00,NODE_03,27.32649,88.60522,39.65,79.11,0.0011,-0.0056,23.6
2023-06-16 13:00:00,NODE_04,27.36949,88.5676,39.06,79.06,0.0143,-0.0063,23.6
2023-06-16 13:00:00,NODE_05,27.35503,88.67429,39.36,80.41,0.0143,0.0255,23.6
2023-06-16 13:00:00,NODE_06,27.3375,88.61639,39.3,79.61,-0.0002,-0.0066,23.6
2023-06-16 13:00:00,NODE_07,27.35687,88.65051,39.33,79.86,0.0032,-0.0029,23.6
2023-06-16 13:00:00,NODE_08,27.3729,88.65823,40.12,79.56,0.0185,0.0065,23.6
2023-06-16 13:00:00,NODE_09,27.32405,88.62626,39.25,79.71,0.0147,-0.0066,23.6
2023-06-16 13:00:00,NODE_10,27.28763,88.57017,38.95,79.8,0.0215,0.0007,23.6
2023-06-16 14:00:00,NODE_01,27.29535,88.6231,39.3,79.49,0.0059,-0.0006,28.5
2023-06-16 14:00:00,NODE_02,27.35987,88.66507,39.86,79.67,-0.0081,-0.0048,28.5
2023-06-16 14:00:00,NODE_03,27.32649,88.60522,40.41,79.62,-0.0166,-0.0003,28.5
2023-06-16 14:00:00,NODE_04,27.36949,88.5676,39.82,79.79,-0.0163,0.0115,28.5
2023-06-16 14:00:00,NODE_05,27.35503,88.67429,39.23,79.7,0.0047,0.0013,28.5
2023-06-16 14:00:00,NODE_06,27.3375,88.61639,40.67,80.65,0.025,0.0013,28.5
2023-06-16 14:00:00,NODE_07,27.35687,88.65051,39.92,79.39,-0.0072,0.0083,28.5
2023-06-16 14:00:00,NODE_08,27.3729,88.65823,39.67,80.23,0.0056,-0.005,28.5
2023-06-16 14:00:00,NODE_09,27.32405,88.62626,39.46,80.11,-0.0164,0.0047,28.5
2023-06-16 14:00:00,NODE_10,27.28763,88.57017,40.3,80.41,-0.0135,0.0055,28.5
2023-06-16 15:00:00,NODE_01,27.29535,88.6231,39.98,80.29,-0.0009,-0.0226,28.5
2023-06-16 15:00:00,NODE_02,27.35987,88.66507,40.03,80.15,0.0085,0.0123,28.5
2023-06-16 15:00:00,NODE_03,27.32649,88.60522,40.3,79.58,0.0101,0.006,28.5
2023-06-16 15:00:00,NODE_04,27.36949,88.5676,40.32,80.1,0.019,0.0003,28.5
2023-06-16 15:00:00,NODE_05,27.35503,88.67429,39.58,80.44,-0.0097,-0.0046,28.5
2023-06-16 15:00:00,NODE_06,27.3375,88.61639,39.9,79.95,-0.0029,0.0024,28.5
2023-06-16 15:00:00,NODE_07,27.35687,88.65051,39.93,79.91,0.0252,0.0071,28.5
2023-06-16 15:00:00,NODE_08,27.3729,88.65823,40.52,79.93,0.0052,-0.004,28.5
2023-06-16 15:00:00,NODE_09,27.32405,88.62626,39.87,80.22,0.0048,0.0057,28.5
2023-06-16 15:00:00,NODE_10,27.28763,88.57017,39.65,80.02,-0.0095,0.0239,28.5
2023-06-16 16:00:00,NODE_01,27.29535,88.6231,40.69,79.59,-0.0097,0.0022,28.5
2023-06-16 16:00:00,NODE_02,27.35987,88.66507,40.93,79.93,-0.0016,0.0155,28.5
2023-06-16 16:00:00,NODE_03,27.32649,88.60522,41.1,80.32,-0.0009,0.0095,28.5
2023-06-16 16:00:00,NODE_04,27.36949,88.5676,40.4,79.76,-0.0157,0.0029,28.5
2023-06-16 16:00:00,NODE_05,27.35503,88.67429,39.83,80.22,0.0051,-0.0023,28.5
2023-06-16 16:00:00,NODE_06,27.3375,88.61639,40.46,79.76,0.0036,-0.019,28.5
2023-06-16 16:00:00,NODE_07,27.35687,88.65051,40.15,79.96,0.0231,0.0054,28.5
2023-06-16 16:00:00,NODE_08,27.3729,88.65823,40.19,80.35,0.0068,-0.0049,28.5
2023-06-16 16:00:00,NODE_09,27.32405,88.62626,40.46,80.11,0.0027,0.0024,28.5
2023-06-16 16:00:00,NODE_10,27.28763,88.57017,40.86,80.91,-0.0105,-0.0051,28.5
2023-06-16 17:00:00,NODE_01,27.29535,88.6231,40.25,80.7,-0.0096,-0.0093,28.5
2023-06-16 17:00:00,NODE_02,27.35987,88.66507,40.28,79.88,-0.0141,0.0126,28.5
2023-06-16 17:00:00,NODE_03,27.32649,88.60522,39.79,80.6,0.0079,0.0009,28.5
2023-06-16 17:00:00,NODE_04,27.36949,88.5676,40.06,80.06,-0.012,-0.0021,28.5
2023-06-16 17:00:00,NODE_05,27.35503,88.67429,40.72,79.99,-0.0065,-0.0147,28.5
2023-06-16 17:00:00,NODE_06,27.3375,88.61639,39.92,80.2,-0.0083,0.006,28.5
2023-06-16 17:00:00,NODE_07,27.35687,88.65051,40.36,80.23,-0.0011,-0.0002,28.5
2023-06-16 17:00:00,NODE_08,27.3729,88.65823,40.3,80.38,0.0149,-0.0051,28.5
2023-06-16 17:00:00,NODE_09,27.32405,88.62626,40.65,80.5,-0.0005,-0.0128,28.5
2023-06-16 17:00:00,NODE_10,27.28763,88.57017,40.31,80.63,0.002,-0.0122,28.5
2023-06-16 18:00:00,NODE_01,27.29535,88.6231,39.8,80.53,0.0145,0.0049,28.5
2023-06-16 18:00:00,NODE_02,27.35987,88.66507,39.73,81.07,0.0046,-0.0085,28.5
2023-06-16 18:00:00,NODE_03,27.32649,88.60522,41.02,80.74,0.0069,-0.0081,28.5
2023-06-16 18:00:00,NODE_04,27.36949,88.5676,40.29,80.41,-0.0062,-0.0266,28.5
2023-06-16 18:00:00,NODE_05,27.35503,88.67429,39.44,80.55,0.0003,0.0145,28.5
2023-06-16 18:00:00,NODE_06,27.3375,88.61639,39.78,80.95,-0.0276,0.0025,28.5
2023-06-16 18:00:00,NODE_07,27.35687,88.65051,39.7,80.31,0.0052,-0.004,28.5
2023-06-16 18:00:00,NODE_08,27.3729,88.65823,39.59,80.11,0.0124,0.0017,28.5
2023-06-16 18:00:00,NODE_09,27.32405,88.62626,39.72,80.13,0.0007,0.0034,28.5
2023-06-16 18:00:00,NODE_10,27.28763,88.57017,39.89,80.53,0.0101,0.0019,28.5
2023-06-16 19:00:00,NODE_01,27.29535,88.6231,39.75,80.37,-0.0016,-0.0128,24.13
2023-06-16 19:00:00,NODE_02,27.35987,88.66507,39.34,80.49,0.0022,-0.005,24.13
2023-06-16 19:00:00,NODE_03,27.32649,88.60522,40.46,80.64,-0.0077,-0.0046,24.13
2023-06-16 19:00:00,NODE_04,27.36949,88.5676,40.22,80.13,0.0131,-0.0114,24.13
2023-06-16 19:00:00,NODE_05,27.35503,88.67429,40.8,80.63,-0.0049,0.0031,24.13
2023-06-16 19:00:00,NODE_06,27.3375,88.61639,40.56,80.3,-0.0079,-0.0212,24.13
2023-06-16 19:00:00,NODE_07,27.35687,88.65051,40.34,81.08,0.0001,-0.0107,24.13
2023-06-16 19:00:00,NODE_08,27.3729,88.65823,40.03,81.34,-0.0108,-0.0036,24.13
2023-06-16 19:00:00,NODE_09,27.32405,88.62626,40.38,80.8,0.0129,-0.0042,24.13
2023-06-16 19:00:00,NODE_10,27.28763,88.57017,40.61,80.5,0.0053,0.0035,24.13
2023-06-16 20:00:00,NODE_01,27.29535,88.6231,39.7,80.74,0.0164,0.0003,24.13
2023-06-16 20:00:00,NODE_02,27.35987,88.66507,39.81,80.69,-0.0023,0.0181,24.13
2023-06-16 20:00:00,NODE_03,27.32649,88.60522,40.07,81.16,-0.0091,0.0064,24.13
2023-06-16 20:00:00,NODE_04,27.36949,88.5676,39.85,80.63,0.0023,-0.0013,24.13
2023-06-16 20:00:00,NODE_05,27.35503,88.67429,39.69,81.15,-0.0013,-0.0105,24.13
2023-06-16 20:00:00,NODE_06,27.3375,88.61639,40.17,80.65,0.0238,-0.0012,24.13
2023-06-16 20:00:00,NODE_07,27.35687,88.65051,40.22,80.85,-0.0035,-0.0113,24.13
2023-06-16 20:00:00,NODE_08,27.3729,88.65823,39.94,80.72,0.008,0.015,24.13
2023-06-16 20:00:00,NODE_09,27.32405,88.62626,40.06,80.56,0.0104,0.017,24.13
2023-06-16 20:00:00,NODE_10,27.28763,88.57017,40.36,80.81,0.0147,0.0087,24.13
2023-06-16 21:00:00,NODE_01,27.29535,88.6231,39.6,80.79,-0.0051,-0.0028,24.13
2023-06-16 21:00:00,NODE_02,27.35987,88.66507,40.25,81.02,-0.0004,0.0024,24.13
2023-06-16 21:00:00,NODE_03,27.32649,88.60522,40.52,81.15,0.0066,-0.0102,24.13
2023-06-16 21:00:00,NODE_04,27.36949,88.5676,39.29,81.34,-0.0024,0.0036,24.13
2023-06-16 21:00:00,NODE_05,27.35503,88.67429,40.64,81.2,0.0094,-0.0102,24.13
2023-06-16 21:00:00,NODE_06,27.3375,88.61639,40.36,81.41,0.006,-0.0081,24.13
2023-06-16 21:00:00,NODE_07,27.35687,88.65051,39.64,81.11,0.0012,0.0035,24.13
2023-06-16 21:00:00,NODE_08,27.3729,88.65823,40.19,81.21,0.0027,0.0268,24.13
2023-06-16 21:00:00,NODE_09,27.32405,88.62626,40.0,81.34,0.009,0.0114,24.13
2023-06-16 21:00:00,NODE_10,27.28763,88.57017,40.06,80.96,-0.0083,-0.0054,24.13
2023-06-16 22:00:00,NODE_01,27.29535,88.6231,40.64,81.53,0.0029,0.003,24.13
2023-06-16 22:00:00,NODE_02,27.35987,88.66507,40.63,81.24,-0.0072,-0.0027,24.13
2023-06-16 22:00:00,NODE_03,27.32649,88.60522,39.26,81.14,-0.003,-0.0018,24.13
2023-06-16 22:00:00,NODE_04,27.36949,88.5676,39.91,81.29,-0.0079,-0.0179,24.13
2023-06-16 22:00:00,NODE_05,27.35503,88.67429,39.58,81.05,0.0052,0.0002,24.13
2023-06-16 22:00:00,NODE_06,27.3375,88.61639,39.2,81.17,0.0164,-0.0045,24.13
2023-06-16 22:00:00,NODE_07,27.35687,88.65051,39.81,81.29,-0.0004,-0.0005,24.13
2023-06-16 22:00:00,NODE_08,27.3729,88.65823,40.43,81.05,-0.0019,-0.0057,24.13
2023-06-16 22:00:00,NODE_09,27.32405,88.62626,40.13,81.04,0.0021,-0.0039,24.13
2023-06-16 22:00:00,NODE_10,27.28763,88.57017,38.86,81.4,0.0066,-0.0083,24.13
2023-06-16 23:00:00,NODE_01,27.29535,88.6231,39.62,81.66,0.0239,0.0012,18.14
2023-06-16 23:00:00,NODE_02,27.35987,88.66507,39.53,81.27,0.0061,0.0072,18.14
2023-06-16 23:00:00,NODE_03,27.32649,88.60522,39.39,81.88,0.0094,-0.0039,18.14
2023-06-16 23:00:00,NODE_04,27.36949,88.5676,39.2,81.25,-0.0138,-0.0005,18.14
2023-06-16 23:00:00,NODE_05,27.35503,88.67429,38.88,81.96,-0.0113,0.0093,18.14
2023-06-16 23:00:00,NODE_06,27.3375,88.61639,39.76,81.39,-0.0035,-0.0134,18.14
2023-06-16 23:00:00,NODE_07,27.35687,88.65051,39.19,81.08,-0.0152,-0.0042,18.14
2023-06-16 23:00:00,NODE_08,27.3729,88.65823,39.35,81.13,-0.0177,0.0029,18.14
2023-06-16 23:00:00,NODE_09,27.32405,88.62626,39.84,81.6,0.0227,0.0177,18.14
2023-06-16 23:00:00,NODE_10,27.28763,88.57017,39.79,81.21,-0.003,-0.0153,18.14
2023-06-17 00:00:00,NODE_01,27.29535,88.6231,39.64,81.08,-0.0106,-0.0026,18.14
2023-06-17 00:00:00,NODE_02,27.35987,88.66507,38.98,81.54,-0.0004,0.0101,18.14
2023-06-17 00:00:00,NODE_03,27.32649,88.60522,39.86,82.07,-0.0018,-0.001,18.14
2023-06-17 00:00:00,NODE_04,27.36949,88.5676,39.37,81.48,0.0113,-0.0112,18.14
2023-06-17 00:00:00,NODE_05,27.35503,88.67429,39.8,82.01,-0.0107,-0.0115,18.14
2023-06-17 00:00:00,NODE_06,27.3375,88.61639,38.9,81.91,-0.0236,0.0042,18.14
2023-06-17 00:00:00,NODE_07,27.35687,88.65051,38.64,81.57,0.0026,0.0066,18.14
2023-06-17 00:00:00,NODE_08,27.3729,88.65823,38.48,81.63,-0.0154,0.0104,18.14
2023-06-17 00:00:00,NODE_09,27.32405,88.62626,38.72,81.81,-0.004,0.0034,18.14
2023-06-17 00:00:00,NODE_10,27.28763,88.57017,38.86,82.14,0.0023,-0.0137,18.14
2023-06-17 01:00:00,NODE_01,27.29535,88.6231,38.87,81.63,-0.019,-0.0154,18.14
2023-06-17 01:00:00,NODE_02,27.35987,88.66507,38.6,81.68,0.0017,-0.0057,18.14
2023-06-17 01:00:00,NODE_03,27.32649,88.60522,38.32,82.24,0.0102,-0.0101,18.14
2023-06-17 01:00:00,NODE_04,27.36949,88.5676,39.13,81.76,0.008,0.0023,18.14
2023-06-17 01:00:00,NODE_05,27.35503,88.67429,39.63,82.31,0.0027,0.0111,18.14
2023-06-17 01:00:00,NODE_06,27.3375,88.61639,38.54,81.51,-0.0111,0.0176,18.14
2023-06-17 01:00:00,NODE_07,27.35687,88.65051,38.83,81.99,-0.0004,-0.002,18.14
2023-06-17 01:00:00,NODE_08,27.3729,88.65823,38.99,81.65,-0.0036,-0.0027,18.14
2023-06-17 01:00:00,NODE_09,27.32405,88.62626,38.64,81.87,-0.0162,-0.0167,18.14
2023-06-17 01:00:00,NODE_10,27.28763,88.57017,38.98,81.92,0.0111,-0.0042,18.14
2023-06-17 02:00:00,NODE_01,27.29535,88.6231,38.78,81.62,0.0129,-0.0148,12.7
2023-06-17 02:00:00,NODE_02,27.35987,88.66507,39.08,81.88,0.0036,0.0022,12.7
2023-06-17 02:00:00,NODE_03,27.32649,88.60522,39.08,81.9,0.0042,-0.0185,12.7
2023-06-17 02:00:00,NODE_04,27.36949,88.5676,38.1,81.94,0.0135,-0.0002,12.7
2023-06-17 02:00:00,NODE_05,27.35503,88.67429,38.5,82.04,0.0034,-0.0009,12.7
2023-06-17 02:00:00,NODE_06,27.3375,88.61639,38.95,81.41,0.004,0.0027,12.7
2023-06-17 02:00:00,NODE_07,27.35687,88.65051,38.84,82.23,0.0031,-0.0091,12.7
2023-06-17 02:00:00,NODE_08,27.3729,88.65823,38.98,81.61,-0.0146,-0.0099,12.7
2023-06-17 02:00:00,NODE_09,27.32405,88.62626,38.77,81.78,-0.0027,-0.0008,12.7
2023-06-17 02:00:00,NODE_10,27.28763,88.57017,38.86,82.02,-0.0169,-0.0012,12.7
2023-06-17 03:00:00,NODE_01,27.29535,88.6231,38.37,82.39,-0.0083,-0.0058,10.88
2023-06-17 03:00:00,NODE_02,27.35987,88.66507,37.95,81.23,-0.0115,0.0093,10.88
2023-06-17 03:00:00,NODE_03,27.32649,88.60522,38.86,82.54,0.0029,0.0052,10.88
2023-06-17 03:00:00,NODE_04,27.36949,88.5676,38.68,81.65,0.004,0.0074,10.88
2023-06-17 03:00:00,NODE_05,27.35503,88.67429,38.52,82.06,-0.0067,-0.0093,10.88
2023-06-17 03:00:00,NODE_06,27.3375,88.61639,38.74,81.53,0.0024,-0.0216,10.88
2023-06-17 03:00:00,NODE_07,27.35687,88.65051,38.86,81.55,-0.0008,-0.0027,10.88
2023-06-17 03:00:00,NODE_08,27.3729,88.65823,38.73,82.06,-0.0034,0.0174,10.88
2023-06-17 03:00:00,NODE_09,27.32405,88.62626,38.79,82.02,0.0006,0.0164,10.88
2023-06-17 03:00:00,NODE_10,27.28763,88.57017,39.41,81.76,0.0199,0.0207,10.88
2023-06-17 04:00:00,NODE_01,27.29535,88.6231,37.39,81.69,-0.0002,-0.0001,10.88
2023-06-17 04:00:00,NODE_02,27.35987,88.66507,38.67,82.6,-0.0089,-0.0116,10.88
2023-06-17 04:00:00,NODE_03,27.32649,88.60522,39.23,82.14,-0.0037,0.0096,10.88
2023-06-17 04:00:00,NODE_04,27.36949,88.5676,38.65,82.37,-0.0264,0.0107,10.88
2023-06-17 04:00:00,NODE_05,27.35503,88.67429,38.08,82.38,0.0159,-0.0047,10.88
2023-06-17 04:00:00,NODE_06,27.3375,88.61639,38.47,82.22,-0.0001,0.0029,10.88
2023-06-17 04:00:00,NODE_07,27.35687,88.65051,38.51,81.53,-0.0036,0.0082,10.88
2023-06-17 04:00:00,NODE_08,27.3729,88.65823,38.38,81.71,0.0071,0.0069,10.88
2023-06-17 04:00:00,NODE_09,27.32405,88.62626,38.99,82.53,0.013,-0.0082,10.88
2023-06-17 04:00:00,NODE_10,27.28763,88.57017,38.35,81.98,-0.0015,-0.0169,10.88
2023-06-17 05:00:00,NODE_01,27.29535,88.6231,37.69,82.64,-0.0059,-0.0061,10.88
2023-06-17 05:00:00,NODE_02,27.35987,88.66507,38.57,82.06,-0.0221,0.0001,10.88
2023-06-17 05:00:00,NODE_03,27.32649,88.60522,37.61,82.57,0.0023,-0.0179,10.88
2023-06-17 05:00:00,NODE_04,27.36949,88.5676,38.5,82.39,-0.0124,0.0046,10.88
2023-06-17 05:00:00,NODE_05,27.35503,88.67429,38.2,82.08,0.0081,0.0175,10.88
2023-06-17 05:00:00,NODE_06,27.3375,88.61639,38.53,82.2,-0.0053,-0.0019,10.88
2023-06-17 05:00:00,NODE_07,27.35687,88.65051,38.61,82.08,0.0087,-0.0102,10.88
2023-06-17 05:00:00,NODE_08,27.3729,88.65823,38.84,82.27,-0.0058,0.0032,10.88
2023-06-17 05:00:00,NODE_09,27.32405,88.62626,38.27,82.13,-0.0051,-0.0007,10.88
2023-06-17 05:00:00,NODE_10,27.28763,88.57017,37.68,81.62,-0.0161,0.0034,10.88
2023-06-17 06:00:00,NODE_01,27.29535,88.6231,37.32,82.19,0.0027,0.0063,10.88
2023-06-17 06:00:00,NODE_02,27.35987,88.66507,38.22,82.35,0.0056,-0.0111,10.88
2023-06-17 06:00:00,NODE_03,27.32649,88.60522,38.69,82.29,0.0119,0.0037,10.88
2023-06-17 06:00:00,NODE_04,27.36949,88.5676,38.09,82.27,0.0046,0.0086,10.88
2023-06-17 06:00:00,NODE_05,27.35503,88.67429,38.09,82.35,-0.0063,-0.0139,10.88
2023-06-17 06:00:00,NODE_06,27.3375,88.61639,38.4,81.99,0.0094,-0.011,10.88
2023-06-17 06:00:00,NODE_07,27.35687,88.65051,37.65,82.47,0.0053,0.0021,10.88
2023-06-17 06:00:00,NODE_08,27.3729,88.65823,38.1,82.27,0.0008,0.0145,10.88
2023-06-17 06:00:00,NODE_09,27.32405,88.62626,38.73,82.34,0.0049,-0.0136,10.88
2023-06-17 06:00:00,NODE_10,27.28763,88.57017,38.63,82.84,-0.0069,-0.0073,10.88
2023-06-17 07:00:00,NODE_01,27.29535,88.6231,36.95,81.87,-0.0095,-0.0028,10.88
2023-06-17 07:00:00,NODE_02,27.35987,88.66507,37.76,81.82,-0.0121,-0.0098,10.88
2023-06-17 07:00:00,NODE_03,27.32649,88.60522,37.63,82.44,-0.0005,0.0108,10.88
2023-06-17 07:00:00,NODE_04,27.36949,88.5676,37.06,81.87,-0.0037,-0.0035,10.88
2023-06-17 07:00:00,NODE_05,27.35503,88.67429,37.71,82.31,-0.0072,-0.0073,10.88
2023-06-17 07:00:00,NODE_06,27.3375,88.61639,38.44,81.92,-0.005,0.0035,10.88
2023-06-17 07:00:00,NODE_07,27.35687,88.65051,37.7,82.3,0.014,-0.0006,10.88
2023-06-17 07:00:00,NODE_08,27.3729,88.65823,37.81,81.63,-0.0107,0.0077,10.88
2023-06-17 07:00:00,NODE_09,27.32405,88.62626,37.57,82.23,-0.0148,-0.012,10.88
2023-06-17 07:00:00,NODE_10,27.28763,88.57017,38.14,82.0,0.001,0.0022,10.88
2023-06-17 08:00:00,NODE_01,27.29535,88.6231,37.63,82.03,-0.0018,-0.0097,14.77
2023-06-17 08:00:00,NODE_02,27.35987,88.66507,38.34,82.15,0.0013,-0.0056,14.77
2023-06-17 08:00:00,NODE_03,27.32649,88.60522,37.93,81.83,0.0053,0.006,14.77
2023-06-17 08:00:00,NODE_04,27.36949,88.5676,38.62,81.87,-0.0056,0.0282,14.77
2023-06-17 08:00:00,NODE_05,27.35503,88.67429,37.38,81.95,-0.0023,0.0095,14.77
2023-06-17 08:00:00,NODE_06,27.3375,88.61639,37.64,82.25,0.0031,0.0088,14.77
2023-06-17 08:00:00,NODE_07,27.35687,88.65051,38.77,82.46,0.0049,-0.0076,14.77
2023-06-17 08:00:00,NODE_08,27.3729,88.65823,37.8,82.27,0.003,-0.0005,14.77
2023-06-17 08:00:00,NODE_09,27.32405,88.62626,37.9,82.76,0.0108,-0.0083,14.77
2023-06-17 08:00:00,NODE_10,27.28763,88.57017,38.42,82.08,-0.0069,-0.0055,14.77
2023-06-17 09:00:00,NODE_01,27.29535,88.6231,39.52,82.01,0.0045,-0.0028,19.6
2023-06-17 09:00:00,NODE_02,27.35987,88.66507,39.06,82.15,0.0037,0.0048,19.6
2023-06-17 09:00:00,NODE_03,27.32649,88.60522,38.51,82.51,0.0005,-0.0042,19.6
2023-06-17 09:00:00,NODE_04,27.36949,88.5676,39.16,82.13,-0.011,-0.0122,19.6
2023-06-17 09:00:00,NODE_05,27.35503,88.67429,38.76,82.47,-0.0033,0.0022,19.6
2023-06-17 09:00:00,NODE_06,27.3375,88.61639,39.6,82.73,0.002,-0.0067,19.6
2023-06-17 09:00:00,NODE_07,27.35687,88.65051,38.22,81.9,-0.002,-0.0029,19.6
2023-06-17 09:00:00,NODE_08,27.3729,88.65823,38.3,82.61,0.0051,-0.0098,19.6
2023-06-17 09:00:00,NODE_09,27.32405,88.62626,38.87,82.53,0.0007,-0.0123,19.6
2023-06-17 09:00:00,NODE_10,27.28763,88.57017,39.59,82.96,-0.0205,0.0104,19.6
2023-06-17 10:00:00,NODE_01,27.29535,88.6231,39.85,81.91,-0.0101,0.0023,15.77
2023-06-17 10:00:00,NODE_02,27.35987,88.66507,39.55,82.86,0.006,-0.0032,15.77
2023-06-17 10:00:00,NODE_03,27.32649,88.60522,39.43,82.68,0.0012,-0.0094,15.77
2023-06-17 10:00:00,NODE_04,27.36949,88.5676,39.38,82.31,0.0095,-0.0053,15.77
2023-06-17 10:00:00,NODE_05,27.35503,88.67429,40.15,82.35,0.0126,-0.0079,15.77
2023-06-17 10:00:00,NODE_06,27.3375,88.61639,40.62,82.23,-0.0037,-0.0164,15.77
2023-06-17 10:00:00,NODE_07,27.35687,88.65051,39.68,82.19,0.0062,-0.0157,15.77
2023-06-17 10:00:00,NODE_08,27.3729,88.65823,40.0,82.21,-0.0142,-0.0049,15.77
2023-06-17 10:00:00,NODE_09,27.32405,88.62626,39.54,82.34,-0.0028,-0.0062,15.77
2023-06-17 10:00:00,NODE_10,27.28763,88.57017,40.55,82.73,0.001,0.0103,15.77
2023-06-17 11:00:00,NODE_01,27.29535,88.6231,40.78,82.4,-0.007,0.0032,15.77
2023-06-17 11:00:00,NODE_02,27.35987,88.66507,41.01,82.33,-0.012,-0.0065,15.77
2023-06-17 11:00:00,NODE_03,27.32649,88.60522,40.43,82.6,0.0172,0.0008,15.77
2023-06-17 11:00:00,NODE_04,27.36949,88.5676,39.95,81.84,0.0046,0.009,15.77
2023-06-17 11:00:00,NODE_05,27.35503,88.67429,40.18,82.48,0.0098,0.0096,15.77
2023-06-17 11:00:00,NODE_06,27.3375,88.61639,40.12,82.38,-0.0088,-0.0201,15.77
2023-06-17 11:00:00,NODE_07,27.35687,88.65051,39.84,81.78,-0.0198,0.0011,15.77
2023-06-17 11:00:00,NODE_08,27.3729,88.65823,40.36,82.75,-0.0075,0.012,15.77
2023-06-17 11:00:00,NODE_09,27.32405,88.62626,40.73,82.65,0.0213,0.0174,15.77
2023-06-17 11:00:00,NODE_10,27.28763,88.57017,39.91,82.75,-0.0072,-0.0011,15.77
2023-06-17 12:00:00,NODE_01,27.29535,88.6231,40.38,82.1,-0.0035,0.0188,17.28
2023-06-17 12:00:00,NODE_02,27.35987,88.66507,40.07,82.84,-0.0007,0.0005,17.28
2023-06-17 12:00:00,NODE_03,27.32649,88.60522,39.77,83.33,0.012,0.0025,17.28
2023-06-17 12:00:00,NODE_04,27.36949,88.5676,40.31,82.62,0.005,0.0075,17.28
2023-06-17 12:00:00,NODE_05,27.35503,88.67429,40.08,82.76,0.0004,0.0101,17.28
2023-06-17 12:00:00,NODE_06,27.3375,88.61639,39.55,82.33,-0.0043,-0.0067,17.28
2023-06-17 12:00:00,NODE_07,27.35687,88.65051,40.14,82.49,0.021,-0.0136,17.28
2023-06-17 12:00:00,NODE_08,27.3729,88.65823,39.79,82.82,-0.0127,0.0068,17.28
2023-06-17 12:00:00,NODE_09,27.32405,88.62626,39.11,82.66,0.0107,-0.0004,17.28
2023-06-17 12:00:00,NODE_10,27.28763,88.57017,39.66,82.93,0.0065,0.0144,17.28
2023-06-17 13:00:00,NODE_01,27.29535,88.6231,40.47,81.96,-0.0143,-0.0067,17.28
2023-06-17 13:00:00,NODE_02,27.35987,88.66507,40.47,82.55,0.0167,-0.0115,17.28
2023-06-17 13:00:00,NODE_03,27.32649,88.60522,40.46,82.57,0.0008,0.001,17.28
2023-06-17 13:00:00,NODE_04,27.36949,88.5676,40.43,82.98,-0.0063,0.0049,17.28
2023-06-17 13:00:00,NODE_05,27.35503,88.67429,39.79,83.14,0.0068,0.0033,17.28
2023-06-17 13:00:00,NODE_06,27.3375,88.61639,39.61,82.69,0.0187,-0.0016,17.28
2023-06-17 13:00:00,NODE_07,27.35687,88.65051,39.99,82.0,0.0027,0.0107,17.28
2023-06-17 13:00:00,NODE_08,27.3729,88.65823,40.14,82.49,0.0051,-0.0019,17.28
2023-06-17 13:00:00,NODE_09,27.32405,88.62626,39.96,83.26,-0.0104,0.0079,17.28
2023-06-17 13:00:00,NODE_10,27.28763,88.57017,40.5,83.24,-0.0107,0.0076,17.28
2023-06-17 14:00:00,NODE_01,27.29535,88.6231,39.75,82.65,-0.0042,-0.0007,12.37
2023-06-17 14:00:00,NODE_02,27.35987,88.66507,39.14,82.75,0.0171,0.0043,12.37
2023-06-17 14:00:00,NODE_03,27.32649,88.60522,39.85,82.87,0.0021,-0.0018,12.37
2023-06-17 14:00:00,NODE_04,27.36949,88.5676,39.92,82.91,0.0018,0.0068,12.37
2023-06-17 14:00:00,NODE_05,27.35503,88.67429,39.87,82.64,0.0082,-0.0061,12.37
2023-06-17 14:00:00,NODE_06,27.3375,88.61639,39.93,83.04,0.0111,-0.0052,12.37
2023-06-17 14:00:00,NODE_07,27.35687,88.65051,40.35,83.17,0.0218,-0.0009,12.37
2023-06-17 14:00:00,NODE_08,27.3729,88.65823,40.05,82.92,0.0016,0.0177,12.37
2023-06-17 14:00:00,NODE_09,27.32405,88.62626,40.57,82.96,-0.0011,0.0109,12.37
2023-06-17 14:00:00,NODE_10,27.28763,88.57017,40.01,83.13,0.0226,0.0139,12.37
2023-06-17 15:00:00,NODE_01,27.29535,88.6231,40.09,82.38,0.0012,0.0043,12.37
2023-06-17 15:00:00,NODE_02,27.35987,88.66507,40.39,82.96,0.0099,0.0113,12.37
2023-06-17 15:00:00,NODE_03,27.32649,88.60522,39.4,82.9,-0.007,-0.0108,12.37
2023-06-17 15:00:00,NODE_04,27.36949,88.5676,40.21,82.68,-0.0134,-0.0208,12.37
2023-06-17 15:00:00,NODE_05,27.35503,88.67429,40.45,82.94,0.0006,-0.0046,12.37
2023-06-17 15:00:00,NODE_06,27.3375,88.61639,40.69,83.72,0.0102,-0.0068,12.37
2023-06-17 15:00:00,NODE_07,27.35687,88.65051,39.99,83.39,-0.0087,-0.0057,12.37
2023-06-17 15:00:00,NODE_08,27.3729,88.65823,39.63,83.32,-0.0005,-0.0016,12.37
2023-06-17 15:00:00,NODE_09,27.32405,88.62626,39.76,82.69,0.0274,-0.0111,12.37
2023-06-17 15:00:00,NODE_10,27.28763,88.57017,39.81,82.78,0.0051,-0.0004,12.37
2023-06-17 16:00:00,NODE_01,27.29535,88.6231,39.95,82.85,-0.004,-0.0002,12.37
2023-06-17 16:00:00,NODE_02,27.35987,88.66507,40.25,83.57,0.0034,-0.0008,12.37
2023-06-17 16:00:00,NODE_03,27.32649,88.60522,39.45,83.13,-0.0017,0.0042,12.37
2023-06-17 16:00:00,NODE_04,27.36949,88.5676,38.94,82.79,-0.0013,0.0159,12.37
2023-06-17 16:00:00,NODE_05,27.35503,88.67429,39.2,82.94,0.004,0.0028,12.37
2023-06-17 16:00:00,NODE_06,27.3375,88.61639,39.67,83.28,-0.0079,0.0057,12.37
2023-06-17 16:00:00,NODE_07,27.35687,88.65051,39.14,83.1,-0.0112,0.0116,12.37
2023-06-17 16:00:00,NODE_08,27.3729,88.65823,39.34,82.94,-0.0013,0.0099,12.37
2023-06-17 16:00:00,NODE_09,27.32405,88.62626,40.09,83.4,0.0198,-0.0083,12.37
2023-06-17 16:00:00,NODE_10,27.28763,88.57017,39.21,83.59,0.002,0.0095,12.37
2023-06-17 17:00:00,NODE_01,27.29535,88.6231,39.21,82.94,-0.0027,-0.005,12.37
2023-06-17 17:00:00,NODE_02,27.35987,88.66507,39.45,82.75,-0.0101,-0.002,12.37
2023-06-17 17:00:00,NODE_03,27.32649,88.60522,39.58,83.73,0.0031,0.0047,12.37
2023-06-17 17:00:00,NODE_04,27.36949,88.5676,39.02,83.24,-0.0253,-0.002,12.37
2023-06-17 17:00:00,NODE_05,27.35503,88.67429,39.73,83.05,0.0059,-0.0131,12.37
2023-06-17 17:00:00,NODE_06,27.3375,88.61639,39.19,83.32,-0.0144,0.0046,12.37
2023-06-17 17:00:00,NODE_07,27.35687,88.65051,39.21,82.73,0.0037,-0.0103,12.37
2023-06-17 17:00:00,NODE_08,27.3729,88.65823,39.6,83.26,0.0032,0.0022,12.37
2023-06-17 17:00:00,NODE_09,27.32405,88.62626,40.32,83.92,0.0092,0.0077,12.37
2023-06-17 17:00:00,NODE_10,27.28763,88.57017,39.67,83.61,0.0062,-0.0077,12.37
2023-06-17 18:00:00,NODE_01,27.29535,88.6231,40.11,83.09,-0.0002,-0.0155,18.07
2023-06-17 18:00:00,NODE_02,27.35987,88.66507,40.11,83.06,0.0072,0.0037,18.07
2023-06-17 18:00:00,NODE_03,27.32649,88.60522,39.78,83.98,0.0085,0.002,18.07
2023-06-17 18:00:00,NODE_04,27.36949,88.5676,39.06,83.22,-0.0157,0.0125,18.07
2023-06-17 18:00:00,NODE_05,27.35503,88.67429,39.91,83.25,0.0049,0.0133,18.07
2023-06-17 18:00:00,NODE_06,27.3375,88.61639,39.62,83.72,0.011,0.002,18.07
2023-06-17 18:00:00,NODE_07,27.35687,88.65051,39.89,83.42,0.0036,-0.0075,18.07
2023-06-17 18:00:00,NODE_08,27.3729,88.65823,39.8,83.79,0.0034,0.0193,18.07
2023-06-17 18:00:00,NODE_09,27.32405,88.62626,39.92,83.88,-0.0185,-0.0063,18.07
2023-06-17 18:00:00,NODE_10,27.28763,88.57017,40.05,83.96,-0.0182,-0.0087,18.07
2023-06-17 19:00:00,NODE_01,27.29535,88.6231,40.56,84.08,-0.0066,-0.0051,16.47
2023-06-17 19:00:00,NODE_02,27.35987,88.66507,40.55,83.0,-0.0016,-0.0203,16.47
2023-06-17 19:00:00,NODE_03,27.32649,88.60522,40.34,83.44,0.0075,0.0011,16.47
2023-06-17 19:00:00,NODE_04,27.36949,88.5676,39.97,83.5,-0.0032,-0.0203,16.47
2023-06-17 19:00:00,NODE_05,27.35503,88.67429,40.43,83.49,-0.0078,0.017,16.47
2023-06-17 19:00:00,NODE_06,27.3375,88.61639,39.8,83.79,0.009,0.0082,16.47
2023-06-17 19:00:00,NODE_07,27.35687,88.65051,40.63,83.99,0.0034,-0.0183,16.47
2023-06-17 19:00:00,NODE_08,27.3729,88.65823,40.09,83.3,-0.005,0.0075,16.47
2023-06-17 19:00:00,NODE_09,27.32405,88.62626,40.8,83.33,0.0133,0.007,16.47
2023-06-17 19:00:00,NODE_10,27.28763,88.57017,40.27,83.35,-0.005,0.0218,16.47
2023-06-17 20:00:00,NODE_01,27.29535,88.6231,40.55,83.63,0.0069,-0.0107,16.47
2023-06-17 20:00:00,NODE_02,27.35987,88.66507,40.51,83.4,0.0056,0.0054,16.47
2023-06-17 20:00:00,NODE_03,27.32649,88.60522,41.05,83.56,-0.0111,0.0168,16.47
2023-06-17 20:00:00,NODE_04,27.36949,88.5676,41.37,83.67,0.0238,0.0026,16.47
2023-06-17 20:00:00,NODE_05,27.35503,88.67429,40.47,83.86,-0.0068,-0.0024,16.47
2023-06-17 20:00:00,NODE_06,27.3375,88.61639,41.12,83.54,0.0014,-0.0066,16.47
2023-06-17 20:00:00,NODE_07,27.35687,88.65051,41.74,83.71,0.0019,0.0131,16.47
2023-06-17 20:00:00,NODE_08,27.3729,88.65823,40.42,83.81,-0.0064,0.0005,16.47
2023-06-17 20:00:00,NODE_09,27.32405,88.62626,41.73,83.73,-0.0064,0.0168,16.47
2023-06-17 20:00:00,NODE_10,27.28763,88.57017,40.21,83.63,0.0178,-0.0109,16.47
2023-06-17 21:00:00,NODE_01,27.29535,88.6231,40.08,83.82,0.0144,-0.0173,16.47
2023-06-17 21:00:00,NODE_02,27.35987,88.66507,40.75,83.62,-0.0063,0.031,16.47
2023-06-17 21:00:00,NODE_03,27.32649,88.60522,40.96,83.56,0.0098,-0.0062,16.47
2023-06-17 21:00:00,NODE_04,27.36949,88.5676,41.35,83.94,-0.018,-0.0056,16.47
2023-06-17 21:00:00,NODE_05,27.35503,88.67429,40.39,83.91,-0.0029,0.0036,16.47
2023-06-17 21:00:00,NODE_06,27.3375,88.61639,40.49,84.53,-0.0037,-0.0109,16.47
2023-06-17 21:00:00,NODE_07,27.35687,88.65051,40.81,84.07,-0.0063,0.0187,16.47
2023-06-17 21:00:00,NODE_08,27.3729,88.65823,40.48,83.48,-0.0006,-0.0018,16.47
2023-06-17 21:00:00,NODE_09,27.32405,88.62626,40.69,83.97,0.0132,-0.0146,16.47
2023-06-17 21:00:00,NODE_10,27.28763,88.57017,41.01,84.09,-0.0032,-0.0044,16.47
2023-06-17 22:00:00,NODE_01,27.29535,88.6231,39.82,83.34,-0.0046,-0.008,16.47
2023-06-17 22:00:00,NODE_02,27.35987,88.66507,39.97,83.52,-0.0017,-0.0012,16.47
2023-06-17 22:00:00,NODE_03,27.32649,88.60522,40.17,84.44,-0.0009,0.0128,16.47
2023-06-17 22:00:00,NODE_04,27.36949,88.5676,40.39,83.42,-0.0124,0.0057,16.47
2023-06-17 22:00:00,NODE_05,27.35503,88.67429,40.29,83.63,-0.0071,0.0119,16.47
2023-06-17 22:00:00,NODE_06,27.3375,88.61639,41.14,83.96,-0.0146,-0.0052,16.47
2023-06-17 22:00:00,NODE_07,27.35687,88.65051,39.89,83.71,-0.0149,-0.0167,16.47
2023-06-17 22:00:00,NODE_08,27.3729,88.65823,40.67,83.89,-0.0019,-0.0002,16.47
2023-06-17 22:00:00,NODE_09,27.32405,88.62626,40.28,84.13,-0.0072,-0.0036,16.47
2023-06-17 22:00:00,NODE_10,27.28763,88.57017,40.4,83.83,-0.0006,-0.019,16.47
2023-06-17 23:00:00,NODE_01,27.29535,88.6231,40.1,83.81,0.0049,-0.0105,16.47
2023-06-17 23:00:00,NODE_02,27.35987,88.66507,39.82,83.92,0.0016,-0.0012,16.47
2023-06-17 23:00:00,NODE_03,27.32649,88.60522,39.65,84.53,-0.0099,-0.0073,16.47
2023-06-17 23:00:00,NODE_04,27.36949,88.5676,39.81,83.97,0.0022,0.0032,16.47
2023-06-17 23:00:00,NODE_05,27.35503,88.67429,39.86,84.47,-0.0147,0.0196,16.47
2023-06-17 23:00:00,NODE_06,27.3375,88.61639,40.32,84.19,0.0087,-0.0059,16.47
2023-06-17 23:00:00,NODE_07,27.35687,88.65051,40.03,83.75,0.0028,-0.0082,16.47
2023-06-17 23:00:00,NODE_08,27.3729,88.65823,40.15,84.21,0.0206,-0.0073,16.47
2023-06-17 23:00:00,NODE_09,27.32405,88.62626,40.43,84.4,0.0049,-0.002,16.47
2023-06-17 23:00:00,NODE_10,27.28763,88.57017,40.51,83.55,-0.0047,-0.0085,16.47
2023-06-18 00:00:00,NODE_01,27.29535,88.6231,39.97,84.2,-0.0024,0.0058,16.47
2023-06-18 00:00:00,NODE_02,27.35987,88.66507,40.29,83.67,0.0025,0.0074,16.47
2023-06-18 00:00:00,NODE_03,27.32649,88.60522,39.87,84.29,0.0134,0.0111,16.47
2023-06-18 00:00:00,NODE_04,27.36949,88.5676,39.75,83.94,0.0177,0.0037,16.47
2023-06-18 00:00:00,NODE_05,27.35503,88.67429,39.97,84.5,0.0068,0.0156,16.47
2023-06-18 00:00:00,NODE_06,27.3375,88.61639,40.17,84.43,0.0119,-0.0205,16.47
2023-06-18 00:00:00,NODE_07,27.35687,88.65051,39.91,84.14,-0.0128,0.0007,16.47
2023-06-18 00:00:00,NODE_08,27.3729,88.65823,39.75,83.49,-0.0038,-0.0137,16.47
2023-06-18 00:00:00,NODE_09,27.32405,88.62626,40.32,84.34,-0.0064,-0.0053,16.47
2023-06-18 00:00:00,NODE_10,27.28763,88.57017,39.0,84.44,0.0146,-0.0099,16.47
2023-06-18 01:00:00,NODE_01,27.29535,88.6231,39.3,83.95,0.0037,0.006,16.47
2023-06-18 01:00:00,NODE_02,27.35987,88.66507,40.01,84.1,0.0049,0.0165,16.47
2023-06-18 01:00:00,NODE_03,27.32649,88.60522,39.81,84.04,0.0146,0.0123,16.47
2023-06-18 01:00:00,NODE_04,27.36949,88.5676,39.81,84.16,0.002,-0.0106,16.47
2023-06-18 01:00:00,NODE_05,27.35503,88.67429,39.8,84.07,0.0035,-0.0174,16.47
2023-06-18 01:00:00,NODE_06,27.3375,88.61639,39.52,84.51,-0.0068,-0.0055,16.47
2023-06-18 01:00:00,NODE_07,27.35687,88.65051,39.41,83.72,-0.0138,-0.0052,16.47
2023-06-18 01:00:00,NODE_08,27.3729,88.65823,39.74,84.17,0.0029,0.0031,16.47
2023-06-18 01:00:00,NODE_09,27.32405,88.62626,39.6,84.31,-0.0036,-0.0061,16.47
2023-06-18 01:00:00,NODE_10,27.28763,88.57017,39.64,84.77,-0.0024,-0.0067,16.47
2023-06-18 02:00:00,NODE_01,27.29535,88.6231,39.41,84.63,0.0157,-0.009,16.47
2023-06-18 02:00:00,NODE_02,27.35987,88.66507,39.12,84.87,-0.0058,0.0097,16.47
2023-06-18 02:00:00,NODE_03,27.32649,88.60522,38.82,84.17,0.0026,-0.0029,16.47
2023-06-18 02:00:00,NODE_04,27.36949,88.5676,38.77,84.57,0.007,-0.0006,16.47
2023-06-18 02:00:00,NODE_05,27.35503,88.67429,40.27,84.82,-0.0134,-0.0032,16.47
2023-06-18 02:00:00,NODE_06,27.3375,88.61639,38.96,84.98,-0.0076,0.011,16.47
2023-06-18 02:00:00,NODE_07,27.35687,88.65051,39.59,85.08,-0.0038,-0.0003,16.47
2023-06-18 02:00:00,NODE_08,27.3729,88.65823,39.95,84.58,0.0047,-0.0053,16.47
2023-06-18 02:00:00,NODE_09,27.32405,88.62626,39.21,84.99,0.0062,-0.0049,16.47
2023-06-18 02:00:00,NODE_10,27.28763,88.57017,39.11,84.57,-0.0125,0.003,16.47
2023-06-18 03:00:00,NODE_01,27.29535,88.6231,39.41,84.09,0.0051,-0.0026,16.47
2023-06-18 03:00:00,NODE_02,27.35987,88.66507,38.89,84.73,-0.0134,-0.0216,16.47
2023-06-18 03:00:00,NODE_03,27.32649,88.60522,38.83,84.69,0.0071,0.0166,16.47
2023-06-18 03:00:00,NODE_04,27.36949,88.5676,38.95,84.69,-0.0034,-0.0018,16.47
2023-06-18 03:00:00,NODE_05,27.35503,88.67429,39.3,84.66,-0.0024,0.005,16.47
2023-06-18 03:00:00,NODE_06,27.3375,88.61639,38.83,84.45,0.0124,0.008,16.47
2023-06-18 03:00:00,NODE_07,27.35687,88.65051,38.28,84.53,0.0043,-0.0012,16.47
2023-06-18 03:00:00,NODE_08,27.3729,88.65823,39.38,84.63,0.014,-0.0054,16.47
2023-06-18 03:00:00,NODE_09,27.32405,88.62626,39.87,84.47,-0.0132,-0.0002,16.47
2023-06-18 03:00:00,NODE_10,27.28763,88.57017,39.2,84.86,0.0258,0.0054,16.47
2023-06-18 04:00:00,NODE_01,27.29535,88.6231,39.36,84.45,-0.0177,-0.0186,17.7
2023-06-18 04:00:00,NODE_02,27.35987,88.66507,38.86,84.74,0.0162,0.0056,17.7
2023-06-18 04:00:00,NODE_03,27.32649,88.60522,38.83,84.87,0.0077,0.0047,17.7
2023-06-18 04:00:00,NODE_04,27.36949,88.5676,39.69,84.9,-0.0051,0.005,17.7
2023-06-18 04:00:00,NODE_05,27.35503,88.67429,38.35,84.6,-0.0018,-0.0049,17.7
2023-06-18 04:00:00,NODE_06,27.3375,88.61639,38.57,84.93,-0.0064,0.0053,17.7
2023-06-18 04:00:00,NODE_07,27.35687,88.65051,39.34,84.82,0.0199,0.0041,17.7
2023-06-18 04:00:00,NODE_08,27.3729,88.65823,39.22,84.5,-0.0081,-0.0009,17.7
2023-06-18 04:00:00,NODE_09,27.32405,88.62626,39.01,84.65,0.0237,0.0016,17.7
2023-06-18 04:00:00,NODE_10,27.28763,88.57017,39.49,84.89,-0.0138,-0.0101,17.7
2023-06-18 05:00:00,NODE_01,27.29535,88.6231,39.67,84.44,0.0045,-0.0049,17.7
2023-06-18 05:00:00,NODE_02,27.35987,88.66507,39.34,84.45,0.0249,0.0257,17.7
2023-06-18 05:00:00,NODE_03,27.32649,88.60522,38.96,84.14,0.014,-0.0088,17.7
2023-06-18 05:00:00,NODE_04,27.36949,88.5676,38.63,84.67,0.0008,0.0099,17.7
2023-06-18 05:00:00,NODE_05,27.35503,88.67429,39.51,84.83,0.0018,0.0178,17.7
2023-06-18 05:00:00,NODE_06,27.3375,88.61639,39.41,84.81,0.0178,0.0013,17.7
2023-06-18 05:00:00,NODE_07,27.35687,88.65051,38.86,84.49,0.0098,-0.0096,17.7
2023-06-18 05:00:00,NODE_08,27.3729,88.65823,39.3,84.4,0.0134,0.0005,17.7
2023-06-18 05:00:00,NODE_09,27.32405,88.62626,39.53,84.63,-0.0103,0.0095,17.7
2023-06-18 05:00:00,NODE_10,27.28763,88.57017,39.2,84.84,-0.001,-0.0079,17.7
2023-06-18 06:00:00,NODE_01,27.29535,88.6231,39.49,84.74,0.0123,0.004,17.7
2023-06-18 06:00:00,NODE_02,27.35987,88.66507,38.58,84.35,0.0045,0.0062,17.7
2023-06-18 06:00:00,NODE_03,27.32649,88.60522,38.68,84.71,0.0073,-0.0037,17.7
2023-06-18 06:00:00,NODE_04,27.36949,88.5676,38.68,84.56,-0.0066,0.0015,17.7
2023-06-18 06:00:00,NODE_05,27.35503,88.67429,38.9,84.78,-0.0108,0.0163,17.7
2023-06-18 06:00:00,NODE_06,27.3375,88.61639,38.83,85.1,-0.0011,0.0145,17.7
2023-06-18 06:00:00,NODE_07,27.35687,88.65051,38.94,84.22,0.0143,0.0019,17.7
2023-06-18 06:00:00,NODE_08,27.3729,88.65823,38.92,84.99,-0.0015,0.0001,17.7
2023-06-18 06:00:00,NODE_09,27.32405,88.62626,39.09,85.22,-0.0108,-0.0003,17.7
2023-06-18 06:00:00,NODE_10,27.28763,88.57017,38.99,84.93,-0.0084,0.0108,17.7
2023-06-18 07:00:00,NODE_01,27.29535,88.6231,38.37,84.56,-0.0022,0.0082,17.7
2023-06-18 07:00:00,NODE_02,27.35987,88.66507,38.91,84.51,-0.0132,-0.0115,17.7
2023-06-18 07:00:00,NODE_03,27.32649,88.60522,39.05,85.33,-0.0133,0.0113,17.7
2023-06-18 07:00:00,NODE_04,27.36949,88.5676,38.78,84.57,0.0072,-0.0128,17.7
2023-06-18 07:00:00,NODE_05,27.35503,88.67429,39.58,85.02,-0.0135,-0.0082,17.7
2023-06-18 07:00:00,NODE_06,27.3375,88.61639,39.15,84.78,-0.0039,-0.0106,17.7
2023-06-18 07:00:00,NODE_07,27.35687,88.65051,39.36,85.16,0.0065,-0.0112,17.7
2023-06-18 07:00:00,NODE_08,27.3729,88.65823,38.85,84.77,0.025,0.0174,17.7
2023-06-18 07:00:00,NODE_09,27.32405,88.62626,39.5,85.13,0.0063,0.0112,17.7
2023-06-18 07:00:00,NODE_10,27.28763,88.57017,38.78,85.35,-0.007,0.0171,17.7
2023-06-18 08:00:00,NODE_01,27.29535,88.6231,39.24,84.73,0.01,-0.0071,13.81
2023-06-18 08:00:00,NODE_02,27.35987,88.66507,38.86,84.87,-0.0077,0.0028,13.81
2023-06-18 08:00:00,NODE_03,27.32649,88.60522,37.92,84.8,0.0201,0.0092,13.81
2023-06-18 08:00:00,NODE_04,27.36949,88.5676,38.68,84.16,-0.0161,0.0011,13.81
2023-06-18 08:00:00,NODE_05,27.35503,88.67429,39.15,84.96,0.0052,-0.0016,13.81
2023-06-18 08:00:00,NODE_06,27.3375,88.61639,38.62,84.78,0.0005,-0.0096,13.81
2023-06-18 08:00:00,NODE_07,27.35687,88.65051,38.06,84.42,0.0037,-0.0041,13.81
2023-06-18 08:00:00,NODE_08,27.3729,88.65823,38.37,85.07,0.0036,0.0066,13.81
2023-06-18 08:00:00,NODE_09,27.32405,88.62626,38.23,85.41,0.0129,-0.0059,13.81
2023-06-18 08:00:00,NODE_10,27.28763,88.57017,37.94,84.69,-0.0106,0.0126,13.81
2023-06-18 09:00:00,NODE_01,27.29535,88.6231,38.15,84.79,-0.0069,0.0105,8.45
2023-06-18 09:00:00,NODE_02,27.35987,88.66507,38.33,85.18,0.0051,-0.0128,8.45
2023-06-18 09:00:00,NODE_03,27.32649,88.60522,37.73,85.33,0.0107,-0.0106,8.45
2023-06-18 09:00:00,NODE_04,27.36949,88.5676,38.11,85.12,0.0089,0.0261,8.45
2023-06-18 09:00:00,NODE_05,27.35503,88.67429,38.16,84.84,-0.0153,-0.0075,8.45
2023-06-18 09:00:00,NODE_06,27.3375,88.61639,38.24,85.13,-0.0039,0.0112,8.45
2023-06-18 09:00:00,NODE_07,27.35687,88.65051,38.47,84.9,0.0251,-0.0174,8.45
2023-06-18 09:00:00,NODE_08,27.3729,88.65823,37.74,85.05,-0.0123,0.0211,8.45
2023-06-18 09:00:00,NODE_09,27.32405,88.62626,38.02,84.94,-0.0032,-0.012,8.45
2023-06-18 09:00:00,NODE_10,27.28763,88.57017,38.0,85.24,-0.0054,-0.0165,8.45
2023-06-18 10:00:00,NODE_01,27.29535,88.6231,38.58,84.68,-0.0149,-0.0152,8.45
2023-06-18 10:00:00,NODE_02,27.35987,88.66507,38.57,85.22,0.0134,0.0123,8.45
2023-06-18 10:00:00,NODE_03,27.32649,88.60522,38.03,85.08,-0.0051,-0.0014,8.45
2023-06-18 10:00:00,NODE_04,27.36949,88.5676,38.19,84.63,0.0004,0.0165,8.45
2023-06-18 10:00:00,NODE_05,27.35503,88.67429,38.45,84.38,-0.0023,-0.002,8.45
2023-06-18 10:00:00,NODE_06,27.3375,88.61639,37.69,85.04,0.0113,0.0003,8.45
2023-06-18 10:00:00,NODE_07,27.35687,88.65051,38.48,84.96,-0.0132,-0.004,8.45
2023-06-18 10:00:00,NODE_08,27.3729,88.65823,38.3,84.81,-0.002,-0.0044,8.45
2023-06-18 10:00:00,NODE_09,27.32405,88.62626,38.5,84.82,-0.0107,-0.003,8.45
2023-06-18 10:00:00,NODE_10,27.28763,88.57017,38.61,84.66,0.0098,0.0119,8.45
2023-06-18 11:00:00,NODE_01,27.29535,88.6231,37.99,85.06,0.0014,-0.0125,8.45
2023-06-18 11:00:00,NODE_02,27.35987,88.66507,37.84,85.15,-0.0121,-0.0096,8.45
2023-06-18 11:00:00,NODE_03,27.32649,88.60522,37.89,84.56,-0.0103,0.002,8.45
2023-06-18 11:00:00,NODE_04,27.36949,88.5676,38.21,84.89,-0.0021,-0.0297,8.45
2023-06-18 11:00:00,NODE_05,27.35503,88.67429,37.73,85.16,-0.0033,-0.0023,8.45
2023-06-18 11:00:00,NODE_06,27.3375,88.61639,38.08,84.69,0.0089,-0.0067,8.45
2023-06-18 11:00:00,NODE_07,27.35687,88.65051,38.03,84.86,-0.0041,-0.0057,8.45
2023-06-18 11:00:00,NODE_08,27.3729,88.65823,38.1,85.27,0.0134,0.0078,8.45
2023-06-18 11:00:00,NODE_09,27.32405,88.62626,37.51,85.07,-0.0092,0.0046,8.45
2023-06-18 11:00:00,NODE_10,27.28763,88.57017,37.76,84.78,-0.019,0.0185,8.45
2023-06-18 12:00:00,NODE_01,27.29535,88.6231,37.6,84.99,-0.0176,0.0071,6.94
2023-06-18 12:00:00,NODE_02,27.35987,88.66507,37.68,84.74,-0.0012,0.0007,6.94
2023-06-18 12:00:00,NODE_03,27.32649,88.60522,37.19,84.78,0.005,-0.0051,6.94
2023-06-18 12:00:00,NODE_04,27.36949,88.5676,38.55,84.96,-0.0164,0.0006,6.94
2023-06-18 12:00:00,NODE_05,27.35503,88.67429,37.77,84.9,-0.0012,0.0095,6.94
2023-06-18 12:00:00,NODE_06,27.3375,88.61639,37.68,85.34,0.0109,0.0055,6.94
2023-06-18 12:00:00,NODE_07,27.35687,88.65051,37.12,84.6,-0.0034,0.0094,6.94
2023-06-18 12:00:00,NODE_08,27.3729,88.65823,37.65,84.77,0.0008,-0.0038,6.94
2023-06-18 12:00:00,NODE_09,27.32405,88.62626,37.82,85.14,-0.0103,0.0086,6.94
2023-06-18 12:00:00,NODE_10,27.28763,88.57017,38.23,85.37,0.0126,-0.017,6.94
2023-06-18 13:00:00,NODE_01,27.29535,88.6231,36.85,84.88,-0.0024,0.0167,6.94
2023-06-18 13:00:00,NODE_02,27.35987,88.66507,37.19,84.95,0.002,-0.0086,6.94
2023-06-18 13:00:00,NODE_03,27.32649,88.60522,37.34,84.79,-0.0028,0.0236,6.94
2023-06-18 13:00:00,NODE_04,27.36949,88.5676,37.53,84.38,-0.0098,0.0093,6.94
2023-06-18 13:00:00,NODE_05,27.35503,88.67429,37.85,85.24,0.0025,-0.0089,6.94
2023-06-18 13:00:00,NODE_06,27.3375,88.61639,37.94,85.14,0.0018,-0.0044,6.94
2023-06-18 13:00:00,NODE_07,27.35687,88.65051,38.12,84.78,0.0089,-0.0006,6.94
2023-06-18 13:00:00,NODE_08,27.3729,88.65823,37.99,85.28,-0.0006,-0.0056,6.94
2023-06-18 13:00:00,NODE_09,27.32405,88.62626,38.2,85.24,0.0031,0.0146,6.94
2023-06-18 13:00:00,NODE_10,27.28763,88.57017,37.91,84.63,0.0109,0.0108,6.94
2023-06-18 14:00:00,NODE_01,27.29535,88.6231,37.32,84.74,0.0129,0.0049,6.94
2023-06-18 14:00:00,NODE_02,27.35987,88.66507,37.8,84.82,0.0086,-0.0055,6.94
2023-06-18 14:00:00,NODE_03,27.32649,88.60522,37.23,84.5,0.0033,0.0023,6.94
2023-06-18 14:00:00,NODE_04,27.36949,88.5676,37.37,84.46,0.012,-0.0018,6.94
2023-06-18 14:00:00,NODE_05,27.35503,88.67429,37.83,85.12,0.016,-0.0262,6.94
2023-06-18 14:00:00,NODE_06,27.3375,88.61639,37.1,84.87,-0.0046,-0.0084,6.94
2023-06-18 14:00:00,NODE_07,27.35687,88.65051,37.3,84.52,-0.0098,0.0012,6.94
2023-06-18 14:00:00,NODE_08,27.3729,88.65823,37.1,85.29,0.0072,0.0215,6.94
2023-06-18 14:00:00,NODE_09,27.32405,88.62626,36.68,84.63,-0.0007,0.0029,6.94
2023-06-18 14:00:00,NODE_10,27.28763,88.57017,37.74,84.91,0.0051,0.0023,6.94
2023-06-18 15:00:00,NODE_01,27.29535,88.6231,36.91,85.07,-0.0191,-0.0004,9.74
2023-06-18 15:00:00,NODE_02,27.35987,88.66507,37.22,84.82,-0.0034,0.0149,9.74
2023-06-18 15:00:00,NODE_03,27.32649,88.60522,37.37,84.45,0.0074,-0.0006,9.74
2023-06-18 15:00:00,NODE_04,27.36949,88.5676,38.14,85.18,-0.0021,-0.0046,9.74
2023-06-18 15:00:00,NODE_05,27.35503,88.67429,37.89,84.85,-0.016,-0.016,9.74
2023-06-18 15:00:00,NODE_06,27.3375,88.61639,37.78,84.71,-0.0001,-0.0087,9.74
2023-06-18 15:00:00,NODE_07,27.35687,88.65051,37.32,85.01,0.0076,-0.0002,9.74
2023-06-18 15:00:00,NODE_08,27.3729,88.65823,36.82,85.17,-0.0034,-0.0077,9.74
2023-06-18 15:00:00,NODE_09,27.32405,88.62626,37.69,85.24,0.0043,0.0075,9.74
2023-06-18 15:00:00,NODE_10,27.28763,88.57017,37.66,85.67,0.0013,-0.0033,9.74
2023-06-18 16:00:00,NODE_01,27.29535,88.6231,38.06,84.71,-0.0128,-0.022,9.74
2023-06-18 16:00:00,NODE_02,27.35987,88.66507,37.81,85.45,-0.0156,0.001,9.74
2023-06-18 16:00:00,NODE_03,27.32649,88.60522,37.73,85.14,-0.0057,0.0119,9.74
2023-06-18 16:00:00,NODE_04,27.36949,88.5676,37.45,84.79,0.0028,-0.0027,9.74
2023-06-18 16:00:00,NODE_05,27.35503,88.67429,37.7,85.23,0.0088,-0.0103,9.74
2023-06-18 16:00:00,NODE_06,27.3375,88.61639,38.33,84.94,-0.0043,0.0032,9.74
2023-06-18 16:00:00,NODE_07,27.35687,88.65051,37.55,84.9,0.0058,-0.0213,9.74
2023-06-18 16:00:00,NODE_08,27.3729,88.65823,37.39,84.76,-0.0021,-0.0223,9.74
2023-06-18 16:00:00,NODE_09,27.32405,88.62626,38.15,84.79,0.0036,0.0137,9.74
2023-06-18 16:00:00,NODE_10,27.28763,88.57017,37.49,85.23,0.0028,0.0011,9.74
2023-06-18 17:00:00,NODE_01,27.29535,88.6231,38.41,84.64,-0.0103,-0.0202,9.74
2023-06-18 17:00:00,NODE_02,27.35987,88.66507,37.78,84.27,0.0062,-0.0056,9.74
2023-06-18 17:00:00,NODE_03,27.32649,88.60522,37.54,84.35,-0.0112,-0.0037,9.74
2023-06-18 17:00:00,NODE_04,27.36949,88.5676,37.28,84.49,-0.0088,0.0055,9.74
2023-06-18 17:00:00,NODE_05,27.35503,88.67429,38.8,84.97,-0.0251,-0.0066,9.74
2023-06-18 17:00:00,NODE_06,27.3375,88.61639,37.91,85.0,0.0147,0.0021,9.74
2023-06-18 17:00:00,NODE_07,27.35687,88.65051,37.65,84.68,0.0081,-0.02,9.74
2023-06-18 17:00:00,NODE_08,27.3729,88.65823,37.19,85.52,-0.0094,-0.0071,9.74
2023-06-18 17:00:00,NODE_09,27.32405,88.62626,37.8,84.83,0.0082,-0.0078,9.74
2023-06-18 17:00:00,NODE_10,27.28763,88.57017,37.75,84.67,0.0142,0.0044,9.74
2023-06-18 18:00:00,NODE_01,27.29535,88.6231,37.3,84.72,-0.0006,0.0013,4.04
2023-06-18 18:00:00,NODE_02,27.35987,88.66507,37.19,84.68,0.0112,-0.0115,4.04
2023-06-18 18:00:00,NODE_03,27.32649,88.60522,38.21,84.93,0.0039,0.0101,4.04
2023-06-18 18:00:00,NODE_04,27.36949,88.5676,37.71,84.59,-0.0003,-0.0115,4.04
2023-06-18 18:00:00,NODE_05,27.35503,88.67429,37.47,84.93,0.0139,0.0019,4.04
2023-06-18 18:00:00,NODE_06,27.3375,88.61639,37.93,84.29,0.01,0.0152,4.04
2023-06-18 18:00:00,NODE_07,27.35687,88.65051,37.14,84.47,0.008,-0.0032,4.04
2023-06-18 18:00:00,NODE_08,27.3729,88.65823,37.75,84.75,0.0173,-0.0201,4.04
2023-06-18 18:00:00,NODE_09,27.32405,88.62626,37.24,85.33,-0.0041,-0.0021,4.04
2023-06-18 18:00:00,NODE_10,27.28763,88.57017,37.87,84.69,-0.0175,0.0116,4.04
2023-06-18 19:00:00,NODE_01,27.29535,88.6231,37.55,85.16,-0.0037,-0.0036,4.04
2023-06-18 19:00:00,NODE_02,27.35987,88.66507,37.18,85.07,-0.0008,-0.0187,4.04
2023-06-18 19:00:00,NODE_03,27.32649,88.60522,37.62,84.44,-0.0053,-0.0167,4.04
2023-06-18 19:00:00,NODE_04,27.36949,88.5676,37.86,84.92,-0.0137,0.0119,4.04
2023-06-18 19:00:00,NODE_05,27.35503,88.67429,36.78,84.81,-0.0204,-0.0108,4.04
2023-06-18 19:00:00,NODE_06,27.3375,88.61639,37.65,84.86,-0.0009,-0.0029,4.04
2023-06-18 19:00:00,NODE_07,27.35687,88.65051,37.49,85.23,0.0154,0.0028,4.04
2023-06-18 19:00:00,NODE_08,27.3729,88.65823,37.12,84.72,-0.0122,-0.0095,4.04
2023-06-18 19:00:00,NODE_09,27.32405,88.62626,37.32,84.27,-0.0074,0.0277,4.04
2023-06-18 19:00:00,NODE_10,27.28763,88.57017,36.57,84.76,0.0073,0.0111,4.04
2023-06-18 20:00:00,NODE_01,27.29535,88.6231,36.95,84.21,0.014,-0.0111,4.04
2023-06-18 20:00:00,NODE_02,27.35987,88.66507,37.79,84.22,0.0041,-0.0125,4.04
2023-06-18 20:00:00,NODE_03,27.32649,88.60522,36.92,84.52,0.0015,-0.0045,4.04
2023-06-18 20:00:00,NODE_04,27.36949,88.5676,37.38,84.84,0.001,-0.0006,4.04
2023-06-18 20:00:00,NODE_05,27.35503,88.67429,36.67,85.31,0.0244,-0.0121,4.04
2023-06-18 20:00:00,NODE_06,27.3375,88.61639,38.0,84.92,-0.0093,-0.0031,4.04
2023-06-18 20:00:00,NODE_07,27.35687,88.65051,37.0,84.15,-0.0005,-0.0023,4.04
2023-06-18 20:00:00,NODE_08,27.3729,88.65823,37.63,84.58,0.0017,-0.0086,4.04
2023-06-18 20:00:00,NODE_09,27.32405,88.62626,36.9,84.98,0.0016,0.0086,4.04
2023-06-18 20:00:00,NODE_10,27.28763,88.57017,37.74,85.16,-0.0075,-0.0151,4.04
2023-06-18 21:00:00,NODE_01,27.29535,88.6231,36.8,84.8,0.0095,0.0007,4.04
2023-06-18 21:00:00,NODE_02,27.35987,88.66507,37.14,84.43,-0.0047,0.0011,4.04
2023-06-18 21:00:00,NODE_03,27.32649,88.60522,37.09,84.66,-0.0134,0.0105,4.04
2023-06-18 21:00:00,NODE_04,27.36949,88.5676,37.02,84.08,0.0037,-0.0094,4.04
2023-06-18 21:00:00,NODE_05,27.35503,88.67429,37.64,84.55,-0.0039,-0.0093,4.04
2023-06-18 21:00:00,NODE_06,27.3375,88.61639,37.2,83.99,0.0154,0.0144,4.04
2023-06-18 21:00:00,NODE_07,27.35687,88.65051,37.32,84.03,0.0053,-0.0086,4.04
2023-06-18 21:00:00,NODE_08,27.3729,88.65823,37.44,84.2,0.0048,0.0004,4.04
2023-06-18 21:00:00,NODE_09,27.32405,88.62626,37.08,84.92,-0.0005,0.0051,4.04
2023-06-18 21:00:00,NODE_10,27.28763,88.57017,36.85,84.42,0.0083,-0.0065,4.04
2023-06-18 22:00:00,NODE_01,27.29535,88.6231,37.18,83.95,0.005,0.0012,4.04
2023-06-18 22:00:00,NODE_02,27.35987,88.66507,36.47,84.4,-0.0085,0.0098,4.04
2023-06-18 22:00:00,NODE_03,27.32649,88.60522,36.92,84.26,-0.0025,0.0157,4.04
2023-06-18 22:00:00,NODE_04,27.36949,88.5676,36.29,84.95,0.0032,0.0112,4.04
2023-06-18 22:00:00,NODE_05,27.35503,88.67429,36.84,84.61,0.0129,-0.0112,4.04
2023-06-18 22:00:00,NODE_06,27.3375,88.61639,37.15,84.72,0.0014,0.0099,4.04
2023-06-18 22:00:00,NODE_07,27.35687,88.65051,37.08,84.42,-0.0074,-0.0024,4.04
2023-06-18 22:00:00,NODE_08,27.3729,88.65823,36.5,84.88,-0.0001,-0.0205,4.04
2023-06-18 22:00:00,NODE_09,27.32405,88.62626,36.76,84.52,0.0025,0.0089,4.04
2023-06-18 22:00:00,NODE_10,27.28763,88.57017,36.84,84.34,-0.0061,0.0009,4.04
2023-06-18 23:00:00,NODE_01,27.29535,88.6231,36.68,84.52,0.0015,0.0094,4.04
2023-06-18 23:00:00,NODE_02,27.35987,88.66507,36.82,84.43,0.0103,-0.0056,4.04
2023-06-18 23:00:00,NODE_03,27.32649,88.60522,37.18,84.56,0.0071,-0.0077,4.04
2023-06-18 23:00:00,NODE_04,27.36949,88.5676,36.67,84.69,-0.009,-0.0155,4.04
2023-06-18 23:00:00,NODE_05,27.35503,88.67429,36.76,84.26,0.0108,-0.0055,4.04
2023-06-18 23:00:00,NODE_06,27.3375,88.61639,36.68,84.83,-0.0013,0.0014,4.04
2023-06-18 23:00:00,NODE_07,27.35687,88.65051,37.35,84.31,-0.0096,-0.0033,4.04
2023-06-18 23:00:00,NODE_08,27.3729,88.65823,36.37,84.26,-0.0125,0.012,4.04
2023-06-18 23:00:00,NODE_09,27.32405,88.62626,36.49,84.55,-0.0071,-0.0134,4.04
2023-06-18 23:00:00,NODE_10,27.28763,88.57017,36.66,84.81,0.0071,0.0157,4.04
2023-06-19 00:00:00,NODE_01,27.29535,88.6231,37.22,84.86,0.0039,0.0014,4.04
2023-06-19 00:00:00,NODE_02,27.35987,88.66507,36.46,83.95,0.0039,0.0157,4.04
2023-06-19 00:00:00,NODE_03,27.32649,88.60522,36.28,83.71,0.0061,-0.0089,4.04
2023-06-19 00:00:00,NODE_04,27.36949,88.5676,37.01,84.29,-0.0034,-0.0056,4.04
2023-06-19 00:00:00,NODE_05,27.35503,88.67429,36.3,84.77,-0.0044,-0.006,4.04
2023-06-19 00:00:00,NODE_06,27.3375,88.61639,36.21,84.73,0.0155,-0.0156,4.04
2023-06-19 00:00:00,NODE_07,27.35687,88.65051,36.44,84.65,0.0176,0.0078,4.04
2023-06-19 00:00:00,NODE_08,27.3729,88.65823,36.73,84.63,-0.01,-0.0188,4.04
2023-06-19 00:00:00,NODE_09,27.32405,88.62626,36.71,84.97,0.0064,-0.0065,4.04
2023-06-19 00:00:00,NODE_10,27.28763,88.57017,36.5,84.01,-0.0155,-0.0273,4.04
2023-06-19 01:00:00,NODE_01,27.29535,88.6231,36.15,84.46,-0.0086,0.0123,4.04
2023-06-19 01:00:00,NODE_02,27.35987,88.66507,37.73,84.54,0.0049,-0.0072,4.04
2023-06-19 01:00:00,NODE_03,27.32649,88.60522,36.65,84.38,-0.0079,0.0057,4.04
2023-06-19 01:00:00,NODE_04,27.36949,88.5676,35.85,83.89,0.0054,-0.0057,4.04
2023-06-19 01:00:00,NODE_05,27.35503,88.67429,36.17,84.29,-0.0036,0.0069,4.04
2023-06-19 01:00:00,NODE_06,27.3375,88.61639,35.86,84.71,-0.0051,-0.0081,4.04
2023-06-19 01:00:00,NODE_07,27.35687,88.65051,36.03,84.44,-0.0081,0.0072,4.04
2023-06-19 01:00:00,NODE_08,27.3729,88.65823,36.74,84.63,0.0052,-0.0013,4.04
2023-06-19 01:00:00,NODE_09,27.32405,88.62626,36.98,85.11,-0.0118,-0.0101,4.04
2023-06-19 01:00:00,NODE_10,27.28763,88.57017,35.82,84.15,-0.0169,-0.0061,4.04
2023-06-19 02:00:00,NODE_01,27.29535,88.6231,36.58,84.28,0.0086,0.0001,4.04
2023-06-19 02:00:00,NODE_02,27.35987,88.66507,36.29,84.48,0.015,-0.0024,4.04
2023-06-19 02:00:00,NODE_03,27.32649,88.60522,36.19,83.43,-0.0117,-0.0062,4.04
2023-06-19 02:00:00,NODE_04,27.36949,88.5676,36.08,84.47,-0.0021,0.0214,4.04
2023-06-19 02:00:00,NODE_05,27.35503,88.67429,35.86,84.23,-0.0084,-0.0099,4.04
2023-06-19 02:00:00,NODE_06,27.3375,88.61639,36.68,84.28,-0.0032,-0.0105,4.04
2023-06-19 02:00:00,NODE_07,27.35687,88.65051,35.59,84.17,0.0064,-0.0055,4.04
2023-06-19 02:00:00,NODE_08,27.3729,88.65823,35.37,84.37,-0.0078,-0.0032,4.04
2023-06-19 02:00:00,NODE_09,27.32405,88.62626,36.31,84.75,-0.0044,0.0042,4.04
2023-06-19 02:00:00,NODE_10,27.28763,88.57017,36.24,84.3,-0.0011,-0.0153,4.04
2023-06-19 03:00:00,NODE_01,27.29535,88.6231,36.05,83.97,-0.0111,-0.0012,4.04
2023-06-19 03:00:00,NODE_02,27.35987,88.66507,35.86,84.35,-0.0105,-0.0108,4.04
2023-06-19 03:00:00,NODE_03,27.32649,88.60522,36.61,84.02,0.0002,-0.0027,4.04
2023-06-19 03:00:00,NODE_04,27.36949,88.5676,35.85,84.19,-0.0029,-0.0069,4.04
2023-06-19 03:00:00,NODE_05,27.35503,88.67429,36.2,84.11,0.0079,-0.0036,4.04
2023-06-19 03:00:00,NODE_06,27.3375,88.61639,35.61,83.96,-0.0023,0.0004,4.04
2023-06-19 03:00:00,NODE_07,27.35687,88.65051,36.89,84.22,0.0053,-0.0005,4.04
2023-06-19 03:00:00,NODE_08,27.3729,88.65823,36.12,83.88,-0.0207,0.0083,4.04
2023-06-19 03:00:00,NODE_09,27.32405,88.62626,36.55,84.91,0.0113,-0.0037,4.04
2023-06-19 03:00:00,NODE_10,27.28763,88.57017,36.25,84.21,0.0144,-0.0137,4.04
2023-06-19 04:00:00,NODE_01,27.29535,88.6231,36.16,84.06,0.0084,0.0106,2.8
2023-06-19 04:00:00,NODE_02,27.35987,88.66507,36.41,83.85,-0.0055,0.0099,2.8
2023-06-19 04:00:00,NODE_03,27.32649,88.60522,36.36,84.25,0.0056,0.0088,2.8
2023-06-19 04:00:00,NODE_04,27.36949,88.5676,35.57,83.5,0.019,-0.0215,2.8
2023-06-19 04:00:00,NODE_05,27.35503,88.67429,35.81,84.17,-0.0042,-0.0055,2.8
2023-06-19 04:00:00,NODE_06,27.3375,88.61639,36.14,83.62,-0.0132,-0.0051,2.8
2023-06-19 04:00:00,NODE_07,27.35687,88.65051,36.11,84.12,0.0117,0.0028,2.8
2023-06-19 04:00:00,NODE_08,27.3729,88.65823,34.97,83.86,0.0039,0.0035,2.8
2023-06-19 04:00:00,NODE_09,27.32405,88.62626,36.48,84.04,-0.0113,0.001,2.8
2023-06-19 04:00:00,NODE_10,27.28763,88.57017,35.03,83.69,0.0054,0.0099,2.8
2023-06-19 05:00:00,NODE_01,27.29535,88.6231,35.5,83.87,0.0119,-0.0098,2.8
2023-06-19 05:00:00,NODE_02,27.35987,88.66507,34.95,84.03,0.0016,0.021,2.8
2023-06-19 05:00:00,NODE_03,27.32649,88.60522,35.76,84.08,0.0041,-0.0054,2.8
2023-06-19 05:00:00,NODE_04,27.36949,88.5676,35.78,83.75,-0.0095,-0.0058,2.8
2023-06-19 05:00:00,NODE_05,27.35503,88.67429,35.86,83.65,-0.0082,0.0081,2.8
2023-06-19 05:00:00,NODE_06,27.3375,88.61639,35.85,84.37,0.0032,0.016,2.8
2023-06-19 05:00:00,NODE_07,27.35687,88.65051,35.4,84.49,-0.0166,0.0042,2.8
2023-06-19 05:00:00,NODE_08,27.3729,88.65823,35.46,83.04,-0.0087,0.0119,2.8
2023-06-19 05:00:00,NODE_09,27.32405,88.62626,35.45,83.68,0.0105,-0.0031,2.8
2023-06-19 05:00:00,NODE_10,27.28763,88.57017,35.16,84.08,0.0053,-0.0053,2.8
2023-06-19 06:00:00,NODE_01,27.29535,88.6231,35.5,83.59,0.0021,0.0281,2.8
2023-06-19 06:00:00,NODE_02,27.35987,88.66507,35.56,83.62,-0.0056,-0.0176,2.8
2023-06-19 06:00:00,NODE_03,27.32649,88.60522,35.42,83.4,-0.0051,-0.0197,2.8
2023-06-19 06:00:00,NODE_04,27.36949,88.5676,35.7,84.63,0.0108,0.0046,2.8
2023-06-19 06:00:00,NODE_05,27.35503,88.67429,35.66,83.23,0.0054,-0.0015,2.8
2023-06-19 06:00:00,NODE_06,27.3375,88.61639,35.89,84.13,-0.0076,-0.0157,2.8
2023-06-19 06:00:00,NODE_07,27.35687,88.65051,36.2,83.82,0.0089,0.0165,2.8
2023-06-19 06:00:00,NODE_08,27.3729,88.65823,35.96,83.68,0.0063,-0.0036,2.8
2023-06-19 06:00:00,NODE_09,27.32405,88.62626,35.63,84.03,-0.0141,-0.0163,2.8
2023-06-19 06:00:00,NODE_10,27.28763,88.57017,35.88,84.0,0.0086,-0.0233,2.8
2023-06-19 07:00:00,NODE_01,27.29535,88.6231,35.32,83.61,-0.0018,0.0038,2.8
2023-06-19 07:00:00,NODE_02,27.35987,88.66507,36.16,83.66,0.0078,-0.0035,2.8
2023-06-19 07:00:00,NODE_03,27.32649,88.60522,35.57,83.32,0.003,-0.013,2.8
2023-06-19 07:00:00,NODE_04,27.36949,88.5676,35.54,83.57,-0.0115,0.0078,2.8
2023-06-19 07:00:00,NODE_05,27.35503,88.67429,35.19,83.91,-0.009,0.0105,2.8
2023-06-19 07:00:00,NODE_06,27.3375,88.61639,35.16,84.15,-0.0057,-0.0116,2.8
2023-06-19 07:00:00,NODE_07,27.35687,88.65051,35.91,83.43,-0.0006,-0.0003,2.8
2023-06-19 07:00:00,NODE_08,27.3729,88.65823,36.57,83.82,-0.002,-0.0046,2.8
2023-06-19 07:00:00,NODE_09,27.32405,88.62626,35.19,84.16,-0.0159,0.0088,2.8
2023-06-19 07:00:00,NODE_10,27.28763,88.57017,35.65,83.5,-0.004,-0.0016,2.8
2023-06-19 08:00:00,NODE_01,27.29535,88.6231,34.87,83.62,0.004,0.0038,2.8
2023-06-19 08:00:00,NODE_02,27.35987,88.66507,35.16,84.28,-0.0019,0.0126,2.8
2023-06-19 08:00:00,NODE_03,27.32649,88.60522,35.14,83.34,0.015,0.0001,2.8
2023-06-19 08:00:00,NODE_04,27.36949,88.5676,34.82,83.2,0.0065,0.0228,2.8
2023-06-19 08:00:00,NODE_05,27.35503,88.67429,34.62,83.0,-0.0033,-0.0115,2.8
2023-06-19 08:00:00,NODE_06,27.3375,88.61639,34.89,83.44,-0.007,0.0024,2.8
2023-06-19 08:00:00,NODE_07,27.35687,88.65051,34.67,83.57,-0.006,0.0117,2.8
2023-06-19 08:00:00,NODE_08,27.3729,88.65823,35.11,83.38,-0.0025,0.0041,2.8
2023-06-19 08:00:00,NODE_09,27.32405,88.62626,34.62,83.22,-0.0149,-0.0176,2.8
2023-06-19 08:00:00,NODE_10,27.28763,88.57017,35.33,84.06,0.0061,0.0204,2.8
2023-06-19 09:00:00,NODE_01,27.29535,88.6231,35.32,83.18,-0.0286,0.0053,2.8
2023-06-19 09:00:00,NODE_02,27.35987,88.66507,34.36,83.51,-0.0099,-0.0145,2.8
2023-06-19 09:00:00,NODE_03,27.32649,88.60522,35.73,83.47,0.0021,-0.0186,2.8
2023-06-19 09:00:00,NODE_04,27.36949,88.5676,34.4,82.97,0.0071,0.0141,2.8
2023-06-19 09:00:00,NODE_05,27.35503,88.67429,34.44,83.73,0.0011,-0.0005,2.8
2023-06-19 09:00:00,NODE_06,27.3375,88.61639,35.21,83.76,-0.0059,0.0052,2.8
2023-06-19 09:00:00,NODE_07,27.35687,88.65051,34.75,82.59,-0.0025,-0.0116,2.8
2023-06-19 09:00:00,NODE_08,27.3729,88.65823,34.56,83.13,0.0005,0.0103,2.8
2023-06-19 09:00:00,NODE_09,27.32405,88.62626,35.2,83.35,0.0012,-0.0073,2.8
2023-06-19 09:00:00,NODE_10,27.28763,88.57017,34.78,83.51,-0.0058,-0.0181,2.8
2023-06-19 10:00:00,NODE_01,27.29535,88.6231,35.16,83.02,0.003,0.0188,2.8
2023-06-19 10:00:00,NODE_02,27.35987,88.66507,34.75,82.97,0.0007,0.0057,2.8
2023-06-19 10:00:00,NODE_03,27.32649,88.60522,34.94,82.66,-0.0163,-0.003,2.8
2023-06-19 10:00:00,NODE_04,27.36949,88.5676,35.01,83.66,-0.0051,0.0019,2.8
2023-06-19 10:00:00,NODE_05,27.35503,88.67429,36.12,83.79,-0.0064,-0.0058,2.8
2023-06-19 10:00:00,NODE_06,27.3375,88.61639,34.79,82.91,-0.0084,-0.0259,2.8
2023-06-19 10:00:00,NODE_07,27.35687,88.65051,34.85,83.21,0.0104,-0.0064,2.8
2023-06-19 10:00:00,NODE_08,27.3729,88.65823,34.7,83.08,-0.0114,0.0083,2.8
2023-06-19 10:00:00,NODE_09,27.32405,88.62626,34.48,83.22,0.0073,-0.0132,2.8
2023-06-19 10:00:00,NODE_10,27.28763,88.57017,35.19,82.96,-0.0031,0.0053,2.8
2023-06-19 11:00:00,NODE_01,27.29535,88.6231,34.99,82.7,-0.0011,0.0079,2.8
2023-06-19 11:00:00,NODE_02,27.35987,88.66507,35.34,83.22,0.0017,0.0122,2.8
2023-06-19 11:00:00,NODE_03,27.32649,88.60522,34.59,83.11,0.002,-0.0139,2.8
2023-06-19 11:00:00,NODE_04,27.36949,88.5676,34.55,83.22,-0.0122,-0.0089,2.8
2023-06-19 11:00:00,NODE_05,27.35503,88.67429,35.35,83.12,-0.0049,-0.0123,2.8
2023-06-19 11:00:00,NODE_06,27.3375,88.61639,34.26,82.94,0.0025,-0.0174,2.8
2023-06-19 11:00:00,NODE_07,27.35687,88.65051,34.33,83.39,0.0073,-0.0214,2.8
2023-06-19 11:00:00,NODE_08,27.3729,88.65823,34.78,83.38,-0.0083,0.0032,2.8
2023-06-19 11:00:00,NODE_09,27.32405,88.62626,34.95,83.4,0.0129,-0.0088,2.8
2023-06-19 11:00:00,NODE_10,27.28763,88.57017,34.27,83.59,-0.0019,0.0157,2.8
2023-06-19 12:00:00,NODE_01,27.29535,88.6231,35.22,83.07,-0.0005,-0.0161,2.8
2023-06-19 12:00:00,NODE_02,27.35987,88.66507,34.76,82.61,0.0093,0.0008,2.8
2023-06-19 12:00:00,NODE_03,27.32649,88.60522,34.43,83.05,0.0204,0.0164,2.8
2023-06-19 12:00:00,NODE_04,27.36949,88.5676,35.34,83.22,-0.0197,0.0162,2.8
2023-06-19 12:00:00,NODE_05,27.35503,88.67429,35.15,83.4,0.0153,-0.0007,2.8
2023-06-19 12:00:00,NODE_06,27.3375,88.61639,35.38,83.07,-0.0016,-0.0026,2.8
2023-06-19 12:00:00,NODE_07,27.35687,88.65051,34.57,83.08,-0.0013,0.0015,2.8
2023-06-19 12:00:00,NODE_08,27.3729,88.65823,34.34,82.84,-0.0026,0.0023,2.8
2023-06-19 12:00:00,NODE_09,27.32405,88.62626,33.99,83.18,0.0121,0.002,2.8
2023-06-19 12:00:00,NODE_10,27.28763,88.57017,34.55,82.78,-0.0055,-0.0005,2.8
2023-06-19 13:00:00,NODE_01,27.29535,88.6231,35.05,82.97,0.0071,0.014,2.8
2023-06-19 13:00:00,NODE_02,27.35987,88.66507,34.13,82.48,0.0039,0.0055,2.8
2023-06-19 13:00:00,NODE_03,27.32649,88.60522,33.98,82.7,-0.0129,0.0217,2.8
2023-06-19 13:00:00,NODE_04,27.36949,88.5676,35.22,82.71,-0.0062,-0.0037,2.8
2023-06-19 13:00:00,NODE_05,27.35503,88.67429,34.2,82.85,-0.002,0.0173,2.8
2023-06-19 13:00:00,NODE_06,27.3375,88.61639,34.15,83.06,0.0005,0.0136,2.8
2023-06-19 13:00:00,NODE_07,27.35687,88.65051,34.75,82.81,-0.0114,0.0065,2.8
2023-06-19 13:00:00,NODE_08,27.3729,88.65823,34.1,83.24,-0.0114,-0.0004,2.8
2023-06-19 13:00:00,NODE_09,27.32405,88.62626,34.53,82.69,0.0086,0.0124,2.8
2023-06-19 13:00:00,NODE_10,27.28763,88.57017,33.94,82.82,-0.0007,0.0193,2.8
2023-06-19 14:00:00,NODE_01,27.29535,88.6231,34.17,82.72,-0.0007,-0.0034,2.8
2023-06-19 14:00:00,NODE_02,27.35987,88.66507,34.05,82.34,0.0046,0.0176,2.8
2023-06-19 14:00:00,NODE_03,27.32649,88.60522,34.55,82.77,0.0003,-0.0106,2.8
2023-06-19 14:00:00,NODE_04,27.36949,88.5676,35.12,82.86,0.0053,-0.0066,2.8
2023-06-19 14:00:00,NODE_05,27.35503,88.67429,34.33,83.17,-0.0036,-0.0085,2.8
2023-06-19 14:00:00,NODE_06,27.3375,88.61639,33.93,83.18,0.0235,0.0189,2.8
2023-06-19 14:00:00,NODE_07,27.35687,88.65051,33.77,82.73,-0.0107,-0.0256,2.8
2023-06-19 14:00:00,NODE_08,27.3729,88.65823,34.15,82.32,0.0071,0.0041,2.8
2023-06-19 14:00:00,NODE_09,27.32405,88.62626,33.7,82.79,-0.0083,-0.0156,2.8
2023-06-19 14:00:00,NODE_10,27.28763,88.57017,34.26,82.43,-0.0025,-0.0066,2.8
2023-06-19 15:00:00,NODE_01,27.29535,88.6231,34.44,82.77,-0.0114,0.0011,0.9
2023-06-19 15:00:00,NODE_02,27.35987,88.66507,34.06,82.34,0.0032,0.0195,0.9
2023-06-19 15:00:00,NODE_03,27.32649,88.60522,33.96,82.49,-0.0023,0.0026,0.9
2023-06-19 15:00:00,NODE_04,27.36949,88.5676,33.91,82.07,-0.0108,-0.0042,0.9
2023-06-19 15:00:00,NODE_05,27.35503,88.67429,33.96,82.39,-0.0018,-0.0013,0.9
2023-06-19 15:00:00,NODE_06,27.3375,88.61639,34.19,82.42,-0.0016,-0.0041,0.9
2023-06-19 15:00:00,NODE_07,27.35687,88.65051,34.41,82.68,0.0075,0.0019,0.9
2023-06-19 15:00:00,NODE_08,27.3729,88.65823,34.45,82.37,-0.0031,0.0203,0.9
2023-06-19 15:00:00,NODE_09,27.32405,88.62626,34.56,82.2,-0.0084,-0.0056,0.9
2023-06-19 15:00:00,NODE_10,27.28763,88.57017,33.88,82.57,-0.0071,0.0145,0.9
2023-06-19 16:00:00,NODE_01,27.29535,88.6231,34.0,82.34,-0.0014,-0.0128,0.9
2023-06-19 16:00:00,NODE_02,27.35987,88.66507,34.4,82.57,-0.0019,-0.0006,0.9
2023-06-19 16:00:00,NODE_03,27.32649,88.60522,34.69,82.08,0.001,-0.0096,0.9
2023-06-19 16:00:00,NODE_04,27.36949,88.5676,34.48,82.21,0.001,-0.0125,0.9
2023-06-19 16:00:00,NODE_05,27.35503,88.67429,33.73,81.64,0.0045,-0.0131,0.9
2023-06-19 16:00:00,NODE_06,27.3375,88.61639,34.75,82.05,0.006,-0.0017,0.9
2023-06-19 16:00:00,NODE_07,27.35687,88.65051,34.72,82.59,-0.0128,0.006,0.9
2023-06-19 16:00:00,NODE_08,27.3729,88.65823,34.19,81.99,-0.0145,-0.0024,0.9
2023-06-19 16:00:00,NODE_09,27.32405,88.62626,34.1,82.22,0.0079,-0.0175,0.9
2023-06-19 16:00:00,NODE_10,27.28763,88.57017,34.56,82.05,-0.0014,0.0121,0.9
2023-06-19 17:00:00,NODE_01,27.29535,88.6231,34.47,82.26,0.0007,0.0053,2.94
2023-06-19 17:00:00,NODE_02,27.35987,88.66507,34.99,82.28,-0.0072,-0.0053,2.94
2023-06-19 17:00:00,NODE_03,27.32649,88.60522,33.94,81.47,0.0019,-0.0031,2.94
2023-06-19 17:00:00,NODE_04,27.36949,88.5676,34.81,82.09,-0.0148,-0.0047,2.94
2023-06-19 17:00:00,NODE_05,27.35503,88.67429,34.22,82.13,-0.0103,-0.0146,2.94
2023-06-19 17:00:00,NODE_06,27.3375,88.61639,33.59,81.85,0.0072,-0.0084,2.94
2023-06-19 17:00:00,NODE_07,27.35687,88.65051,34.62,82.13,-0.0012,0.0055,2.94
2023-06-19 17:00:00,NODE_08,27.3729,88.65823,34.1,82.55,-0.0056,-0.0036,2.94
2023-06-19 17:00:00,NODE_09,27.32405,88.62626,34.26,81.78,0.0142,-0.0061,2.94
2023-06-19 17:00:00,NODE_10,27.28763,88.57017,34.63,81.88,0.0016,-0.0003,2.94
2023-06-19 18:00:00,NODE_01,27.29535,88.6231,34.31,82.05,0.0011,-0.0065,2.94
2023-06-19 18:00:00,NODE_02,27.35987,88.66507,34.98,82.09,0.0029,-0.0092,2.94
2023-06-19 18:00:00,NODE_03,27.32649,88.60522,34.6,81.91,0.0114,0.018,2.94
2023-06-19 18:00:00,NODE_04,27.36949,88.5676,34.86,82.27,-0.0023,-0.0023,2.94
2023-06-19 18:00:00,NODE_05,27.35503,88.67429,35.08,82.48,0.0043,-0.0079,2.94
2023-06-19 18:00:00,NODE_06,27.3375,88.61639,35.02,81.73,-0.0006,0.0063,2.94
2023-06-19 18:00:00,NODE_07,27.35687,88.65051,34.52,81.72,0.0268,-0.012,2.94
2023-06-19 18:00:00,NODE_08,27.3729,88.65823,34.29,81.8,0.001,-0.0044,2.94
2023-06-19 18:00:00,NODE_09,27.32405,88.62626,35.0,81.93,-0.0103,0.0007,2.94
2023-06-19 18:00:00,NODE_10,27.28763,88.57017,34.33,81.78,-0.011,-0.0149,2.94
2023-06-19 19:00:00,NODE_01,27.29535,88.6231,35.3,81.76,0.0016,0.001,2.94
2023-06-19 19:00:00,NODE_02,27.35987,88.66507,34.83,81.44,-0.0033,0.0098,2.94
2023-06-19 19:00:00,NODE_03,27.32649,88.60522,35.11,81.41,0.0008,-0.0047,2.94
2023-06-19 19:00:00,NODE_04,27.36949,88.5676,34.51,81.79,-0.0115,0.0073,2.94
2023-06-19 19:00:00,NODE_05,27.35503,88.67429,34.99,81.95,0.0026,-0.0045,2.94
2023-06-19 19:00:00,NODE_06,27.3375,88.61639,34.28,82.42,0.0027,0.0153,2.94
2023-06-19 19:00:00,NODE_07,27.35687,88.65051,34.38,80.95,0.0046,0.0077,2.94
2023-06-19 19:00:00,NODE_08,27.3729,88.65823,34.48,82.2,-0.0045,0.0039,2.94
2023-06-19 19:00:00,NODE_09,27.32405,88.62626,34.52,81.56,0.0129,0.0077,2.94
2023-06-19 19:00:00,NODE_10,27.28763,88.57017,35.09,81.5,0.0042,-0.01,2.94
2023-06-19 20:00:00,NODE_01,27.29535,88.6231,34.65,81.47,0.0104,-0.0028,2.94
2023-06-19 20:00:00,NODE_02,27.35987,88.66507,33.97,81.44,0.0169,-0.0137,2.94
2023-06-19 20:00:00,NODE_03,27.32649,88.60522,33.64,81.35,0.0128,-0.0029,2.94
2023-06-19 20:00:00,NODE_04,27.36949,88.5676,35.02,81.35,-0.0008,-0.0039,2.94
2023-06-19 20:00:00,NODE_05,27.35503,88.67429,34.12,81.46,-0.0179,-0.0041,2.94
2023-06-19 20:00:00,NODE_06,27.3375,88.61639,34.61,81.81,0.0002,0.0126,2.94
2023-06-19 20:00:00,NODE_07,27.35687,88.65051,34.84,81.78,0.0074,0.0001,2.94
2023-06-19 20:00:00,NODE_08,27.3729,88.65823,34.1,81.27,0.004,-0.0212,2.94
2023-06-19 20:00:00,NODE_09,27.32405,88.62626,34.55,81.84,-0.0192,-0.0212,2.94
2023-06-19 20:00:00,NODE_10,27.28763,88.57017,34.12,81.81,-0.0049,-0.0234,2.94
2023-06-19 21:00:00,NODE_01,27.29535,88.6231,34.27,82.13,-0.0109,0.0193,2.94
2023-06-19 21:00:00,NODE_02,27.35987,88.66507,33.83,81.52,0.0134,-0.0025,2.94
2023-06-19 21:00:00,NODE_03,27.32649,88.60522,35.17,81.51,-0.0012,-0.0094,2.94
2023-06-19 21:00:00,NODE_04,27.36949,88.5676,34.36,81.4,-0.005,-0.0127,2.94
2023-06-19 21:00:00,NODE_05,27.35503,88.67429,34.24,81.55,0.0179,-0.0023,2.94
2023-06-19 21:00:00,NODE_06,27.3375,88.61639,34.09,81.75,0.002,-0.0003,2.94
2023-06-19 21:00:00,NODE_07,27.35687,88.65051,33.89,81.48,-0.0106,0.0059,2.94
2023-06-19 21:00:00,NODE_08,27.3729,88.65823,34.08,81.67,0.0057,-0.0014,2.94
2023-06-19 21:00:00,NODE_09,27.32405,88.62626,34.28,81.46,0.0039,0.0055,2.94
2023-06-19 21:00:00,NODE_10,27.28763,88.57017,34.35,80.95,0.002,0.0059,2.94
2023-06-19 22:00:00,NODE_01,27.29535,88.6231,35.29,81.18,0.0018,0.0198,7.99
2023-06-19 22:00:00,NODE_02,27.35987,88.66507,35.02,81.1,0.0063,0.001,7.99
2023-06-19 22:00:00,NODE_03,27.32649,88.60522,34.64,81.63,-0.0035,0.0115,7.99
2023-06-19 22:00:00,NODE_04,27.36949,88.5676,34.86,80.74,-0.0119,-0.016,7.99
2023-06-19 22:00:00,NODE_05,27.35503,88.67429,35.11,81.59,0.0146,-0.0165,7.99
2023-06-19 22:00:00,NODE_06,27.3375,88.61639,35.61,81.19,-0.0059,-0.0084,7.99
2023-06-19 22:00:00,NODE_07,27.35687,88.65051,34.91,81.22,-0.0123,-0.0013,7.99
2023-06-19 22:00:00,NODE_08,27.3729,88.65823,35.07,81.09,0.024,0.0088,7.99
2023-06-19 22:00:00,NODE_09,27.32405,88.62626,35.01,81.24,-0.001,-0.0097,7.99
2023-06-19 22:00:00,NODE_10,27.28763,88.57017,34.56,81.16,-0.0067,0.0047,7.99
2023-06-19 23:00:00,NODE_01,27.29535,88.6231,34.38,80.97,0.0129,0.0005,7.99
2023-06-19 23:00:00,NODE_02,27.35987,88.66507,34.71,81.05,0.0038,-0.005,7.99
2023-06-19 23:00:00,NODE_03,27.32649,88.60522,35.31,81.06,-0.0067,-0.0326,7.99
2023-06-19 23:00:00,NODE_04,27.36949,88.5676,34.64,80.4,-0.0066,0.0021,7.99
2023-06-19 23:00:00,NODE_05,27.35503,88.67429,35.02,81.13,-0.008,-0.0063,7.99
2023-06-19 23:00:00,NODE_06,27.3375,88.61639,35.3,81.12,-0.0049,0.0001,7.99
2023-06-19 23:00:00,NODE_07,27.35687,88.65051,35.26,80.82,0.008,0.0038,7.99
2023-06-19 23:00:00,NODE_08,27.3729,88.65823,35.16,81.15,0.0115,-0.0053,7.99
2023-06-19 23:00:00,NODE_09,27.32405,88.62626,35.67,81.71,-0.002,-0.0122,7.99
2023-06-19 23:00:00,NODE_10,27.28763,88.57017,35.55,81.06,0.0105,0.0008,7.99
2023-06-20 00:00:00,NODE_01,27.29535,88.6231,34.88,81.17,-0.0173,0.0006,7.99
2023-06-20 00:00:00,NODE_02,27.35987,88.66507,35.6,81.12,-0.0009,0.0028,7.99
2023-06-20 00:00:00,NODE_03,27.32649,88.60522,35.92,81.11,-0.0182,-0.0044,7.99
2023-06-20 00:00:00,NODE_04,27.36949,88.5676,35.95,81.22,-0.0093,0.0007,7.99
2023-06-20 00:00:00,NODE_05,27.35503,88.67429,35.72,81.81,-0.0112,0.005,7.99
2023-06-20 00:00:00,NODE_06,27.3375,88.61639,35.4,81.2,0.0002,0.0138,7.99
2023-06-20 00:00:00,NODE_07,27.35687,88.65051,36.14,81.19,-0.0028,0.0111,7.99
2023-06-20 00:00:00,NODE_08,27.3729,88.65823,34.99,80.4,-0.0164,0.0019,7.99
2023-06-20 00:00:00,NODE_09,27.32405,88.62626,36.02,81.17,0.0003,0.0007,7.99
2023-06-20 00:00:00,NODE_10,27.28763,88.57017,35.95,80.87,0.0096,-0.0012,7.99
2023-06-20 01:00:00,NODE_01,27.29535,88.6231,35.85,80.98,0.0018,-0.0037,7.99
2023-06-20 01:00:00,NODE_02,27.35987,88.66507,35.65,80.76,-0.0126,0.0256,7.99
2023-06-20 01:00:00,NODE_03,27.32649,88.60522,35.82,80.4,0.0028,-0.0005,7.99
2023-06-20 01:00:00,NODE_04,27.36949,88.5676,35.42,80.74,-0.0131,-0.0055,7.99
2023-06-20 01:00:00,NODE_05,27.35503,88.67429,35.69,80.75,0.0023,-0.0136,7.99
2023-06-20 01:00:00,NODE_06,27.3375,88.61639,35.41,80.73,-0.0197,-0.004,7.99
2023-06-20 01:00:00,NODE_07,27.35687,88.65051,35.29,80.71,0.0117,-0.002,7.99
2023-06-20 01:00:00,NODE_08,27.3729,88.65823,35.94,80.75,-0.0036,0.0211,7.99
2023-06-20 01:00:00,NODE_09,27.32405,88.62626,35.34,80.83,-0.0085,0.0063,7.99
2023-06-20 01:00:00,NODE_10,27.28763,88.57017,36.05,81.08,-0.0105,0.0136,7.99
2023-06-20 02:00:00,NODE_01,27.29535,88.6231,35.39,80.37,-0.0059,0.0111,7.99
2023-06-20 02:00:00,NODE_02,27.35987,88.66507,34.91,80.81,-0.0022,-0.0012,7.99
2023-06-20 02:00:00,NODE_03,27.32649,88.60522,35.48,80.81,0.0205,-0.0066,7.99
2023-06-20 02:00:00,NODE_04,27.36949,88.5676,35.56,80.66,0.0108,-0.0047,7.99
2023-06-20 02:00:00,NODE_05,27.35503,88.67429,35.53,81.1,-0.0143,-0.0036,7.99
2023-06-20 02:00:00,NODE_06,27.3375,88.61639,35.41,80.69,0.015,-0.0182,7.99
2023-06-20 02:00:00,NODE_07,27.35687,88.65051,35.17,80.67,0.0014,0.0028,7.99
2023-06-20 02:00:00,NODE_08,27.3729,88.65823,35.54,80.22,-0.0027,0.0033,7.99
2023-06-20 02:00:00,NODE_09,27.32405,88.62626,35.85,80.67,0.0045,-0.001,7.99
2023-06-20 02:00:00,NODE_10,27.28763,88.57017,35.4,80.24,0.0052,0.003,7.99
2023-06-20 03:00:00,NODE_01,27.29535,88.6231,35.61,81.03,-0.0037,-0.0033,10.5
2023-06-20 03:00:00,NODE_02,27.35987,88.66507,35.1,81.11,0.001,-0.0044,10.5
2023-06-20 03:00:00,NODE_03,27.32649,88.60522,35.91,80.64,0.0046,0.0086,10.5
2023-06-20 03:00:00,NODE_04,27.36949,88.5676,35.6,80.9,-0.0036,0.0039,10.5
2023-06-20 03:00:00,NODE_05,27.35503,88.67429,35.61,80.94,0.0136,0.0029,10.5
2023-06-20 03:00:00,NODE_06,27.3375,88.61639,35.58,80.48,0.0216,-0.0036,10.5
2023-06-20 03:00:00,NODE_07,27.35687,88.65051,35.01,80.57,0.0356,0.0125,10.5
2023-06-20 03:00:00,NODE_08,27.3729,88.65823,34.95,80.52,0.0058,-0.0224,10.5
2023-06-20 03:00:00,NODE_09,27.32405,88.62626,35.14,80.4,0.0006,-0.0109,10.5
2023-06-20 03:00:00,NODE_10,27.28763,88.57017,34.32,80.77,0.0145,-0.0055,10.5
2023-06-20 04:00:00,NODE_01,27.29535,88.6231,35.11,80.56,-0.009,-0.0042,10.5
2023-06-20 04:00:00,NODE_02,27.35987,88.66507,35.6,80.49,0.0023,0.0102,10.5
2023-06-20 04:00:00,NODE_03,27.32649,88.60522,35.85,80.95,0.0069,0.012,10.5
2023-06-20 04:00:00,NODE_04,27.36949,88.5676,35.71,80.98,-0.022,0.0139,10.5
2023-06-20 04:00:00,NODE_05,27.35503,88.67429,35.38,80.41,-0.0047,-0.0078,10.5
2023-06-20 04:00:00,NODE_06,27.3375,88.61639,35.82,80.47,0.0017,-0.0028,10.5
2023-06-20 04:00:00,NODE_07,27.35687,88.65051,35.82,80.63,-0.0047,-0.0013,10.5
2023-06-20 04:00:00,NODE_08,27.3729,88.65823,35.5,79.9,-0.0093,-0.0141,10.5
2023-06-20 04:00:00,NODE_09,27.32405,88.62626,35.34,80.66,0.0094,-0.001,10.5
2023-06-20 04:00:00,NODE_10,27.28763,88.57017,35.47,80.14,-0.0095,0.0015,10.5
2023-06-20 05:00:00,NODE_01,27.29535,88.6231,35.76,80.17,-0.0017,0.0098,10.5
2023-06-20 05:00:00,NODE_02,27.35987,88.66507,35.98,80.81,0.0047,0.0024,10.5
2023-06-20 05:00:00,NODE_03,27.32649,88.60522,36.48,80.37,-0.0041,-0.0141,10.5
2023-06-20 05:00:00,NODE_04,27.36949,88.5676,35.76,80.65,-0.0062,-0.0078,10.5
2023-06-20 05:00:00,NODE_05,27.35503,88.67429,35.55,80.42,0.0162,0.0034,10.5
2023-06-20 05:00:00,NODE_06,27.3375,88.61639,35.77,80.54,0.0067,-0.0182,10.5
2023-06-20 05:00:00,NODE_07,27.35687,88.65051,35.6,80.07,0.0039,-0.0113,10.5
2023-06-20 05:00:00,NODE_08,27.3729,88.65823,35.46,80.24,-0.0053,-0.0025,10.5
2023-06-20 05:00:00,NODE_09,27.32405,88.62626,35.72,80.69,0.0159,-0.0073,10.5
2023-06-20 05:00:00,NODE_10,27.28763,88.57017,36.4,80.29,-0.0087,0.0205,10.5
2023-06-20 06:00:00,NODE_01,27.29535,88.6231,36.41,80.79,0.0184,-0.0054,10.5
2023-06-20 06:00:00,NODE_02,27.35987,88.66507,36.04,80.55,0.0092,0.0144,10.5
2023-06-20 06:00:00,NODE_03,27.32649,88.60522,35.82,80.4,-0.0024,0.0209,10.5
2023-06-20 06:00:00,NODE_04,27.36949,88.5676,35.93,81.0,0.0091,0.0009,10.5
2023-06-20 06:00:00,NODE_05,27.35503,88.67429,35.16,80.77,-0.0082,-0.0152,10.5
2023-06-20 06:00:00,NODE_06,27.3375,88.61639,35.06,80.19,0.0108,0.0023,10.5
2023-06-20 06:00:00,NODE_07,27.35687,88.65051,35.27,80.5,-0.0079,0.0068,10.5
2023-06-20 06:00:00,NODE_08,27.3729,88.65823,35.88,80.53,-0.0124,-0.008,10.5
2023-06-20 06:00:00,NODE_09,27.32405,88.62626,36.03,79.94,0.0013,0.006,10.5
2023-06-20 06:00:00,NODE_10,27.28763,88.57017,35.48,79.96,0.0074,0.0062,10.5
2023-06-20 07:00:00,NODE_01,27.29535,88.6231,35.78,80.55,-0.0126,-0.0004,10.5
2023-06-20 07:00:00,NODE_02,27.35987,88.66507,35.7,79.87,-0.0069,0.0016,10.5
2023-06-20 07:00:00,NODE_03,27.32649,88.60522,36.24,80.74,0.0098,-0.0142,10.5
2023-06-20 07:00:00,NODE_04,27.36949,88.5676,35.37,80.5,-0.0076,0.0096,10.5
2023-06-20 07:00:00,NODE_05,27.35503,88.67429,34.83,80.42,-0.0011,0.0089,10.5
2023-06-20 07:00:00,NODE_06,27.3375,88.61639,35.32,80.45,-0.0132,0.0051,10.5
2023-06-20 07:00:00,NODE_07,27.35687,88.65051,35.15,80.03,0.0113,0.0143,10.5
2023-06-20 07:00:00,NODE_08,27.3729,88.65823,35.3,80.29,-0.006,0.001,10.5
2023-06-20 07:00:00,NODE_09,27.32405,88.62626,34.99,80.03,-0.0082,0.0108,10.5
2023-06-20 07:00:00,NODE_10,27.28763,88.57017,34.69,80.17,-0.0131,-0.0039,10.5
2023-06-20 08:00:00,NODE_01,27.29535,88.6231,35.36,79.92,-0.0117,-0.0158,10.5
2023-06-20 08:00:00,NODE_02,27.35987,88.66507,35.33,79.91,-0.0068,-0.0025,10.5
2023-06-20 08:00:00,NODE_03,27.32649,88.60522,35.66,80.34,0.0201,0.0129,10.5
2023-06-20 08:00:00,NODE_04,27.36949,88.5676,34.71,80.37,0.015,-0.0078,10.5
2023-06-20 08:00:00,NODE_05,27.35503,88.67429,35.25,80.39,0.0127,0.0037,10.5
2023-06-20 08:00:00,NODE_06,27.3375,88.61639,35.54,80.37,0.0093,0.0186,10.5
2023-06-20 08:00:00,NODE_07,27.35687,88.65051,35.51,79.96,0.0054,0.0129,10.5
2023-06-20 08:00:00,NODE_08,27.3729,88.65823,35.27,79.67,-0.0056,-0.0029,10.5
2023-06-20 08:00:00,NODE_09,27.32405,88.62626,35.65,80.2,-0.0114,0.0101,10.5
2023-06-20 08:00:00,NODE_10,27.28763,88.57017,35.48,80.01,-0.0078,-0.0004,10.5
2023-06-20 09:00:00,NODE_01,27.29535,88.6231,34.97,80.76,-0.013,0.007,10.5
2023-06-20 09:00:00,NODE_02,27.35987,88.66507,34.84,79.92,0.0145,-0.0178,10.5
2023-06-20 09:00:00,NODE_03,27.32649,88.60522,34.42,79.97,0.0149,0.0015,10.5
2023-06-20 09:00:00,NODE_04,27.36949,88.5676,35.37,80.27,-0.0086,-0.0002,10.5
2023-06-20 09:00:00,NODE_05,27.35503,88.67429,35.47,79.71,-0.0032,0.0006,10.5
2023-06-20 09:00:00,NODE_06,27.3375,88.61639,34.87,80.15,-0.0043,-0.0133,10.5
2023-06-20 09:00:00,NODE_07,27.35687,88.65051,34.7,80.35,-0.0086,0.0071,10.5
2023-06-20 09:00:00,NODE_08,27.3729,88.65823,35.07,79.4,-0.0031,0.0117,10.5
2023-06-20 09:00:00,NODE_09,27.32405,88.62626,35.12,79.95,0.017,-0.0002,10.5
2023-06-20 09:00:00,NODE_10,27.28763,88.57017,35.35,80.6,-0.0101,0.0046,10.5
2023-06-20 10:00:00,NODE_01,27.29535,88.6231,34.83,80.35,0.0173,0.0194,10.5
2023-06-20 10:00:00,NODE_02,27.35987,88.66507,34.56,79.83,0.0077,-0.0162,10.5
2023-06-20 10:00:00,NODE_03,27.32649,88.60522,36.03,81.01,0.0081,-0.005,10.5
2023-06-20 10:00:00,NODE_04,27.36949,88.5676,34.67,79.73,0.005,-0.0004,10.5
2023-06-20 10:00:00,NODE_05,27.35503,88.67429,34.44,80.3,0.0027,0.0112,10.5
2023-06-20 10:00:00,NODE_06,27.3375,88.61639,35.26,79.87,0.0229,0.0073,10.5
2023-06-20 10:00:00,NODE_07,27.35687,88.65051,34.58,79.69,-0.0022,-0.0234,10.5
2023-06-20 10:00:00,NODE_08,27.3729,88.65823,34.4,80.03,-0.0119,-0.0109,10.5
2023-06-20 10:00:00,NODE_09,27.32405,88.62626,34.82,80.21,0.0157,0.0112,10.5
2023-06-20 10:00:00,NODE_10,27.28763,88.57017,34.7,80.1,0.0075,-0.0042,10.5
2023-06-20 11:00:00,NODE_01,27.29535,88.6231,33.99,80.06,-0.0046,0.0072,10.5
2023-06-20 11:00:00,NODE_02,27.35987,88.66507,34.64,79.97,-0.0039,-0.0184,10.5
2023-06-20 11:00:00,NODE_03,27.32649,88.60522,34.61,79.85,0.0004,-0.0041,10.5
2023-06-20 11:00:00,NODE_04,27.36949,88.5676,34.31,80.3,0.0104,-0.0131,10.5
2023-06-20 11:00:00,NODE_05,27.35503,88.67429,34.95,80.08,0.0109,-0.0033,10.5
2023-06-20 11:00:00,NODE_06,27.3375,88.61639,34.85,80.06,-0.0019,0.0097,10.5
2023-06-20 11:00:00,NODE_07,27.35687,88.65051,35.2,80.16,0.0147,-0.0064,10.5
2023-06-20 11:00:00,NODE_08,27.3729,88.65823,35.4,80.27,0.0098,-0.0021,10.5
2023-06-20 11:00:00,NODE_09,27.32405,88.62626,35.28,80.17,0.0089,-0.0102,10.5
2023-06-20 11:00:00,NODE_10,27.28763,88.57017,34.74,80.07,-0.0069,-0.0051,10.5
2023-06-20 12:00:00,NODE_01,27.29535,88.6231,34.99,80.44,-0.0003,0.0146,12.15
2023-06-20 12:00:00,NODE_02,27.35987,88.66507,35.05,80.08,-0.0011,0.0038,12.15
2023-06-20 12:00:00,NODE_03,27.32649,88.60522,35.48,80.07,0.0021,-0.0003,12.15
2023-06-20 12:00:00,NODE_04,27.36949,88.5676,34.48,79.17,0.0045,0.0017,12.15
2023-06-20 12:00:00,NODE_05,27.35503,88.67429,35.2,79.88,-0.0056,-0.0062,12.15
2023-06-20 12:00:00,NODE_06,27.3375,88.61639,34.8,79.78,0.0091,0.0052,12.15
2023-06-20 12:00:00,NODE_07,27.35687,88.65051,34.82,79.82,0.0135,-0.0058,12.15
2023-06-20 12:00:00,NODE_08,27.3729,88.65823,35.15,79.42,0.0047,0.0022,12.15
2023-06-20 12:00:00,NODE_09,27.32405,88.62626,34.56,79.98,0.0006,0.0178,12.15
2023-06-20 12:00:00,NODE_10,27.28763,88.57017,34.55,79.5,-0.0028,-0.0001,12.15
2023-06-20 13:00:00,NODE_01,27.29535,88.6231,35.51,79.91,-0.004,-0.0085,14.24
2023-06-20 13:00:00,NODE_02,27.35987,88.66507,35.31,80.17,-0.001,-0.0136,14.24
2023-06-20 13:00:00,NODE_03,27.32649,88.60522,35.18,80.11,-0.0075,0.0021,14.24
2023-06-20 13:00:00,NODE_04,27.36949,88.5676,35.29,79.62,-0.0137,0.0003,14.24
2023-06-20 13:00:00,NODE_05,27.35503,88.67429,34.44,79.91,-0.0126,0.0137,14.24
2023-06-20 13:00:00,NODE_06,27.3375,88.61639,35.65,79.86,-0.0018,-0.0101,14.24
2023-06-20 13:00:00,NODE_07,27.35687,88.65051,35.56,79.21,-0.0131,0.0004,14.24
2023-06-20 13:00:00,NODE_08,27.3729,88.65823,34.88,80.24,-0.0145,0.0034,14.24
2023-06-20 13:00:00,NODE_09,27.32405,88.62626,36.09,80.09,0.0082,-0.0103,14.24
2023-06-20 13:00:00,NODE_10,27.28763,88.57017,35.38,79.96,-0.0075,0.0152,14.24
2023-06-20 14:00:00,NODE_01,27.29535,88.6231,35.65,79.75,-0.0094,0.0024,21.32
2023-06-20 14:00:00,NODE_02,27.35987,88.66507,35.44,79.79,0.0003,0.0126,21.32
2023-06-20 14:00:00,NODE_03,27.32649,88.60522,36.71,80.01,-0.0145,-0.0092,21.32
2023-06-20 14:00:00,NODE_04,27.36949,88.5676,36.25,79.71,-0.0094,0.0056,21.32
2023-06-20 14:00:00,NODE_05,27.35503,88.67429,36.18,79.59,-0.0146,0.0184,21.32
2023-06-20 14:00:00,NODE_06,27.3375,88.61639,35.59,80.08,0.022,-0.0106,21.32
2023-06-20 14:00:00,NODE_07,27.35687,88.65051,36.14,80.03,-0.0037,0.0169,21.32
2023-06-20 14:00:00,NODE_08,27.3729,88.65823,36.36,79.53,0.0003,0.0015,21.32
2023-06-20 14:00:00,NODE_09,27.32405,88.62626,36.21,79.68,0.013,-0.0203,21.32
2023-06-20 14:00:00,NODE_10,27.28763,88.57017,36.31,80.14,0.0115,0.0079,21.32
2023-06-20 15:00:00,NODE_01,27.29535,88.6231,37.86,79.5,-0.0024,-0.0094,28.48
2023-06-20 15:00:00,NODE_02,27.35987,88.66507,37.81,79.5,0.0047,0.0003,28.48
2023-06-20 15:00:00,NODE_03,27.32649,88.60522,37.85,79.83,-0.0113,-0.0023,28.48
2023-06-20 15:00:00,NODE_04,27.36949,88.5676,37.27,79.39,0.0117,-0.0119,28.48
2023-06-20 15:00:00,NODE_05,27.35503,88.67429,38.78,79.48,0.0058,-0.0069,28.48
2023-06-20 15:00:00,NODE_06,27.3375,88.61639,37.85,79.32,-0.0051,0.001,28.48
2023-06-20 15:00:00,NODE_07,27.35687,88.65051,38.12,79.66,0.0192,-0.0108,28.48
2023-06-20 15:00:00,NODE_08,27.3729,88.65823,38.51,78.9,-0.0157,-0.0241,28.48
2023-06-20 15:00:00,NODE_09,27.32405,88.62626,38.18,79.79,-0.0062,0.0137,28.48
2023-06-20 15:00:00,NODE_10,27.28763,88.57017,37.66,79.85,-0.0086,-0.0041,28.48
2023-06-20 16:00:00,NODE_01,27.29535,88.6231,40.32,79.86,0.0246,-0.0023,37.8
2023-06-20 16:00:00,NODE_02,27.35987,88.66507,41.26,79.01,0.0253,-0.0024,37.8
2023-06-20 16:00:00,NODE_03,27.32649,88.60522,41.03,79.84,0.0005,-0.0077,37.8
2023-06-20 16:00:00,NODE_04,27.36949,88.5676,40.63,79.48,-0.008,0.0001,37.8
2023-06-20 16:00:00,NODE_05,27.35503,88.67429,41.0,79.59,0.0039,-0.0011,37.8
2023-06-20 16:00:00,NODE_06,27.3375,88.61639,41.27,80.36,0.0117,0.0009,37.8
2023-06-20 16:00:00,NODE_07,27.35687,88.65051,40.84,79.7,-0.0007,0.0224,37.8
2023-06-20 16:00:00,NODE_08,27.3729,88.65823,40.8,79.04,0.0134,0.0008,37.8
2023-06-20 16:00:00,NODE_09,27.32405,88.62626,41.4,79.53,0.0003,-0.0071,37.8
2023-06-20 16:00:00,NODE_10,27.28763,88.57017,40.78,79.2,-0.0141,0.0087,37.8
2023-06-20 17:00:00,NODE_01,27.29535,88.6231,43.85,79.92,0.0139,0.0077,50.03
2023-06-20 17:00:00,NODE_02,27.35987,88.66507,44.27,79.76,0.0019,-0.0084,50.03
2023-06-20 17:00:00,NODE_03,27.32649,88.60522,44.14,79.93,-0.0029,-0.0122,50.03
2023-06-20 17:00:00,NODE_04,27.36949,88.5676,44.7,80.27,0.0098,0.0138,50.03
2023-06-20 17:00:00,NODE_05,27.35503,88.67429,43.49,79.63,0.0106,0.0105,50.03
2023-06-20 17:00:00,NODE_06,27.3375,88.61639,44.97,79.79,0.0063,-0.0056,50.03
2023-06-20 17:00:00,NODE_07,27.35687,88.65051,44.79,80.0,0.0028,-0.0038,50.03
2023-06-20 17:00:00,NODE_08,27.3729,88.65823,44.86,79.86,0.0161,-0.0015,50.03
2023-06-20 17:00:00,NODE_09,27.32405,88.62626,44.31,80.02,-0.0111,0.0012,50.03
2023-06-20 17:00:00,NODE_10,27.28763,88.57017,43.94,79.55,-0.0145,0.0001,50.03
2023-06-20 18:00:00,NODE_01,27.29535,88.6231,48.75,80.0,-0.0085,0.001,67.38
2023-06-20 18:00:00,NODE_02,27.35987,88.66507,48.16,79.97,0.0066,0.0062,67.38
2023-06-20 18:00:00,NODE_03,27.32649,88.60522,49.36,79.91,-0.0147,-0.0082,67.38
2023-06-20 18:00:00,NODE_04,27.36949,88.5676,48.54,80.28,-0.0043,0.0208,67.38
2023-06-20 18:00:00,NODE_05,27.35503,88.67429,48.99,80.65,-0.0027,-0.0008,67.38
2023-06-20 18:00:00,NODE_06,27.3375,88.61639,49.64,80.19,0.004,0.0129,67.38
2023-06-20 18:00:00,NODE_07,27.35687,88.65051,49.25,80.4,0.0113,-0.0077,67.38
2023-06-20 18:00:00,NODE_08,27.3729,88.65823,49.89,79.93,-0.0006,0.0086,67.38
2023-06-20 18:00:00,NODE_09,27.32405,88.62626,49.2,80.22,-0.0013,-0.0103,67.38
2023-06-20 18:00:00,NODE_10,27.28763,88.57017,49.31,79.96,0.0069,0.0034,67.38
2023-06-20 19:00:00,NODE_01,27.29535,88.6231,53.28,80.16,0.0065,-0.0141,85.0
2023-06-20 19:00:00,NODE_02,27.35987,88.66507,55.06,80.44,-0.0169,-0.008,85.0
2023-06-20 19:00:00,NODE_03,27.32649,88.60522,54.29,81.32,-0.0004,-0.0115,85.0
2023-06-20 19:00:00,NODE_04,27.36949,88.5676,54.05,80.16,0.0014,0.0128,85.0
2023-06-20 19:00:00,NODE_05,27.35503,88.67429,53.82,80.69,-0.0143,0.0059,85.0
2023-06-20 19:00:00,NODE_06,27.3375,88.61639,54.14,80.27,0.0023,-0.004,85.0
2023-06-20 19:00:00,NODE_07,27.35687,88.65051,54.58,80.45,-0.0123,0.0085,85.0
2023-06-20 19:00:00,NODE_08,27.3729,88.65823,54.06,80.78,-0.0085,0.0072,85.0
2023-06-20 19:00:00,NODE_09,27.32405,88.62626,53.33,80.26,0.0154,0.0236,85.0
2023-06-20 19:00:00,NODE_10,27.28763,88.57017,54.47,80.18,0.0077,0.0025,85.0
2023-06-20 20:00:00,NODE_01,27.29535,88.6231,60.62,81.07,-0.0083,-0.0132,107.42
2023-06-20 20:00:00,NODE_02,27.35987,88.66507,60.36,81.68,-0.0048,-0.0099,107.42
2023-06-20 20:00:00,NODE_03,27.32649,88.60522,60.75,81.27,-0.0032,-0.0042,107.42
2023-06-20 20:00:00,NODE_04,27.36949,88.5676,60.79,80.87,-0.0139,-0.0118,107.42
2023-06-20 20:00:00,NODE_05,27.35503,88.67429,60.65,80.79,-0.0235,0.0078,107.42
2023-06-20 20:00:00,NODE_06,27.3375,88.61639,60.56,81.52,-0.0067,-0.0189,107.42
2023-06-20 20:00:00,NODE_07,27.35687,88.65051,60.12,81.24,-0.0084,0.0092,107.42
2023-06-20 20:00:00,NODE_08,27.3729,88.65823,60.14,80.65,-0.0066,0.0024,107.42
2023-06-20 20:00:00,NODE_09,27.32405,88.62626,60.2,81.22,0.0108,0.0182,107.42
2023-06-20 20:00:00,NODE_10,27.28763,88.57017,60.33,81.77,0.0125,-0.0211,107.42
2023-06-20 21:00:00,NODE_01,27.29535,88.6231,68.09,81.94,-0.0178,-0.0138,135.47
2023-06-20 21:00:00,NODE_02,27.35987,88.66507,67.94,82.37,0.0123,0.0119,135.47
2023-06-20 21:00:00,NODE_03,27.32649,88.60522,66.92,82.45,-0.0117,0.0043,135.47
2023-06-20 21:00:00,NODE_04,27.36949,88.5676,68.11,81.58,-0.0061,0.0045,135.47
2023-06-20 21:00:00,NODE_05,27.35503,88.67429,67.51,82.62,0.0287,-0.0056,135.47
2023-06-20 21:00:00,NODE_06,27.3375,88.61639,68.11,82.1,-0.0259,-0.0022,135.47
2023-06-20 21:00:00,NODE_07,27.35687,88.65051,67.39,82.12,-0.0022,0.0065,135.47
2023-06-20 21:00:00,NODE_08,27.3729,88.65823,67.39,82.0,-0.0045,0.0031,135.47
2023-06-20 21:00:00,NODE_09,27.32405,88.62626,67.95,82.2,0.0014,0.0155,135.47
2023-06-20 21:00:00,NODE_10,27.28763,88.57017,67.82,81.81,-0.0126,-0.0305,135.47
2023-06-20 22:00:00,NODE_01,27.29535,88.6231,75.3,82.82,0.0102,0.0049,150.67
2023-06-20 22:00:00,NODE_02,27.35987,88.66507,75.56,83.5,0.004,0.0035,150.67
2023-06-20 22:00:00,NODE_03,27.32649,88.60522,75.36,83.44,-0.0037,0.0012,150.67
2023-06-20 22:00:00,NODE_04,27.36949,88.5676,75.8,83.45,-0.0088,-0.0048,150.67
2023-06-20 22:00:00,NODE_05,27.35503,88.67429,75.37,83.14,0.0053,0.0042,150.67
2023-06-20 22:00:00,NODE_06,27.3375,88.61639,75.91,83.31,0.0107,0.0048,150.67
2023-06-20 22:00:00,NODE_07,27.35687,88.65051,75.7,83.18,0.013,-0.0077,150.67
2023-06-20 22:00:00,NODE_08,27.3729,88.65823,74.51,83.23,-0.0011,0.0135,150.67
2023-06-20 22:00:00,NODE_09,27.32405,88.62626,75.83,83.56,-0.0269,0.0009,150.67
2023-06-20 22:00:00,NODE_10,27.28763,88.57017,75.8,83.22,-0.0023,0.0023,150.67
2023-06-20 23:00:00,NODE_01,27.29535,88.6231,82.52,84.4,0.0116,0.0206,178.43
2023-06-20 23:00:00,NODE_02,27.35987,88.66507,83.37,84.62,-0.0439,-0.0023,178.43
2023-06-20 23:00:00,NODE_03,27.32649,88.60522,83.68,85.06,-0.0032,0.0197,178.43
2023-06-20 23:00:00,NODE_04,27.36949,88.5676,82.4,84.8,0.0023,0.0028,178.43
2023-06-20 23:00:00,NODE_05,27.35503,88.67429,83.3,84.91,0.0014,-0.0001,178.43
2023-06-20 23:00:00,NODE_06,27.3375,88.61639,83.64,84.91,-0.0049,0.0034,178.43
2023-06-20 23:00:00,NODE_07,27.35687,88.65051,84.06,84.45,0.0112,0.005,178.43
2023-06-20 23:00:00,NODE_08,27.3729,88.65823,84.01,84.82,0.0137,0.0115,178.43
2023-06-20 23:00:00,NODE_09,27.32405,88.62626,83.82,85.2,-0.0066,0.0098,178.43
2023-06-20 23:00:00,NODE_10,27.28763,88.57017,83.44,84.7,0.0243,-0.0085,178.43
2023-06-21 00:00:00,NODE_01,27.29535,88.6231,89.53,87.01,0.0105,0.0136,192.94
2023-06-21 00:00:00,NODE_02,27.35987,88.66507,89.64,86.77,0.0067,0.0064,192.94
2023-06-21 00:00:00,NODE_03,27.32649,88.60522,90.02,87.04,-0.0062,-0.0221,192.94
2023-06-21 00:00:00,NODE_04,27.36949,88.5676,90.62,86.31,0.0009,-0.0077,192.94
2023-06-21 00:00:00,NODE_05,27.35503,88.67429,89.93,87.18,0.0028,-0.0122,192.94
2023-06-21 00:00:00,NODE_06,27.3375,88.61639,90.3,87.02,0.0117,0.0033,192.94
2023-06-21 00:00:00,NODE_07,27.35687,88.65051,90.39,87.02,0.0082,-0.0103,192.94
2023-06-21 00:00:00,NODE_08,27.3729,88.65823,89.79,86.75,0.0096,0.0028,192.94
2023-06-21 00:00:00,NODE_09,27.32405,88.62626,90.2,86.9,0.0061,0.0021,192.94
2023-06-21 00:00:00,NODE_10,27.28763,88.57017,90.23,86.98,-0.003,-0.0164,192.94
2023-06-21 01:00:00,NODE_01,27.29535,88.6231,95.49,88.44,-0.0047,-0.019,223.18
2023-06-21 01:00:00,NODE_02,27.35987,88.66507,95.85,89.29,0.0192,0.0001,223.18
2023-06-21 01:00:00,NODE_03,27.32649,88.60522,95.38,89.09,0.0093,0.0047,223.18
2023-06-21 01:00:00,NODE_04,27.36949,88.5676,95.25,89.32,0.0046,-0.0171,223.18
2023-06-21 01:00:00,NODE_05,27.35503,88.67429,94.77,88.7,-0.0143,-0.0099,223.18
2023-06-21 01:00:00,NODE_06,27.3375,88.61639,95.18,89.63,0.0035,0.0149,223.18
2023-06-21 01:00:00,NODE_07,27.35687,88.65051,95.01,89.75,-0.0004,-0.008,223.18
2023-06-21 01:00:00,NODE_08,27.3729,88.65823,95.35,89.13,0.0097,0.0215,223.18
2023-06-21 01:00:00,NODE_09,27.32405,88.62626,95.42,89.74,0.008,0.0164,223.18
2023-06-21 01:00:00,NODE_10,27.28763,88.57017,95.59,89.71,-0.0056,-0.0082,223.18
2023-06-21 02:00:00,NODE_01,27.29535,88.6231,93.89,91.94,-0.0017,0.0142,248.45
2023-06-21 02:00:00,NODE_02,27.35987,88.66507,95.4,91.78,-0.02,0.0038,248.45
2023-06-21 02:00:00,NODE_03,27.32649,88.60522,94.85,92.18,-0.019,0.0001,248.45
2023-06-21 02:00:00,NODE_04,27.36949,88.5676,95.98,92.11,-0.0049,-0.0034,248.45
2023-06-21 02:00:00,NODE_05,27.35503,88.67429,94.91,91.89,-0.0079,-0.0065,248.45
2023-06-21 02:00:00,NODE_06,27.3375,88.61639,95.21,92.24,0.012,-0.0111,248.45
2023-06-21 02:00:00,NODE_07,27.35687,88.65051,95.29,92.21,0.0123,-0.0009,248.45
2023-06-21 02:00:00,NODE_08,27.3729,88.65823,95.43,91.98,0.0017,-0.0063,248.45
2023-06-21 02:00:00,NODE_09,27.32405,88.62626,95.19,92.36,0.0156,0.0037,248.45
2023-06-21 02:00:00,NODE_10,27.28763,88.57017,94.8,92.03,-0.0002,0.0092,248.45
2023-06-21 03:00:00,NODE_01,27.29535,88.6231,94.86,94.62,0.0075,0.0094,269.1
2023-06-21 03:00:00,NODE_02,27.35987,88.66507,95.33,95.07,0.0152,-0.0082,269.1
2023-06-21 03:00:00,NODE_03,27.32649,88.60522,95.02,95.0,-0.0199,0.0082,269.1
2023-06-21 03:00:00,NODE_04,27.36949,88.5676,94.69,95.18,-0.0093,0.0072,269.1
2023-06-21 03:00:00,NODE_05,27.35503,88.67429,94.53,94.68,0.0174,0.0093,269.1
2023-06-21 03:00:00,NODE_06,27.3375,88.61639,94.63,95.09,0.008,-0.0042,269.1
2023-06-21 03:00:00,NODE_07,27.35687,88.65051,95.3,94.63,-0.0005,-0.0082,269.1
2023-06-21 03:00:00,NODE_08,27.3729,88.65823,94.57,94.91,-0.0115,-0.0119,269.1
2023-06-21 03:00:00,NODE_09,27.32405,88.62626,94.14,94.89,0.0228,0.0262,269.1
2023-06-21 03:00:00,NODE_10,27.28763,88.57017,95.66,94.84,0.0053,0.0036,269.1
2023-06-21 04:00:00,NODE_01,27.29535,88.6231,94.53,98.16,0.0039,-0.0155,285.89
2023-06-21 04:00:00,NODE_02,27.35987,88.66507,95.23,98.08,-0.0277,0.0207,285.89
2023-06-21 04:00:00,NODE_03,27.32649,88.60522,95.47,98.52,0.0,0.0072,285.89
2023-06-21 04:00:00,NODE_04,27.36949,88.5676,94.29,97.9,0.0018,0.0029,285.89
2023-06-21 04:00:00,NODE_05,27.35503,88.67429,95.2,97.94,0.0066,0.0096,285.89
2023-06-21 04:00:00,NODE_06,27.3375,88.61639,94.87,97.92,-0.0246,0.0155,285.89
2023-06-21 04:00:00,NODE_07,27.35687,88.65051,95.06,98.33,0.0068,0.0105,285.89
2023-06-21 04:00:00,NODE_08,27.3729,88.65823,94.63,97.94,-0.0077,-0.0001,285.89
2023-06-21 04:00:00,NODE_09,27.32405,88.62626,95.58,97.8,0.0201,0.0083,285.89
2023-06-21 04:00:00,NODE_10,27.28763,88.57017,95.54,97.64,0.0051,0.0077,285.89
2023-06-21 05:00:00,NODE_01,27.29535,88.6231,95.32,100.0,-0.0039,-0.003,319.75
2023-06-21 05:00:00,NODE_02,27.35987,88.66507,94.6,100.0,0.0094,-0.0058,319.75
2023-06-21 05:00:00,NODE_03,27.32649,88.60522,94.09,100.0,0.001,-0.0016,319.75
2023-06-21 05:00:00,NODE_04,27.36949,88.5676,95.0,100.0,-0.0103,0.004,319.75
2023-06-21 05:00:00,NODE_05,27.35503,88.67429,95.07,100.0,-0.0076,0.0075,319.75
2023-06-21 05:00:00,NODE_06,27.3375,88.61639,94.79,100.0,0.0061,-0.0197,319.75
2023-06-21 05:00:00,NODE_07,27.35687,88.65051,95.08,100.0,0.0101,-0.0058,319.75
2023-06-21 05:00:00,NODE_08,27.3729,88.65823,95.7,100.0,0.0006,-0.0037,319.75
2023-06-21 05:00:00,NODE_09,27.32405,88.62626,94.66,100.0,0.0305,0.0121,319.75
2023-06-21 05:00:00,NODE_10,27.28763,88.57017,95.1,100.0,-0.0061,0.0045,319.75
2023-06-21 06:00:00,NODE_01,27.29535,88.6231,94.73,100.0,-0.0162,0.011,341.52
2023-06-21 06:00:00,NODE_02,27.35987,88.66507,95.51,100.0,-0.0001,0.0156,341.52
2023-06-21 06:00:00,NODE_03,27.32649,88.60522,95.24,100.0,0.004,0.0017,341.52
2023-06-21 06:00:00,NODE_04,27.36949,88.5676,94.89,100.0,0.0108,0.0022,341.52
2023-06-21 06:00:00,NODE_05,27.35503,88.67429,94.35,100.0,-0.0123,0.0044,341.52
2023-06-21 06:00:00,NODE_06,27.3375,88.61639,94.52,100.0,-0.0034,-0.0005,341.52
2023-06-21 06:00:00,NODE_07,27.35687,88.65051,95.04,100.0,0.018,-0.0022,341.52
2023-06-21 06:00:00,NODE_08,27.3729,88.65823,94.97,100.0,-0.012,-0.0247,341.52
2023-06-21 06:00:00,NODE_09,27.32405,88.62626,95.13,100.0,0.0342,0.0134,341.52
2023-06-21 06:00:00,NODE_10,27.28763,88.57017,94.82,100.0,-0.0059,-0.0092,341.52
2023-06-21 07:00:00,NODE_01,27.29535,88.6231,95.16,100.0,0.0011,0.0055,367.7
2023-06-21 07:00:00,NODE_02,27.35987,88.66507,94.66,100.0,-0.0235,-0.0019,367.7
2023-06-21 07:00:00,NODE_03,27.32649,88.60522,94.87,100.0,-0.0054,-0.0074,367.7
2023-06-21 07:00:00,NODE_04,27.36949,88.5676,95.26,100.0,-0.0011,0.004,367.7
2023-06-21 07:00:00,NODE_05,27.35503,88.67429,95.4,100.0,-0.0052,0.0041,367.7
2023-06-21 07:00:00,NODE_06,27.3375,88.61639,94.34,100.0,0.0117,0.0123,367.7
2023-06-21 07:00:00,NODE_07,27.35687,88.65051,94.68,100.0,0.0004,-0.0088,367.7
2023-06-21 07:00:00,NODE_08,27.3729,88.65823,94.74,100.0,0.003,-0.0065,367.7
2023-06-21 07:00:00,NODE_09,27.32405,88.62626,95.07,100.0,0.0337,0.0226,367.7
2023-06-21 07:00:00,NODE_10,27.28763,88.57017,95.09,100.0,-0.003,0.0078,367.7
2023-06-21 08:00:00,NODE_01,27.29535,88.6231,95.23,100.0,0.0108,-0.0131,383.28
2023-06-21 08:00:00,NODE_02,27.35987,88.66507,95.11,100.0,0.0045,0.0081,383.28
2023-06-21 08:00:00,NODE_03,27.32649,88.60522,94.64,100.0,-0.0092,0.0061,383.28
2023-06-21 08:00:00,NODE_04,27.36949,88.5676,95.43,100.0,-0.0033,0.0053,383.28
2023-06-21 08:00:00,NODE_05,27.35503,88.67429,94.93,100.0,-0.0032,0.0028,383.28
2023-06-21 08:00:00,NODE_06,27.3375,88.61639,94.83,100.0,0.0059,0.0121,383.28
2023-06-21 08:00:00,NODE_07,27.35687,88.65051,94.73,100.0,-0.0026,0.0104,383.28
2023-06-21 08:00:00,NODE_08,27.3729,88.65823,94.58,100.0,0.0081,0.0034,383.28
2023-06-21 08:00:00,NODE_09,27.32405,88.62626,95.02,100.0,0.0643,0.0194,383.28
2023-06-21 08:00:00,NODE_10,27.28763,88.57017,94.9,100.0,-0.0073,0.0059,383.28
2023-06-21 09:00:00,NODE_01,27.29535,88.6231,95.73,100.0,-0.012,0.0061,410.97
2023-06-21 09:00:00,NODE_02,27.35987,88.66507,94.34,100.0,0.0115,0.0073,410.97
2023-06-21 09:00:00,NODE_03,27.32649,88.60522,95.13,100.0,-0.0001,-0.0188,410.97
2023-06-21 09:00:00,NODE_04,27.36949,88.5676,94.97,100.0,0.0046,-0.0027,410.97
2023-06-21 09:00:00,NODE_05,27.35503,88.67429,95.06,100.0,0.0205,0.0041,410.97
2023-06-21 09:00:00,NODE_06,27.3375,88.61639,94.89,100.0,0.006,0.0066,410.97
2023-06-21 09:00:00,NODE_07,27.35687,88.65051,94.72,100.0,0.0165,-0.0047,410.97
2023-06-21 09:00:00,NODE_08,27.3729,88.65823,94.94,100.0,0.0055,-0.0006,410.97
2023-06-21 09:00:00,NODE_09,27.32405,88.62626,94.56,100.0,0.0462,0.0307,410.97
2023-06-21 09:00:00,NODE_10,27.28763,88.57017,94.68,100.0,-0.0123,-0.0012,410.97
2023-06-21 10:00:00,NODE_01,27.29535,88.6231,94.92,100.0,0.0064,-0.0214,426.61
2023-06-21 10:00:00,NODE_02,27.35987,88.66507,94.18,100.0,0.0036,0.0115,426.61
2023-06-21 10:00:00,NODE_03,27.32649,88.60522,95.49,100.0,-0.0044,0.0078,426.61
2023-06-21 10:00:00,NODE_04,27.36949,88.5676,94.9,100.0,-0.0008,0.0008,426.61
2023-06-21 10:00:00,NODE_05,27.35503,88.67429,95.31,100.0,-0.0019,0.0048,426.61
2023-06-21 10:00:00,NODE_06,27.3375,88.61639,95.04,100.0,-0.0027,0.0069,426.61
2023-06-21 10:00:00,NODE_07,27.35687,88.65051,94.36,100.0,0.0199,0.0154,426.61
2023-06-21 10:00:00,NODE_08,27.3729,88.65823,95.6,100.0,0.0051,-0.0078,426.61
2023-06-21 10:00:00,NODE_09,27.32405,88.62626,94.22,100.0,0.0335,0.0237,426.61
2023-06-21 10:00:00,NODE_10,27.28763,88.57017,95.21,100.0,0.0181,0.0006,426.61
2023-06-21 11:00:00,NODE_01,27.29535,88.6231,95.15,100.0,0.0033,-0.0022,439.32
2023-06-21 11:00:00,NODE_02,27.35987,88.66507,95.13,100.0,0.0058,-0.0084,439.32
2023-06-21 11:00:00,NODE_03,27.32649,88.60522,95.42,100.0,0.0182,0.0036,439.32
2023-06-21 11:00:00,NODE_04,27.36949,88.5676,95.21,100.0,-0.0166,0.0174,439.32
2023-06-21 11:00:00,NODE_05,27.35503,88.67429,95.13,100.0,-0.0119,-0.014,439.32
2023-06-21 11:00:00,NODE_06,27.3375,88.61639,95.22,100.0,-0.0091,-0.0104,439.32
2023-06-21 11:00:00,NODE_07,27.35687,88.65051,95.06,100.0,0.0033,0.0167,439.32
2023-06-21 11:00:00,NODE_08,27.3729,88.65823,95.27,100.0,-0.0187,0.0004,439.32
2023-06-21 11:00:00,NODE_09,27.32405,88.62626,94.6,100.0,0.0789,0.039,439.32
2023-06-21 11:00:00,NODE_10,27.28763,88.57017,94.59,100.0,-0.0041,0.0079,439.32
2023-06-21 12:00:00,NODE_01,27.29535,88.6231,94.41,100.0,0.0075,0.0114,456.58
2023-06-21 12:00:00,NODE_02,27.35987,88.66507,94.68,100.0,-0.0041,0.0108,456.58
2023-06-21 12:00:00,NODE_03,27.32649,88.60522,94.95,100.0,0.0021,0.0028,456.58
2023-06-21 12:00:00,NODE_04,27.36949,88.5676,94.9,100.0,-0.0106,0.0014,456.58
2023-06-21 12:00:00,NODE_05,27.35503,88.67429,95.47,100.0,-0.0006,-0.0079,456.58
2023-06-21 12:00:00,NODE_06,27.3375,88.61639,95.08,100.0,-0.0043,0.0137,456.58
2023-06-21 12:00:00,NODE_07,27.35687,88.65051,94.98,100.0,0.0003,0.0035,456.58
2023-06-21 12:00:00,NODE_08,27.3729,88.65823,95.07,100.0,0.0133,0.0012,456.58
2023-06-21 12:00:00,NODE_09,27.32405,88.62626,95.33,100.0,0.0577,0.0488,456.58
2023-06-21 12:00:00,NODE_10,27.28763,88.57017,94.86,100.0,-0.0035,-0.0075,456.58
2023-06-21 13:00:00,NODE_01,27.29535,88.6231,95.48,100.0,0.0087,0.0002,471.11
2023-06-21 13:00:00,NODE_02,27.35987,88.66507,94.2,100.0,-0.0186,0.0185,471.11
2023-06-21 13:00:00,NODE_03,27.32649,88.60522,95.35,100.0,0.0074,0.0092,471.11
2023-06-21 13:00:00,NODE_04,27.36949,88.5676,94.86,100.0,0.0106,0.0004,471.11
2023-06-21 13:00:00,NODE_05,27.35503,88.67429,94.88,100.0,0.0026,-0.0103,471.11
2023-06-21 13:00:00,NODE_06,27.3375,88.61639,94.9,100.0,-0.018,-0.012,471.11
2023-06-21 13:00:00,NODE_07,27.35687,88.65051,95.3,100.0,0.0261,0.0103,471.11
2023-06-21 13:00:00,NODE_08,27.3729,88.65823,95.64,100.0,-0.0157,0.0072,471.11
2023-06-21 13:00:00,NODE_09,27.32405,88.62626,94.42,100.0,0.0803,0.037,471.11
2023-06-21 13:00:00,NODE_10,27.28763,88.57017,94.87,100.0,-0.0032,0.0109,471.11
2023-06-21 14:00:00,NODE_01,27.29535,88.6231,94.7,100.0,-0.0069,-0.005,471.87
2023-06-21 14:00:00,NODE_02,27.35987,88.66507,95.22,100.0,0.0069,-0.0026,471.87
2023-06-21 14:00:00,NODE_03,27.32649,88.60522,95.35,100.0,0.0354,0.0138,471.87
2023-06-21 14:00:00,NODE_04,27.36949,88.5676,95.41,100.0,0.0008,0.001,471.87
2023-06-21 14:00:00,NODE_05,27.35503,88.67429,95.41,100.0,-0.0128,0.0111,471.87
2023-06-21 14:00:00,NODE_06,27.3375,88.61639,94.63,100.0,-0.0059,-0.0114,471.87
2023-06-21 14:00:00,NODE_07,27.35687,88.65051,95.5,100.0,0.0001,0.0073,471.87
2023-06-21 14:00:00,NODE_08,27.3729,88.65823,95.56,100.0,-0.0015,-0.0064,471.87
2023-06-21 14:00:00,NODE_09,27.32405,88.62626,94.65,100.0,0.0696,0.061,471.87
2023-06-21 14:00:00,NODE_10,27.28763,88.57017,94.45,100.0,-0.0008,0.0057,471.87
2023-06-21 15:00:00,NODE_01,27.29535,88.6231,94.78,100.0,-0.0162,0.0089,471.35
2023-06-21 15:00:00,NODE_02,27.35987,88.66507,95.85,100.0,0.0175,0.0003,471.35
2023-06-21 15:00:00,NODE_03,27.32649,88.60522,94.97,100.0,0.0113,0.0322,471.35
2023-06-21 15:00:00,NODE_04,27.36949,88.5676,95.5,100.0,-0.0168,-0.0022,471.35
2023-06-21 15:00:00,NODE_05,27.35503,88.67429,95.05,100.0,0.004,0.0165,471.35
2023-06-21 15:00:00,NODE_06,27.3375,88.61639,95.35,100.0,-0.0146,0.0039,471.35
2023-06-21 15:00:00,NODE_07,27.35687,88.65051,95.53,100.0,0.0021,0.0194,471.35
2023-06-21 15:00:00,NODE_08,27.3729,88.65823,95.13,100.0,0.0062,0.0087,471.35
2023-06-21 15:00:00,NODE_09,27.32405,88.62626,95.17,100.0,0.0872,0.0527,471.35
2023-06-21 15:00:00,NODE_10,27.28763,88.57017,95.26,100.0,0.0043,0.0,471.35
2023-06-21 16:00:00,NODE_01,27.29535,88.6231,94.99,100.0,-0.0053,0.0097,470.71
2023-06-21 16:00:00,NODE_02,27.35987,88.66507,95.56,100.0,0.0113,-0.0052,470.71
2023-06-21 16:00:00,NODE_03,27.32649,88.60522,94.72,100.0,0.0215,0.0554,470.71
2023-06-21 16:00:00,NODE_04,27.36949,88.5676,95.43,100.0,0.0035,-0.0044,470.71
2023-06-21 16:00:00,NODE_05,27.35503,88.67429,95.2,100.0,0.0121,-0.0217,470.71
2023-06-21 16:00:00,NODE_06,27.3375,88.61639,94.96,100.0,-0.0144,-0.0049,470.71
2023-06-21 16:00:00,NODE_07,27.35687,88.65051,95.57,100.0,0.019,0.014,470.71
2023-06-21 16:00:00,NODE_08,27.3729,88.65823,96.11,100.0,0.0036,-0.0109,470.71
2023-06-21 16:00:00,NODE_09,27.32405,88.62626,94.59,100.0,0.0861,0.0654,470.71
2023-06-21 16:00:00,NODE_10,27.28763,88.57017,94.91,100.0,-0.0047,0.0153,470.71
2023-06-21 17:00:00,NODE_01,27.29535,88.6231,94.37,100.0,0.0089,0.0131,459.84
2023-06-21 17:00:00,NODE_02,27.35987,88.66507,94.9,100.0,-0.0199,-0.0035,459.84
2023-06-21 17:00:00,NODE_03,27.32649,88.60522,94.75,100.0,0.025,0.0391,459.84
2023-06-21 17:00:00,NODE_04,27.36949,88.5676,94.93,100.0,-0.0056,0.0021,459.84
2023-06-21 17:00:00,NODE_05,27.35503,88.67429,95.16,100.0,0.0014,0.0156,459.84
2023-06-21 17:00:00,NODE_06,27.3375,88.61639,94.83,100.0,0.0012,0.0021,459.84
2023-06-21 17:00:00,NODE_07,27.35687,88.65051,94.7,100.0,0.0243,0.0138,459.84
2023-06-21 17:00:00,NODE_08,27.3729,88.65823,94.9,100.0,-0.0128,-0.005,459.84
2023-06-21 17:00:00,NODE_09,27.32405,88.62626,94.78,100.0,0.1017,0.046,459.84
2023-06-21 17:00:00,NODE_10,27.28763,88.57017,95.52,100.0,0.0114,-0.0129,459.84
2023-06-21 18:00:00,NODE_01,27.29535,88.6231,95.09,100.0,-0.0054,0.0087,442.49
2023-06-21 18:00:00,NODE_02,27.35987,88.66507,95.0,100.0,-0.0151,0.0171,442.49
2023-06-21 18:00:00,NODE_03,27.32649,88.60522,95.34,100.0,0.0285,0.0251,442.49
2023-06-21 18:00:00,NODE_04,27.36949,88.5676,94.14,100.0,-0.0087,-0.0051,442.49
2023-06-21 18:00:00,NODE_05,27.35503,88.67429,95.5,100.0,-0.008,0.0009,442.49
2023-06-21 18:00:00,NODE_06,27.3375,88.61639,94.93,100.0,0.0053,0.0043,442.49
2023-06-21 18:00:00,NODE_07,27.35687,88.65051,94.43,100.0,0.0152,0.0204,442.49
2023-06-21 18:00:00,NODE_08,27.3729,88.65823,95.44,100.0,-0.011,0.017,442.49
2023-06-21 18:00:00,NODE_09,27.32405,88.62626,95.03,100.0,0.0946,0.0325,442.49
2023-06-21 18:00:00,NODE_10,27.28763,88.57017,94.9,100.0,0.006,-0.0046,442.49
2023-06-21 19:00:00,NODE_01,27.29535,88.6231,94.73,100.0,-0.0069,0.0108,424.86
2023-06-21 19:00:00,NODE_02,27.35987,88.66507,94.7,100.0,-0.0085,-0.01,424.86
2023-06-21 19:00:00,NODE_03,27.32649,88.60522,94.33,100.0,0.0268,0.0409,424.86
2023-06-21 19:00:00,NODE_04,27.36949,88.5676,94.29,100.0,-0.0114,-0.0015,424.86
2023-06-21 19:00:00,NODE_05,27.35503,88.67429,94.64,100.0,-0.0053,0.0101,424.86
2023-06-21 19:00:00,NODE_06,27.3375,88.61639,94.05,100.0,-0.0003,0.0178,424.86
2023-06-21 19:00:00,NODE_07,27.35687,88.65051,94.72,100.0,0.0306,0.0062,424.86
2023-06-21 19:00:00,NODE_08,27.3729,88.65823,94.19,100.0,0.0029,-0.0102,424.86
2023-06-21 19:00:00,NODE_09,27.32405,88.62626,94.46,100.0,0.0953,0.0447,424.86
2023-06-21 19:00:00,NODE_10,27.28763,88.57017,94.18,100.0,-0.0019,-0.0068,424.86
2023-06-21 20:00:00,NODE_01,27.29535,88.6231,93.42,100.0,-0.0182,0.0073,402.45
2023-06-21 20:00:00,NODE_02,27.35987,88.66507,93.76,100.0,-0.0159,-0.0094,402.45
2023-06-21 20:00:00,NODE_03,27.32649,88.60522,92.89,100.0,0.0285,0.0452,402.45
2023-06-21 20:00:00,NODE_04,27.36949,88.5676,93.0,100.0,0.01,-0.0079,402.45
2023-06-21 20:00:00,NODE_05,27.35503,88.67429,93.13,100.0,-0.0166,0.0051,402.45
2023-06-21 20:00:00,NODE_06,27.3375,88.61639,93.09,100.0,-0.005,0.0043,402.45
2023-06-21 20:00:00,NODE_07,27.35687,88.65051,93.86,100.0,0.0337,0.0232,402.45
2023-06-21 20:00:00,NODE_08,27.3729,88.65823,93.67,100.0,0.0051,-0.0066,402.45
2023-06-21 20:00:00,NODE_09,27.32405,88.62626,92.89,100.0,0.1095,0.0483,402.45
2023-06-21 20:00:00,NODE_10,27.28763,88.57017,92.95,100.0,-0.0067,0.0036,402.45
2023-06-21 21:00:00,NODE_01,27.29535,88.6231,91.65,100.0,0.0175,0.0027,374.4
2023-06-21 21:00:00,NODE_02,27.35987,88.66507,92.14,100.0,0.0004,0.0161,374.4
2023-06-21 21:00:00,NODE_03,27.32649,88.60522,91.61,100.0,0.0302,0.0331,374.4
2023-06-21 21:00:00,NODE_04,27.36949,88.5676,92.23,100.0,-0.0197,0.0011,374.4
2023-06-21 21:00:00,NODE_05,27.35503,88.67429,92.03,100.0,-0.0013,0.0144,374.4
2023-06-21 21:00:00,NODE_06,27.3375,88.61639,92.06,100.0,-0.0095,-0.0062,374.4
2023-06-21 21:00:00,NODE_07,27.35687,88.65051,92.9,100.0,0.0288,0.0325,374.4
2023-06-21 21:00:00,NODE_08,27.3729,88.65823,92.18,100.0,-0.0111,-0.0125,374.4
2023-06-21 21:00:00,NODE_09,27.32405,88.62626,92.34,100.0,0.1082,0.0474,374.4
2023-06-21 21:00:00,NODE_10,27.28763,88.57017,92.3,100.0,0.0108,0.0118,374.4
2023-06-21 22:00:00,NODE_01,27.29535,88.6231,91.22,100.0,0.0083,0.0009,354.15
2023-06-21 22:00:00,NODE_02,27.35987,88.66507,91.29,100.0,0.0039,0.0062,354.15
2023-06-21 22:00:00,NODE_03,27.32649,88.60522,91.61,100.0,0.0261,0.0336,354.15
2023-06-21 22:00:00,NODE_04,27.36949,88.5676,91.0,100.0,-0.0084,0.0058,354.15
2023-06-21 22:00:00,NODE_05,27.35503,88.67429,91.25,100.0,0.0031,0.0021,354.15
2023-06-21 22:00:00,NODE_06,27.3375,88.61639,91.16,100.0,-0.0032,0.0068,354.15
2023-06-21 22:00:00,NODE_07,27.35687,88.65051,91.47,100.0,0.0565,0.0294,354.15
2023-06-21 22:00:00,NODE_08,27.3729,88.65823,91.46,100.0,0.0039,-0.0083,354.15
2023-06-21 22:00:00,NODE_09,27.32405,88.62626,91.43,100.0,0.0978,0.0376,354.15
2023-06-21 22:00:00,NODE_10,27.28763,88.57017,91.29,100.0,-0.0016,-0.0098,354.15
2023-06-21 23:00:00,NODE_01,27.29535,88.6231,90.58,100.0,0.0077,-0.0024,326.39
2023-06-21 23:00:00,NODE_02,27.35987,88.66507,90.4,100.0,-0.0143,0.0212,326.39
2023-06-21 23:00:00,NODE_03,27.32649,88.60522,90.06,100.0,0.0377,0.0494,326.39
2023-06-21 23:00:00,NODE_04,27.36949,88.5676,90.27,100.0,0.0012,-0.0021,326.39
2023-06-21 23:00:00,NODE_05,27.35503,88.67429,89.97,100.0,-0.009,-0.0136,326.39
2023-06-21 23:00:00,NODE_06,27.3375,88.61639,90.54,100.0,-0.0082,-0.0083,326.39
2023-06-21 23:00:00,NODE_07,27.35687,88.65051,89.48,100.0,0.043,0.0395,326.39
2023-06-21 23:00:00,NODE_08,27.3729,88.65823,91.24,100.0,-0.0152,0.0014,326.39
2023-06-21 23:00:00,NODE_09,27.32405,88.62626,89.77,100.0,0.1162,0.0723,326.39
2023-06-21 23:00:00,NODE_10,27.28763,88.57017,90.58,100.0,-0.0124,0.0331,326.39
2023-06-22 00:00:00,NODE_01,27.29535,88.6231,88.55,100.0,0.0097,-0.0121,311.88
2023-06-22 00:00:00,NODE_02,27.35987,88.66507,89.52,100.0,0.0078,-0.0045,311.88
2023-06-22 00:00:00,NODE_03,27.32649,88.60522,89.43,100.0,0.0574,0.062,311.88
2023-06-22 00:00:00,NODE_04,27.36949,88.5676,88.88,100.0,0.0158,-0.0201,311.88
2023-06-22 00:00:00,NODE_05,27.35503,88.67429,88.88,100.0,0.0194,-0.0011,311.88
2023-06-22 00:00:00,NODE_06,27.3375,88.61639,89.46,100.0,-0.0006,0.0091,311.88
2023-06-22 00:00:00,NODE_07,27.35687,88.65051,89.45,100.0,0.0526,0.0282,311.88
2023-06-22 00:00:00,NODE_08,27.3729,88.65823,89.68,100.0,0.0062,0.0071,311.88
2023-06-22 00:00:00,NODE_09,27.32405,88.62626,89.39,100.0,0.156,0.0461,311.88
2023-06-22 00:00:00,NODE_10,27.28763,88.57017,89.33,100.0,0.0102,-0.0066,311.88
2023-06-22 01:00:00,NODE_01,27.29535,88.6231,87.91,100.0,0.0058,-0.0096,281.64
2023-06-22 01:00:00,NODE_02,27.35987,88.66507,88.28,100.0,0.006,0.0013,281.64
2023-06-22 01:00:00,NODE_03,27.32649,88.60522,88.83,100.0,0.0519,0.0416,281.64
2023-06-22 01:00:00,NODE_04,27.36949,88.5676,87.82,100.0,0.0055,0.0059,281.64
2023-06-22 01:00:00,NODE_05,27.35503,88.67429,87.48,100.0,0.0079,0.0052,281.64
2023-06-22 01:00:00,NODE_06,27.3375,88.61639,88.95,100.0,-0.0152,0.0006,281.64
2023-06-22 01:00:00,NODE_07,27.35687,88.65051,88.56,100.0,0.0293,0.0294,281.64
2023-06-22 01:00:00,NODE_08,27.3729,88.65823,88.53,100.0,-0.0088,-0.0002,281.64
2023-06-22 01:00:00,NODE_09,27.32405,88.62626,88.05,100.0,0.1142,0.0766,281.64
2023-06-22 01:00:00,NODE_10,27.28763,88.57017,89.17,100.0,-0.0073,0.0036,281.64
2023-06-22 02:00:00,NODE_01,27.29535,88.6231,87.74,100.0,-0.0024,-0.0028,256.37
2023-06-22 02:00:00,NODE_02,27.35987,88.66507,87.34,100.0,-0.0055,-0.0066,256.37
2023-06-22 02:00:00,NODE_03,27.32649,88.60522,86.86,100.0,0.0455,0.0544,256.37
2023-06-22 02:00:00,NODE_04,27.36949,88.5676,87.87,100.0,-0.0085,0.0012,256.37
2023-06-22 02:00:00,NODE_05,27.35503,88.67429,86.77,100.0,-0.0179,-0.0022,256.37
2023-06-22 02:00:00,NODE_06,27.3375,88.61639,87.87,100.0,0.007,0.004,256.37
2023-06-22 02:00:00,NODE_07,27.35687,88.65051,87.89,100.0,0.0318,0.0248,256.37
2023-06-22 02:00:00,NODE_08,27.3729,88.65823,87.08,100.0,0.0008,-0.0032,256.37
2023-06-22 02:00:00,NODE_09,27.32405,88.62626,87.43,100.0,0.1399,0.0917,256.37
2023-06-22 02:00:00,NODE_10,27.28763,88.57017,87.57,100.0,0.0087,0.0,256.37
2023-06-22 03:00:00,NODE_01,27.29535,88.6231,86.56,100.0,-0.0016,0.0024,233.21
2023-06-22 03:00:00,NODE_02,27.35987,88.66507,87.0,100.0,-0.0017,0.0014,233.21
2023-06-22 03:00:00,NODE_03,27.32649,88.60522,86.43,100.0,0.0536,0.0711,233.21
2023-06-22 03:00:00,NODE_04,27.36949,88.5676,86.06,100.0,0.0153,-0.0099,233.21
2023-06-22 03:00:00,NODE_05,27.35503,88.67429,87.24,100.0,-0.0177,0.0066,233.21
2023-06-22 03:00:00,NODE_06,27.3375,88.61639,87.23,100.0,-0.0057,-0.0178,233.21
2023-06-22 03:00:00,NODE_07,27.35687,88.65051,87.02,100.0,0.0537,0.0339,233.21
2023-06-22 03:00:00,NODE_08,27.3729,88.65823,86.52,100.0,-0.0009,-0.0124,233.21
2023-06-22 03:00:00,NODE_09,27.32405,88.62626,86.74,100.0,0.1402,0.0647,233.21
2023-06-22 03:00:00,NODE_10,27.28763,88.57017,86.05,100.0,-0.0251,0.0005,233.21
2023-06-22 04:00:00,NODE_01,27.29535,88.6231,85.69,100.0,-0.0043,0.0144,216.42
2023-06-22 04:00:00,NODE_02,27.35987,88.66507,86.01,100.0,-0.0195,-0.0177,216.42
2023-06-22 04:00:00,NODE_03,27.32649,88.60522,85.46,100.0,0.039,0.0697,216.42
2023-06-22 04:00:00,NODE_04,27.36949,88.5676,85.53,100.0,-0.0136,0.0077,216.42
2023-06-22 04:00:00,NODE_05,27.35503,88.67429,85.27,100.0,-0.0098,-0.0007,216.42
2023-06-22 04:00:00,NODE_06,27.3375,88.61639,85.75,100.0,0.0038,-0.0225,216.42
2023-06-22 04:00:00,NODE_07,27.35687,88.65051,85.89,100.0,0.0702,0.0596,216.42
2023-06-22 04:00:00,NODE_08,27.3729,88.65823,85.12,100.0,0.0116,-0.0073,216.42
2023-06-22 04:00:00,NODE_09,27.32405,88.62626,85.46,100.0,0.1661,0.0789,216.42
2023-06-22 04:00:00,NODE_10,27.28763,88.57017,85.1,100.0,-0.0037,-0.0079,216.42
2023-06-22 05:00:00,NODE_01,27.29535,88.6231,85.36,100.0,0.0263,-0.0004,182.57
2023-06-22 05:00:00,NODE_02,27.35987,88.66507,84.81,100.0,-0.0033,0.0068,182.57
2023-06-22 05:00:00,NODE_03,27.32649,88.60522,84.77,100.0,0.0478,0.0873,182.57
2023-06-22 05:00:00,NODE_04,27.36949,88.5676,85.0,100.0,0.0027,-0.014,182.57
2023-06-22 05:00:00,NODE_05,27.35503,88.67429,85.38,100.0,0.0157,-0.006,182.57
2023-06-22 05:00:00,NODE_06,27.3375,88.61639,84.84,100.0,0.0089,-0.015,182.57
2023-06-22 05:00:00,NODE_07,27.35687,88.65051,84.38,100.0,0.0441,0.0447,182.57
2023-06-22 05:00:00,NODE_08,27.3729,88.65823,84.97,100.0,0.0024,-0.0155,182.57
2023-06-22 05:00:00,NODE_09,27.32405,88.62626,84.99,100.0,0.1417,0.0736,182.57
2023-06-22 05:00:00,NODE_10,27.28763,88.57017,84.83,100.0,0.0116,0.0107,182.57
2023-06-22 06:00:00,NODE_01,27.29535,88.6231,84.23,100.0,0.0056,0.01,163.48
2023-06-22 06:00:00,NODE_02,27.35987,88.66507,84.73,100.0,0.0001,0.0032,163.48
2023-06-22 06:00:00,NODE_03,27.32649,88.60522,84.54,100.0,0.0625,0.0628,163.48
2023-06-22 06:00:00,NODE_04,27.36949,88.5676,84.41,100.0,0.0049,0.0105,163.48
2023-06-22 06:00:00,NODE_05,27.35503,88.67429,84.2,100.0,0.0089,-0.0109,163.48
2023-06-22 06:00:00,NODE_06,27.3375,88.61639,83.84,100.0,0.0033,0.0175,163.48
2023-06-22 06:00:00,NODE_07,27.35687,88.65051,83.63,100.0,0.0582,0.0381,163.48
2023-06-22 06:00:00,NODE_08,27.3729,88.65823,84.38,100.0,-0.006,0.0074,163.48
2023-06-22 06:00:00,NODE_09,27.32405,88.62626,84.36,100.0,0.1589,0.0885,163.48
2023-06-22 06:00:00,NODE_10,27.28763,88.57017,83.63,100.0,0.0001,-0.0085,163.48
2023-06-22 07:00:00,NODE_01,27.29535,88.6231,83.73,100.0,-0.0046,0.0108,137.31
2023-06-22 07:00:00,NODE_02,27.35987,88.66507,83.31,100.0,0.0017,-0.0006,137.31
2023-06-22 07:00:00,NODE_03,27.32649,88.60522,82.94,100.0,0.0706,0.1043,137.31
2023-06-22 07:00:00,NODE_04,27.36949,88.5676,83.79,100.0,-0.0088,-0.0006,137.31
2023-06-22 07:00:00,NODE_05,27.35503,88.67429,83.45,100.0,0.0162,-0.0039,137.31
2023-06-22 07:00:00,NODE_06,27.3375,88.61639,83.8,100.0,0.008,-0.0115,137.31
2023-06-22 07:00:00,NODE_07,27.35687,88.65051,83.68,100.0,0.047,0.0359,137.31
2023-06-22 07:00:00,NODE_08,27.3729,88.65823,83.4,100.0,0.0036,0.0081,137.31
2023-06-22 07:00:00,NODE_09,27.32405,88.62626,83.83,100.0,0.1698,0.0709,137.31
2023-06-22 07:00:00,NODE_10,27.28763,88.57017,83.71,100.0,0.006,-0.0177,137.31
2023-06-22 08:00:00,NODE_01,27.29535,88.6231,83.99,100.0,0.0047,-0.0023,121.73
2023-06-22 08:00:00,NODE_02,27.35987,88.66507,83.55,100.0,0.0038,-0.0039,121.73
2023-06-22 08:00:00,NODE_03,27.32649,88.60522,83.13,100.0,0.0506,0.0693,121.73
2023-06-22 08:00:00,NODE_04,27.36949,88.5676,83.03,100.0,0.007,-0.0227,121.73
2023-06-22 08:00:00,NODE_05,27.35503,88.67429,82.3,100.0,0.0001,0.002,121.73
2023-06-22 08:00:00,NODE_06,27.3375,88.61639,82.64,100.0,-0.0207,0.0073,121.73
2023-06-22 08:00:00,NODE_07,27.35687,88.65051,82.59,100.0,0.0548,0.032,121.73
2023-06-22 08:00:00,NODE_08,27.3729,88.65823,83.57,100.0,0.0214,-0.0004,121.73
2023-06-22 08:00:00,NODE_09,27.32405,88.62626,83.07,100.0,0.1663,0.0841,121.73
2023-06-22 08:00:00,NODE_10,27.28763,88.57017,83.26,100.0,-0.009,-0.0112,121.73
2023-06-22 09:00:00,NODE_01,27.29535,88.6231,81.95,100.0,-0.0101,0.0059,94.03
2023-06-22 09:00:00,NODE_02,27.35987,88.66507,82.25,100.0,0.0024,-0.0089,94.03
2023-06-22 09:00:00,NODE_03,27.32649,88.60522,82.45,100.0,0.0561,0.0682,94.03
2023-06-22 09:00:00,NODE_04,27.36949,88.5676,82.33,100.0,-0.0051,0.0018,94.03
2023-06-22 09:00:00,NODE_05,27.35503,88.67429,82.04,100.0,-0.0021,-0.0196,94.03
2023-06-22 09:00:00,NODE_06,27.3375,88.61639,81.45,100.0,-0.0049,-0.0064,94.03
2023-06-22 09:00:00,NODE_07,27.35687,88.65051,82.63,100.0,0.0665,0.0416,94.03
2023-06-22 09:00:00,NODE_08,27.3729,88.65823,82.65,100.0,0.0074,0.0044,94.03
2023-06-22 09:00:00,NODE_09,27.32405,88.62626,82.48,100.0,0.1655,0.0992,94.03
2023-06-22 09:00:00,NODE_10,27.28763,88.57017,82.4,100.0,0.0035,0.0145,94.03
2023-06-22 10:00:00,NODE_01,27.29535,88.6231,80.86,100.0,0.015,-0.0024,78.39
2023-06-22 10:00:00,NODE_02,27.35987,88.66507,82.49,100.0,-0.0026,0.0073,78.39
2023-06-22 10:00:00,NODE_03,27.32649,88.60522,81.11,100.0,0.0854,0.0918,78.39
2023-06-22 10:00:00,NODE_04,27.36949,88.5676,81.73,100.0,0.007,-0.0041,78.39
2023-06-22 10:00:00,NODE_05,27.35503,88.67429,81.94,100.0,-0.0125,-0.0078,78.39
2023-06-22 10:00:00,NODE_06,27.3375,88.61639,81.79,100.0,0.011,-0.0024,78.39
2023-06-22 10:00:00,NODE_07,27.35687,88.65051,80.5,100.0,0.0622,0.0595,78.39
2023-06-22 10:00:00,NODE_08,27.3729,88.65823,81.24,100.0,-0.0006,0.0088,78.39
2023-06-22 10:00:00,NODE_09,27.32405,88.62626,81.34,100.0,0.178,0.0901,78.39
2023-06-22 10:00:00,NODE_10,27.28763,88.57017,80.83,100.0,0.0,0.0125,78.39
2023-06-22 11:00:00,NODE_01,27.29535,88.6231,80.51,100.0,-0.0066,0.0132,65.69
2023-06-22 11:00:00,NODE_02,27.35987,88.66507,79.86,100.0,0.0029,-0.0117,65.69
2023-06-22 11:00:00,NODE_03,27.32649,88.60522,80.28,100.0,0.0672,0.0849,65.69
2023-06-22 11:00:00,NODE_04,27.36949,88.5676,80.51,100.0,-0.0184,-0.0056,65.69
2023-06-22 11:00:00,NODE_05,27.35503,88.67429,80.96,100.0,0.0035,-0.02,65.69
2023-06-22 11:00:00,NODE_06,27.3375,88.61639,79.84,100.0,0.0051,-0.0004,65.69
2023-06-22 11:00:00,NODE_07,27.35687,88.65051,80.57,100.0,0.0567,0.0497,65.69
2023-06-22 11:00:00,NODE_08,27.3729,88.65823,80.56,100.0,-0.0083,0.001,65.69
2023-06-22 11:00:00,NODE_09,27.32405,88.62626,79.67,100.0,0.1802,0.0769,65.69
2023-06-22 11:00:00,NODE_10,27.28763,88.57017,80.71,100.0,0.0024,-0.0201,65.69
2023-06-22 12:00:00,NODE_01,27.29535,88.6231,80.34,100.0,0.005,0.0064,52.37
2023-06-22 12:00:00,NODE_02,27.35987,88.66507,79.89,100.0,0.01,0.0051,52.37
2023-06-22 12:00:00,NODE_03,27.32649,88.60522,80.33,100.0,0.0872,0.0997,52.37
2023-06-22 12:00:00,NODE_04,27.36949,88.5676,79.43,100.0,0.0033,-0.0074,52.37
2023-06-22 12:00:00,NODE_05,27.35503,88.67429,80.27,100.0,-0.002,-0.0062,52.37
2023-06-22 12:00:00,NODE_06,27.3375,88.61639,80.34,100.0,0.0185,0.0164,52.37
2023-06-22 12:00:00,NODE_07,27.35687,88.65051,80.29,100.0,0.059,0.0464,52.37
2023-06-22 12:00:00,NODE_08,27.3729,88.65823,79.93,100.0,-0.0062,0.0139,52.37
2023-06-22 12:00:00,NODE_09,27.32405,88.62626,79.84,100.0,0.1853,0.1082,52.37
2023-06-22 12:00:00,NODE_10,27.28763,88.57017,80.29,100.0,0.0204,0.0081,52.37
2023-06-22 13:00:00,NODE_01,27.29535,88.6231,79.78,100.0,0.0107,-0.0119,35.75
2023-06-22 13:00:00,NODE_02,27.35987,88.66507,80.16,100.0,-0.001,0.0207,35.75
2023-06-22 13:00:00,NODE_03,27.32649,88.60522,80.13,100.0,0.0737,0.1032,35.75
2023-06-22 13:00:00,NODE_04,27.36949,88.5676,79.78,100.0,-0.0041,-0.0013,35.75
2023-06-22 13:00:00,NODE_05,27.35503,88.67429,79.53,100.0,-0.0023,0.012,35.75
2023-06-22 13:00:00,NODE_06,27.3375,88.61639,79.64,100.0,0.017,0.0058,35.75
2023-06-22 13:00:00,NODE_07,27.35687,88.65051,79.91,100.0,0.056,0.0495,35.75
2023-06-22 13:00:00,NODE_08,27.3729,88.65823,79.88,100.0,0.0068,-0.0102,35.75
2023-06-22 13:00:00,NODE_09,27.32405,88.62626,79.9,100.0,0.2028,0.0854,35.75
2023-06-22 13:00:00,NODE_10,27.28763,88.57017,79.74,100.0,0.013,-0.0198,35.75
2023-06-22 14:00:00,NODE_01,27.29535,88.6231,79.4,100.0,0.0038,0.0016,27.92
2023-06-22 14:00:00,NODE_02,27.35987,88.66507,79.98,100.0,0.0032,0.0149,27.92
2023-06-22 14:00:00,NODE_03,27.32649,88.60522,80.05,100.0,0.0767,0.1058,27.92
2023-06-22 14:00:00,NODE_04,27.36949,88.5676,80.09,100.0,0.0115,-0.0049,27.92
2023-06-22 14:00:00,NODE_05,27.35503,88.67429,79.43,100.0,0.0162,-0.0119,27.92
2023-06-22 14:00:00,NODE_06,27.3375,88.61639,80.27,100.0,0.003,0.0039,27.92
2023-06-22 14:00:00,NODE_07,27.35687,88.65051,79.45,100.0,0.0822,0.0664,27.92
2023-06-22 14:00:00,NODE_08,27.3729,88.65823,79.39,100.0,-0.0089,-0.0035,27.92
2023-06-22 14:00:00,NODE_09,27.32405,88.62626,79.78,100.0,0.2026,0.1017,27.92
2023-06-22 14:00:00,NODE_10,27.28763,88.57017,79.75,100.0,0.0079,-0.0003,27.92
2023-06-22 15:00:00,NODE_01,27.29535,88.6231,79.92,100.0,0.0009,0.0165,20.38
2023-06-22 15:00:00,NODE_02,27.35987,88.66507,79.77,100.0,-0.0019,-0.0151,20.38
2023-06-22 15:00:00,NODE_03,27.32649,88.60522,79.22,100.0,0.0738,0.1032,20.38
2023-06-22 15:00:00,NODE_04,27.36949,88.5676,78.74,100.0,-0.0004,-0.0186,20.38
2023-06-22 15:00:00,NODE_05,27.35503,88.67429,78.65,100.0,-0.0013,0.007,20.38
2023-06-22 15:00:00,NODE_06,27.3375,88.61639,79.5,100.0,-0.0025,0.013,20.38
2023-06-22 15:00:00,NODE_07,27.35687,88.65051,78.17,100.0,0.086,0.0611,20.38
2023-06-22 15:00:00,NODE_08,27.3729,88.65823,78.8,100.0,0.0,-0.0047,20.38
2023-06-22 15:00:00,NODE_09,27.32405,88.62626,79.14,100.0,0.2092,0.1093,20.38
2023-06-22 15:00:00,NODE_10,27.28763,88.57017,79.18,100.0,0.008,-0.0121,20.38
2023-06-22 16:00:00,NODE_01,27.29535,88.6231,78.55,100.0,0.0001,-0.0018,13.73
2023-06-22 16:00:00,NODE_02,27.35987,88.66507,78.15,100.0,-0.0065,-0.0054,13.73
2023-06-22 16:00:00,NODE_03,27.32649,88.60522,78.03,100.0,0.089,0.1198,13.73
2023-06-22 16:00:00,NODE_04,27.36949,88.5676,79.07,100.0,0.0125,0.0127,13.73
2023-06-22 16:00:00,NODE_05,27.35503,88.67429,78.93,100.0,0.0133,0.0285,13.73
2023-06-22 16:00:00,NODE_06,27.3375,88.61639,78.63,100.0,-0.0096,-0.0063,13.73
2023-06-22 16:00:00,NODE_07,27.35687,88.65051,78.21,100.0,0.0886,0.0577,13.73
2023-06-22 16:00:00,NODE_08,27.3729,88.65823,78.38,100.0,0.0144,0.0065,13.73
2023-06-22 16:00:00,NODE_09,27.32405,88.62626,78.1,100.0,0.2121,0.1073,13.73
2023-06-22 16:00:00,NODE_10,27.28763,88.57017,78.15,100.0,-0.0091,0.0089,13.73
2023-06-22 17:00:00,NODE_01,27.29535,88.6231,77.56,100.0,-0.0006,0.0045,10.32
2023-06-22 17:00:00,NODE_02,27.35987,88.66507,78.22,100.0,0.0052,0.0042,10.32
2023-06-22 17:00:00,NODE_03,27.32649,88.60522,78.25,100.0,0.0958,0.1161,10.32
2023-06-22 17:00:00,NODE_04,27.36949,88.5676,77.83,100.0,0.0051,-0.0024,10.32
2023-06-22 17:00:00,NODE_05,27.35503,88.67429,78.51,100.0,-0.0159,0.0145,10.32
2023-06-22 17:00:00,NODE_06,27.3375,88.61639,78.35,100.0,-0.0048,0.0107,10.32
2023-06-22 17:00:00,NODE_07,27.35687,88.65051,77.65,100.0,0.0761,0.0628,10.32
2023-06-22 17:00:00,NODE_08,27.3729,88.65823,77.19,100.0,0.0015,-0.0143,10.32
2023-06-22 17:00:00,NODE_09,27.32405,88.62626,78.66,100.0,0.2235,0.1341,10.32
2023-06-22 17:00:00,NODE_10,27.28763,88.57017,77.98,100.0,-0.0047,0.0055,10.32
2023-06-22 18:00:00,NODE_01,27.29535,88.6231,77.67,100.0,-0.0058,0.0055,10.32
2023-06-22 18:00:00,NODE_02,27.35987,88.66507,77.77,100.0,-0.0056,-0.0007,10.32
2023-06-22 18:00:00,NODE_03,27.32649,88.60522,77.77,100.0,0.0745,0.1342,10.32
2023-06-22 18:00:00,NODE_04,27.36949,88.5676,77.33,100.0,-0.0013,-0.0073,10.32
2023-06-22 18:00:00,NODE_05,27.35503,88.67429,77.38,100.0,0.0269,0.0013,10.32
2023-06-22 18:00:00,NODE_06,27.3375,88.61639,77.3,100.0,-0.0041,0.009,10.32
2023-06-22 18:00:00,NODE_07,27.35687,88.65051,77.74,100.0,0.0979,0.09,10.32
2023-06-22 18:00:00,NODE_08,27.3729,88.65823,77.53,100.0,-0.0108,0.0145,10.32
2023-06-22 18:00:00,NODE_09,27.32405,88.62626,77.26,100.0,0.232,0.1186,10.32
2023-06-22 18:00:00,NODE_10,27.28763,88.57017,77.88,100.0,-0.0153,0.0098,10.32
2023-06-22 19:00:00,NODE_01,27.29535,88.6231,76.47,100.0,-0.0045,-0.0104,10.32
2023-06-22 19:00:00,NODE_02,27.35987,88.66507,76.8,100.0,0.0039,-0.014,10.32
2023-06-22 19:00:00,NODE_03,27.32649,88.60522,76.59,100.0,0.084,0.1252,10.32
2023-06-22 19:00:00,NODE_04,27.36949,88.5676,76.97,100.0,0.0079,-0.0113,10.32
2023-06-22 19:00:00,NODE_05,27.35503,88.67429,76.39,100.0,-0.0037,0.0086,10.32
2023-06-22 19:00:00,NODE_06,27.3375,88.61639,77.41,100.0,-0.0059,0.0089,10.32
2023-06-22 19:00:00,NODE_07,27.35687,88.65051,76.2,100.0,0.0974,0.0821,10.32
2023-06-22 19:00:00,NODE_08,27.3729,88.65823,76.92,100.0,0.0218,0.0056,10.32
2023-06-22 19:00:00,NODE_09,27.32405,88.62626,76.51,100.0,0.2212,0.1118,10.32
2023-06-22 19:00:00,NODE_10,27.28763,88.57017,76.9,100.0,-0.0127,-0.003,10.32
2023-06-22 20:00:00,NODE_01,27.29535,88.6231,75.64,100.0,0.0148,0.0051,10.32
2023-06-22 20:00:00,NODE_02,27.35987,88.66507,75.36,100.0,0.0003,0.0039,10.32
2023-06-22 20:00:00,NODE_03,27.32649,88.60522,75.15,100.0,0.0993,0.1212,10.32
2023-06-22 20:00:00,NODE_04,27.36949,88.5676,75.67,100.0,0.0079,0.0077,10.32
2023-06-22 20:00:00,NODE_05,27.35503,88.67429,76.36,100.0,0.0071,-0.0137,10.32
2023-06-22 20:00:00,NODE_06,27.3375,88.61639,76.04,100.0,-0.0092,-0.0016,10.32
2023-06-22 20:00:00,NODE_07,27.35687,88.65051,75.92,100.0,0.093,0.0866,10.32
2023-06-22 20:00:00,NODE_08,27.3729,88.65823,75.74,100.0,0.0176,0.0175,10.32
2023-06-22 20:00:00,NODE_09,27.32405,88.62626,75.47,100.0,0.2374,0.1225,10.32
2023-06-22 20:00:00,NODE_10,27.28763,88.57017,75.78,100.0,-0.0089,-0.0019,10.32
2023-06-22 21:00:00,NODE_01,27.29535,88.6231,75.21,100.0,-0.0011,-0.0139,10.32
2023-06-22 21:00:00,NODE_02,27.35987,88.66507,75.54,100.0,-0.003,-0.0001,10.32
2023-06-22 21:00:00,NODE_03,27.32649,88.60522,74.94,100.0,0.0915,0.1178,10.32
2023-06-22 21:00:00,NODE_04,27.36949,88.5676,75.05,100.0,0.0047,-0.013,10.32
2023-06-22 21:00:00,NODE_05,27.35503,88.67429,74.59,100.0,0.0087,-0.0157,10.32
2023-06-22 21:00:00,NODE_06,27.3375,88.61639,74.62,100.0,0.004,-0.0044,10.32
2023-06-22 21:00:00,NODE_07,27.35687,88.65051,74.46,100.0,0.094,0.0564,10.32
2023-06-22 21:00:00,NODE_08,27.3729,88.65823,73.9,100.0,0.005,-0.0004,10.32
2023-06-22 21:00:00,NODE_09,27.32405,88.62626,74.58,100.0,0.2213,0.1211,10.32
2023-06-22 21:00:00,NODE_10,27.28763,88.57017,75.08,100.0,-0.0003,-0.015,10.32
2023-06-22 22:00:00,NODE_01,27.29535,88.6231,73.72,100.0,-0.0079,-0.0063,10.32
2023-06-22 22:00:00,NODE_02,27.35987,88.66507,74.72,100.0,-0.0033,0.0191,10.32
2023-06-22 22:00:00,NODE_03,27.32649,88.60522,74.31,100.0,0.0905,0.1368,10.32
2023-06-22 22:00:00,NODE_04,27.36949,88.5676,74.59,100.0,-0.0229,0.0013,10.32
2023-06-22 22:00:00,NODE_05,27.35503,88.67429,74.25,100.0,-0.005,0.0003,10.32
2023-06-22 22:00:00,NODE_06,27.3375,88.61639,74.26,100.0,0.017,-0.0087,10.32
2023-06-22 22:00:00,NODE_07,27.35687,88.65051,74.42,100.0,0.0916,0.0744,10.32
2023-06-22 22:00:00,NODE_08,27.3729,88.65823,74.13,100.0,0.0128,-0.0055,10.32
2023-06-22 22:00:00,NODE_09,27.32405,88.62626,74.18,100.0,0.2168,0.1221,10.32
2023-06-22 22:00:00,NODE_10,27.28763,88.57017,74.02,100.0,-0.0123,-0.0103,10.32
2023-06-22 23:00:00,NODE_01,27.29535,88.6231,73.63,100.0,-0.0052,0.0108,10.32
2023-06-22 23:00:00,NODE_02,27.35987,88.66507,73.73,100.0,-0.0051,-0.0025,10.32
2023-06-22 23:00:00,NODE_03,27.32649,88.60522,73.04,100.0,0.1082,0.1297,10.32
2023-06-22 23:00:00,NODE_04,27.36949,88.5676,72.9,100.0,-0.0098,-0.0058,10.32
2023-06-22 23:00:00,NODE_05,27.35503,88.67429,73.68,100.0,0.0082,0.004,10.32
2023-06-22 23:00:00,NODE_06,27.3375,88.61639,73.43,100.0,0.0093,-0.0081,10.32
2023-06-22 23:00:00,NODE_07,27.35687,88.65051,72.6,100.0,0.1026,0.0715,10.32
2023-06-22 23:00:00,NODE_08,27.3729,88.65823,72.94,100.0,-0.0027,0.0066,10.32
2023-06-22 23:00:00,NODE_09,27.32405,88.62626,73.5,100.0,0.2627,0.1266,10.32
2023-06-22 23:00:00,NODE_10,27.28763,88.57017,73.29,100.0,-0.0004,0.0095,10.32
2023-06-23 00:00:00,NODE_01,27.29535,88.6231,73.53,100.0,0.011,0.0036,10.32
2023-06-23 00:00:00,NODE_02,27.35987,88.66507,72.85,100.0,-0.0165,0.0117,10.32
2023-06-23 00:00:00,NODE_03,27.32649,88.60522,72.62,100.0,0.1118,0.1327,10.32
2023-06-23 00:00:00,NODE_04,27.36949,88.5676,72.65,100.0,0.0138,-0.0053,10.32
2023-06-23 00:00:00,NODE_05,27.35503,88.67429,72.42,100.0,0.0087,0.0109,10.32
2023-06-23 00:00:00,NODE_06,27.3375,88.61639,72.67,100.0,-0.0032,-0.0092,10.32
2023-06-23 00:00:00,NODE_07,27.35687,88.65051,73.6,100.0,0.1195,0.0854,10.32
2023-06-23 00:00:00,NODE_08,27.3729,88.65823,72.52,100.0,0.0072,0.0103,10.32
2023-06-23 00:00:00,NODE_09,27.32405,88.62626,72.73,100.0,0.2462,0.1225,10.32
2023-06-23 00:00:00,NODE_10,27.28763,88.57017,72.15,100.0,-0.0015,0.0037,10.32
2023-06-23 01:00:00,NODE_01,27.29535,88.6231,72.24,100.0,0.0068,-0.003,10.32
2023-06-23 01:00:00,NODE_02,27.35987,88.66507,72.14,100.0,0.0038,-0.0127,10.32
2023-06-23 01:00:00,NODE_03,27.32649,88.60522,71.49,100.0,0.0989,0.1554,10.32
2023-06-23 01:00:00,NODE_04,27.36949,88.5676,72.38,100.0,-0.0126,-0.011,10.32
2023-06-23 01:00:00,NODE_05,27.35503,88.67429,71.8,100.0,-0.0071,-0.0057,10.32
2023-06-23 01:00:00,NODE_06,27.3375,88.61639,71.39,100.0,0.0101,0.0037,10.32
2023-06-23 01:00:00,NODE_07,27.35687,88.65051,71.99,100.0,0.1173,0.0925,10.32
2023-06-23 01:00:00,NODE_08,27.3729,88.65823,72.63,100.0,-0.0042,-0.0071,10.32
2023-06-23 01:00:00,NODE_09,27.32405,88.62626,72.71,100.0,0.2572,0.1315,10.32
2023-06-23 01:00:00,NODE_10,27.28763,88.57017,72.15,100.0,-0.0113,0.001,10.32
2023-06-23 02:00:00,NODE_01,27.29535,88.6231,71.19,100.0,0.0056,0.0045,10.32
2023-06-23 02:00:00,NODE_02,27.35987,88.66507,71.31,100.0,0.0023,-0.0103,10.32
2023-06-23 02:00:00,NODE_03,27.32649,88.60522,71.59,100.0,0.1082,0.1361,10.32
2023-06-23 02:00:00,NODE_04,27.36949,88.5676,71.37,100.0,0.0088,-0.0062,10.32
2023-06-23 02:00:00,NODE_05,27.35503,88.67429,71.06,100.0,-0.007,0.0019,10.32
2023-06-23 02:00:00,NODE_06,27.3375,88.61639,71.5,100.0,0.0035,-0.0023,10.32
2023-06-23 02:00:00,NODE_07,27.35687,88.65051,70.23,100.0,0.1059,0.0872,10.32
2023-06-23 02:00:00,NODE_08,27.3729,88.65823,70.37,100.0,-0.0136,-0.02,10.32
2023-06-23 02:00:00,NODE_09,27.32405,88.62626,71.29,100.0,0.2475,0.1269,10.32
2023-06-23 02:00:00,NODE_10,27.28763,88.57017,71.62,100.0,0.0153,0.0126,10.32
2023-06-23 03:00:00,NODE_01,27.29535,88.6231,70.45,100.0,-0.0026,-0.0006,10.32
2023-06-23 03:00:00,NODE_02,27.35987,88.66507,70.91,100.0,0.0085,0.0072,10.32
2023-06-23 03:00:00,NODE_03,27.32649,88.60522,70.72,100.0,0.0966,0.1719,10.32
2023-06-23 03:00:00,NODE_04,27.36949,88.5676,71.24,100.0,0.0071,0.0001,10.32
2023-06-23 03:00:00,NODE_05,27.35503,88.67429,71.22,100.0,0.0005,0.0016,10.32
2023-06-23 03:00:00,NODE_06,27.3375,88.61639,70.09,100.0,-0.0004,0.0043,10.32
2023-06-23 03:00:00,NODE_07,27.35687,88.65051,70.36,100.0,0.1164,0.0772,10.32
2023-06-23 03:00:00,NODE_08,27.3729,88.65823,70.32,100.0,0.0259,-0.0183,10.32
2023-06-23 03:00:00,NODE_09,27.32405,88.62626,70.61,100.0,0.2521,0.1156,10.32
2023-06-23 03:00:00,NODE_10,27.28763,88.57017,70.62,100.0,-0.0132,-0.013,10.32
2023-06-23 04:00:00,NODE_01,27.29535,88.6231,70.33,100.0,0.0057,0.0001,14.85
2023-06-23 04:00:00,NODE_02,27.35987,88.66507,70.5,100.0,-0.0053,0.0108,14.85
2023-06-23 04:00:00,NODE_03,27.32649,88.60522,69.83,100.0,0.1024,0.1632,14.85
2023-06-23 04:00:00,NODE_04,27.36949,88.5676,69.86,100.0,-0.0073,0.0024,14.85
2023-06-23 04:00:00,NODE_05,27.35503,88.67429,71.26,100.0,-0.0012,-0.0013,14.85
2023-06-23 04:00:00,NODE_06,27.3375,88.61639,69.48,100.0,-0.001,0.0049,14.85
2023-06-23 04:00:00,NODE_07,27.35687,88.65051,70.14,100.0,0.1026,0.0813,14.85
2023-06-23 04:00:00,NODE_08,27.3729,88.65823,70.82,100.0,-0.0141,0.0026,14.85
2023-06-23 04:00:00,NODE_09,27.32405,88.62626,70.82,100.0,0.2628,0.1485,14.85
2023-06-23 04:00:00,NODE_10,27.28763,88.57017,70.14,100.0,0.0112,0.0072,14.85
2023-06-23 05:00:00,NODE_01,27.29535,88.6231,70.24,100.0,-0.0064,0.0066,14.85
2023-06-23 05:00:00,NODE_02,27.35987,88.66507,70.0,100.0,0.019,-0.0096,14.85
2023-06-23 05:00:00,NODE_03,27.32649,88.60522,70.48,100.0,0.1153,0.165,14.85
2023-06-23 05:00:00,NODE_04,27.36949,88.5676,69.66,100.0,-0.02,-0.0079,14.85
2023-06-23 05:00:00,NODE_05,27.35503,88.67429,70.38,100.0,0.0139,-0.0007,14.85
2023-06-23 05:00:00,NODE_06,27.3375,88.61639,70.2,100.0,-0.002,-0.0106,14.85
2023-06-23 05:00:00,NODE_07,27.35687,88.65051,70.08,100.0,0.1235,0.0961,14.85
2023-06-23 05:00:00,NODE_08,27.3729,88.65823,70.06,100.0,0.003,0.0154,14.85
2023-06-23 05:00:00,NODE_09,27.32405,88.62626,70.27,100.0,0.2814,0.1341,14.85
2023-06-23 05:00:00,NODE_10,27.28763,88.57017,70.36,100.0,-0.0225,-0.0118,14.85
2023-06-23 06:00:00,NODE_01,27.29535,88.6231,70.04,100.0,-0.0026,-0.0073,12.16
2023-06-23 06:00:00,NODE_02,27.35987,88.66507,69.77,100.0,-0.0038,0.0002,12.16
2023-06-23 06:00:00,NODE_03,27.32649,88.60522,70.16,100.0,0.117,0.159,12.16
2023-06-23 06:00:00,NODE_04,27.36949,88.5676,70.49,100.0,-0.0057,-0.0009,12.16
2023-06-23 06:00:00,NODE_05,27.35503,88.67429,70.08,100.0,0.007,-0.0085,12.16
2023-06-23 06:00:00,NODE_06,27.3375,88.61639,69.88,100.0,0.0065,-0.0109,12.16
2023-06-23 06:00:00,NODE_07,27.35687,88.65051,70.04,100.0,0.1105,0.0991,12.16
2023-06-23 06:00:00,NODE_08,27.3729,88.65823,69.88,100.0,0.0029,-0.013,12.16
2023-06-23 06:00:00,NODE_09,27.32405,88.62626,70.4,100.0,0.2749,0.1437,12.16
2023-06-23 06:00:00,NODE_10,27.28763,88.57017,70.72,100.0,-0.0014,0.0148,12.16
2023-06-23 07:00:00,NODE_01,27.29535,88.6231,69.88,100.0,0.0097,0.0004,12.16
2023-06-23 07:00:00,NODE_02,27.35987,88.66507,69.21,100.0,-0.0088,-0.0138,12.16
2023-06-23 07:00:00,NODE_03,27.32649,88.60522,69.72,100.0,0.1096,0.1808,12.16
2023-06-23 07:00:00,NODE_04,27.36949,88.5676,69.86,100.0,0.0208,0.0089,12.16
2023-06-23 07:00:00,NODE_05,27.35503,88.67429,69.27,100.0,-0.0007,0.0028,12.16
2023-06-23 07:00:00,NODE_06,27.3375,88.61639,69.16,100.0,0.0014,-0.0023,12.16
2023-06-23 07:00:00,NODE_07,27.35687,88.65051,69.24,100.0,0.1283,0.0953,12.16
2023-06-23 07:00:00,NODE_08,27.3729,88.65823,70.32,100.0,0.0052,-0.0027,12.16
2023-06-23 07:00:00,NODE_09,27.32405,88.62626,69.0,100.0,0.2818,0.1373,12.16
2023-06-23 07:00:00,NODE_10,27.28763,88.57017,69.87,100.0,-0.012,0.0054,12.16
2023-06-23 08:00:00,NODE_01,27.29535,88.6231,68.15,100.0,0.0087,-0.0031,12.16
2023-06-23 08:00:00,NODE_02,27.35987,88.66507,68.93,100.0,-0.0099,-0.0018,12.16
2023-06-23 08:00:00,NODE_03,27.32649,88.60522,68.68,100.0,0.1148,0.177,12.16
2023-06-23 08:00:00,NODE_04,27.36949,88.5676,68.76,100.0,-0.0086,-0.0166,12.16
2023-06-23 08:00:00,NODE_05,27.35503,88.67429,68.84,100.0,0.0061,0.002,12.16
2023-06-23 08:00:00,NODE_06,27.3375,88.61639,67.6,100.0,-0.0073,-0.0078,12.16
2023-06-23 08:00:00,NODE_07,27.35687,88.65051,68.51,100.0,0.1536,0.0972,12.16
2023-06-23 08:00:00,NODE_08,27.3729,88.65823,68.99,100.0,-0.0009,-0.0035,12.16
2023-06-23 08:00:00,NODE_09,27.32405,88.62626,68.33,100.0,0.2828,0.1402,12.16
2023-06-23 08:00:00,NODE_10,27.28763,88.57017,68.83,100.0,-0.0065,0.0096,12.16
2023-06-23 09:00:00,NODE_01,27.29535,88.6231,68.53,100.0,-0.0098,-0.0159,12.16
2023-06-23 09:00:00,NODE_02,27.35987,88.66507,68.17,100.0,-0.0173,0.0084,12.16
2023-06-23 09:00:00,NODE_03,27.32649,88.60522,67.86,100.0,0.114,0.174,12.16
2023-06-23 09:00:00,NODE_04,27.36949,88.5676,68.34,100.0,-0.0079,-0.0001,12.16
2023-06-23 09:00:00,NODE_05,27.35503,88.67429,67.96,100.0,-0.0205,-0.0044,12.16
2023-06-23 09:00:00,NODE_06,27.3375,88.61639,67.84,100.0,-0.0078,-0.0088,12.16
2023-06-23 09:00:00,NODE_07,27.35687,88.65051,67.72,100.0,0.1208,0.0984,12.16
2023-06-23 09:00:00,NODE_08,27.3729,88.65823,68.56,100.0,-0.0008,0.0192,12.16
2023-06-23 09:00:00,NODE_09,27.32405,88.62626,68.23,100.0,0.307,0.1397,12.16
2023-06-23 09:00:00,NODE_10,27.28763,88.57017,69.0,100.0,0.0181,-0.007,12.16
2023-06-23 10:00:00,NODE_01,27.29535,88.6231,67.38,100.0,-0.0086,-0.0092,12.16
2023-06-23 10:00:00,NODE_02,27.35987,88.66507,67.62,100.0,0.0153,-0.0043,12.16
2023-06-23 10:00:00,NODE_03,27.32649,88.60522,67.23,100.0,0.1318,0.1867,12.16
2023-06-23 10:00:00,NODE_04,27.36949,88.5676,67.83,100.0,-0.01,-0.0095,12.16
2023-06-23 10:00:00,NODE_05,27.35503,88.67429,67.5,100.0,-0.0062,0.0067,12.16
2023-06-23 10:00:00,NODE_06,27.3375,88.61639,67.47,100.0,0.0031,0.017,12.16
2023-06-23 10:00:00,NODE_07,27.35687,88.65051,67.86,100.0,0.1583,0.1026,12.16
2023-06-23 10:00:00,NODE_08,27.3729,88.65823,67.73,100.0,0.0014,0.0226,12.16
2023-06-23 10:00:00,NODE_09,27.32405,88.62626,67.44,100.0,0.3092,0.1622,12.16
2023-06-23 10:00:00,NODE_10,27.28763,88.57017,68.62,100.0,-0.0035,0.0218,12.16
2023-06-23 11:00:00,NODE_01,27.29535,88.6231,67.05,100.0,0.0011,0.0157,12.16
2023-06-23 11:00:00,NODE_02,27.35987,88.66507,67.1,100.0,0.0137,-0.0025,12.16
2023-06-23 11:00:00,NODE_03,27.32649,88.60522,66.68,100.0,0.1102,0.1717,12.16
2023-06-23 11:00:00,NODE_04,27.36949,88.5676,66.57,100.0,0.0121,-0.0105,12.16
2023-06-23 11:00:00,NODE_05,27.35503,88.67429,67.06,100.0,0.0029,0.0103,12.16
2023-06-23 11:00:00,NODE_06,27.3375,88.61639,66.64,100.0,0.0043,-0.0153,12.16
2023-06-23 11:00:00,NODE_07,27.35687,88.65051,67.38,100.0,0.1366,0.1091,12.16
2023-06-23 11:00:00,NODE_08,27.3729,88.65823,66.96,100.0,0.0048,0.0042,12.16
2023-06-23 11:00:00,NODE_09,27.32405,88.62626,66.57,100.0,0.3007,0.1672,12.16
2023-06-23 11:00:00,NODE_10,27.28763,88.57017,66.71,100.0,-0.011,0.02,12.16
2023-06-23 12:00:00,NODE_01,27.29535,88.6231,65.82,100.0,0.0173,0.0038,6.56
2023-06-23 12:00:00,NODE_02,27.35987,88.66507,66.02,100.0,0.006,-0.0113,6.56
2023-06-23 12:00:00,NODE_03,27.32649,88.60522,66.28,100.0,0.1225,0.1761,6.56
2023-06-23 12:00:00,NODE_04,27.36949,88.5676,65.99,100.0,-0.0024,0.0026,6.56
2023-06-23 12:00:00,NODE_05,27.35503,88.67429,66.11,100.0,0.0112,0.0068,6.56
2023-06-23 12:00:00,NODE_06,27.3375,88.61639,66.42,100.0,-0.0031,0.0202,6.56
2023-06-23 12:00:00,NODE_07,27.35687,88.65051,66.17,100.0,0.1268,0.1102,6.56
2023-06-23 12:00:00,NODE_08,27.3729,88.65823,66.77,100.0,-0.0,0.009,6.56
2023-06-23 12:00:00,NODE_09,27.32405,88.62626,66.32,100.0,0.3175,0.1581,6.56
2023-06-23 12:00:00,NODE_10,27.28763,88.57017,66.17,100.0,0.0049,0.0043,6.56
2023-06-23 13:00:00,NODE_01,27.29535,88.6231,66.18,100.0,-0.0192,-0.0132,6.56
2023-06-23 13:00:00,NODE_02,27.35987,88.66507,66.24,100.0,-0.009,-0.0065,6.56
2023-06-23 13:00:00,NODE_03,27.32649,88.60522,65.71,100.0,0.1166,0.1851,6.56
2023-06-23 13:00:00,NODE_04,27.36949,88.5676,65.73,100.0,-0.0063,-0.0055,6.56
2023-06-23 13:00:00,NODE_05,27.35503,88.67429,65.57,100.0,0.002,-0.0104,6.56
2023-06-23 13:00:00,NODE_06,27.3375,88.61639,66.21,100.0,-0.0113,0.0029,6.56
2023-06-23 13:00:00,NODE_07,27.35687,88.65051,65.64,100.0,0.1289,0.1061,6.56
2023-06-23 13:00:00,NODE_08,27.3729,88.65823,66.41,100.0,-0.0007,0.0087,6.56
2023-06-23 13:00:00,NODE_09,27.32405,88.62626,65.73,100.0,0.3133,0.1551,6.56
2023-06-23 13:00:00,NODE_10,27.28763,88.57017,65.93,100.0,-0.0036,0.0118,6.56
2023-06-23 14:00:00,NODE_01,27.29535,88.6231,65.62,100.0,0.0028,-0.0154,7.28
2023-06-23 14:00:00,NODE_02,27.35987,88.66507,65.02,100.0,0.0181,0.0176,7.28
2023-06-23 14:00:00,NODE_03,27.32649,88.60522,65.05,100.0,0.1421,0.2036,7.28
2023-06-23 14:00:00,NODE_04,27.36949,88.5676,65.49,100.0,0.0141,-0.0122,7.28
2023-06-23 14:00:00,NODE_05,27.35503,88.67429,65.05,100.0,0.0146,0.001,7.28
2023-06-23 14:00:00,NODE_06,27.3375,88.61639,65.33,100.0,0.0125,0.0099,7.28
2023-06-23 14:00:00,NODE_07,27.35687,88.65051,64.67,100.0,0.1631,0.1074,7.28
2023-06-23 14:00:00,NODE_08,27.3729,88.65823,64.45,100.0,-0.0132,-0.0128,7.28
2023-06-23 14:00:00,NODE_09,27.32405,88.62626,64.84,100.0,0.3175,0.1461,7.28
2023-06-23 14:00:00,NODE_10,27.28763,88.57017,64.76,100.0,0.0015,-0.003,7.28
2023-06-23 15:00:00,NODE_01,27.29535,88.6231,64.99,100.0,-0.0138,-0.0011,7.28
2023-06-23 15:00:00,NODE_02,27.35987,88.66507,64.43,100.0,-0.0035,0.0007,7.28
2023-06-23 15:00:00,NODE_03,27.32649,88.60522,64.44,100.0,0.1225,0.2039,7.28
2023-06-23 15:00:00,NODE_04,27.36949,88.5676,64.14,100.0,0.0058,0.0132,7.28
2023-06-23 15:00:00,NODE_05,27.35503,88.67429,64.48,100.0,0.0087,-0.0091,7.28
2023-06-23 15:00:00,NODE_06,27.3375,88.61639,65.02,100.0,0.0104,0.0087,7.28
2023-06-23 15:00:00,NODE_07,27.35687,88.65051,64.64,100.0,0.147,0.109,7.28
2023-06-23 15:00:00,NODE_08,27.3729,88.65823,64.59,100.0,0.0201,0.007,7.28
2023-06-23 15:00:00,NODE_09,27.32405,88.62626,64.4,100.0,0.3254,0.1736,7.28
2023-06-23 15:00:00,NODE_10,27.28763,88.57017,64.95,100.0,-0.0091,-0.0127,7.28
2023-06-23 16:00:00,NODE_01,27.29535,88.6231,63.49,100.0,-0.0063,0.0156,5.25
2023-06-23 16:00:00,NODE_02,27.35987,88.66507,64.29,100.0,-0.0027,-0.01,5.25
2023-06-23 16:00:00,NODE_03,27.32649,88.60522,63.96,100.0,0.1435,0.2183,5.25
2023-06-23 16:00:00,NODE_04,27.36949,88.5676,64.02,100.0,-0.0092,0.0092,5.25
2023-06-23 16:00:00,NODE_05,27.35503,88.67429,63.92,100.0,-0.0049,0.001,5.25
2023-06-23 16:00:00,NODE_06,27.3375,88.61639,64.54,100.0,-0.0199,0.0062,5.25
2023-06-23 16:00:00,NODE_07,27.35687,88.65051,64.19,100.0,0.1389,0.1041,5.25
2023-06-23 16:00:00,NODE_08,27.3729,88.65823,64.08,100.0,0.0054,-0.0102,5.25
2023-06-23 16:00:00,NODE_09,27.32405,88.62626,64.18,100.0,0.3375,0.1614,5.25
2023-06-23 16:00:00,NODE_10,27.28763,88.57017,64.14,100.0,-0.0087,0.008,5.25
2023-06-23 17:00:00,NODE_01,27.29535,88.6231,63.84,100.0,-0.0036,-0.0019,5.25
2023-06-23 17:00:00,NODE_02,27.35987,88.66507,62.78,100.0,0.0144,-0.0031,5.25
2023-06-23 17:00:00,NODE_03,27.32649,88.60522,64.51,100.0,0.1622,0.2024,5.25
2023-06-23 17:00:00,NODE_04,27.36949,88.5676,63.41,100.0,-0.0122,-0.0193,5.25
2023-06-23 17:00:00,NODE_05,27.35503,88.67429,63.82,100.0,-0.0014,-0.0091,5.25
2023-06-23 17:00:00,NODE_06,27.3375,88.61639,63.1,100.0,0.0134,0.0166,5.25
2023-06-23 17:00:00,NODE_07,27.35687,88.65051,63.42,100.0,0.1452,0.106,5.25
2023-06-23 17:00:00,NODE_08,27.3729,88.65823,63.34,100.0,0.0021,-0.0017,5.25
2023-06-23 17:00:00,NODE_09,27.32405,88.62626,63.1,100.0,0.3272,0.1596,5.25
2023-06-23 17:00:00,NODE_10,27.28763,88.57017,63.66,100.0,-0.0079,-0.0092,5.25
2023-06-23 18:00:00,NODE_01,27.29535,88.6231,63.1,100.0,-0.0042,0.0131,5.25
2023-06-23 18:00:00,NODE_02,27.35987,88.66507,62.62,100.0,0.0066,-0.016,5.25
2023-06-23 18:00:00,NODE_03,27.32649,88.60522,62.63,100.0,0.1652,0.2212,5.25
2023-06-23 18:00:00,NODE_04,27.36949,88.5676,63.1,100.0,0.0116,-0.0147,5.25
2023-06-23 18:00:00,NODE_05,27.35503,88.67429,62.23,100.0,0.0041,0.0128,5.25
2023-06-23 18:00:00,NODE_06,27.3375,88.61639,63.11,100.0,-0.0021,-0.0108,5.25
2023-06-23 18:00:00,NODE_07,27.35687,88.65051,63.09,100.0,0.1541,0.1213,5.25
2023-06-23 18:00:00,NODE_08,27.3729,88.65823,63.33,100.0,-0.0062,0.0114,5.25
2023-06-23 18:00:00,NODE_09,27.32405,88.62626,62.69,100.0,0.3462,0.1737,5.25
2023-06-23 18:00:00,NODE_10,27.28763,88.57017,62.7,100.0,0.008,0.0131,5.25
2023-06-23 19:00:00,NODE_01,27.29535,88.6231,61.72,100.0,-0.0053,0.0035,5.25
2023-06-23 19:00:00,NODE_02,27.35987,88.66507,62.76,100.0,0.022,-0.0101,5.25
2023-06-23 19:00:00,NODE_03,27.32649,88.60522,62.14,100.0,0.1331,0.2182,5.25
2023-06-23 19:00:00,NODE_04,27.36949,88.5676,62.36,100.0,0.0002,0.0059,5.25
2023-06-23 19:00:00,NODE_05,27.35503,88.67429,62.99,100.0,-0.0045,0.0078,5.25
2023-06-23 19:00:00,NODE_06,27.3375,88.61639,62.76,100.0,0.0019,-0.0016,5.25
2023-06-23 19:00:00,NODE_07,27.35687,88.65051,62.49,100.0,0.1523,0.1107,5.25
2023-06-23 19:00:00,NODE_08,27.3729,88.65823,62.47,100.0,-0.01,0.0008,5.25
2023-06-23 19:00:00,NODE_09,27.32405,88.62626,62.58,100.0,0.3713,0.1726,5.25
2023-06-23 19:00:00,NODE_10,27.28763,88.57017,62.05,100.0,-0.0023,0.0105,5.25
2023-06-23 20:00:00,NODE_01,27.29535,88.6231,61.79,100.0,0.0001,0.0047,5.25
2023-06-23 20:00:00,NODE_02,27.35987,88.66507,61.11,100.0,0.0025,0.0136,5.25
2023-06-23 20:00:00,NODE_03,27.32649,88.60522,63.12,100.0,0.1568,0.2138,5.25
2023-06-23 20:00:00,NODE_04,27.36949,88.5676,61.59,100.0,-0.0155,-0.0028,5.25
2023-06-23 20:00:00,NODE_05,27.35503,88.67429,61.86,100.0,0.0153,0.0115,5.25
2023-06-23 20:00:00,NODE_06,27.3375,88.61639,61.63,100.0,0.0114,-0.0085,5.25
2023-06-23 20:00:00,NODE_07,27.35687,88.65051,61.38,100.0,0.1584,0.128,5.25
2023-06-23 20:00:00,NODE_08,27.3729,88.65823,62.57,100.0,0.0086,0.011,5.25
2023-06-23 20:00:00,NODE_09,27.32405,88.62626,61.8,100.0,0.3532,0.1634,5.25
2023-06-23 20:00:00,NODE_10,27.28763,88.57017,61.01,100.0,-0.0105,0.0024,5.25
2023-06-23 21:00:00,NODE_01,27.29535,88.6231,61.4,100.0,-0.0054,-0.0134,5.25
2023-06-23 21:00:00,NODE_02,27.35987,88.66507,61.7,100.0,-0.004,-0.0014,5.25
2023-06-23 21:00:00,NODE_03,27.32649,88.60522,61.42,100.0,0.1465,0.2309,5.25
2023-06-23 21:00:00,NODE_04,27.36949,88.5676,61.75,100.0,-0.0178,0.015,5.25
2023-06-23 21:00:00,NODE_05,27.35503,88.67429,61.5,100.0,-0.0111,0.0105,5.25
2023-06-23 21:00:00,NODE_06,27.3375,88.61639,60.94,100.0,0.0165,-0.017,5.25
2023-06-23 21:00:00,NODE_07,27.35687,88.65051,61.73,100.0,0.1753,0.1214,5.25
2023-06-23 21:00:00,NODE_08,27.3729,88.65823,61.69,100.0,-0.0016,0.013,5.25
2023-06-23 21:00:00,NODE_09,27.32405,88.62626,61.06,100.0,0.3569,0.1673,5.25
2023-06-23 21:00:00,NODE_10,27.28763,88.57017,61.85,100.0,0.0016,0.0018,5.25
2023-06-23 22:00:00,NODE_01,27.29535,88.6231,61.35,100.0,-0.0146,0.0094,8.81
2023-06-23 22:00:00,NODE_02,27.35987,88.66507,61.73,100.0,-0.0061,0.0189,8.81
2023-06-23 22:00:00,NODE_03,27.32649,88.60522,60.57,100.0,0.1472,0.2302,8.81
2023-06-23 22:00:00,NODE_04,27.36949,88.5676,60.91,100.0,-0.0112,0.0062,8.81
2023-06-23 22:00:00,NODE_05,27.35503,88.67429,61.41,100.0,0.0032,-0.0027,8.81
2023-06-23 22:00:00,NODE_06,27.3375,88.61639,61.34,100.0,0.01,-0.0066,8.81
2023-06-23 22:00:00,NODE_07,27.35687,88.65051,61.04,100.0,0.1488,0.1321,8.81
2023-06-23 22:00:00,NODE_08,27.3729,88.65823,61.67,100.0,0.0062,-0.0176,8.81
2023-06-23 22:00:00,NODE_09,27.32405,88.62626,60.76,100.0,0.3607,0.1871,8.81
2023-06-23 22:00:00,NODE_10,27.28763,88.57017,61.5,100.0,0.0008,0.0099,8.81
2023-06-23 23:00:00,NODE_01,27.29535,88.6231,61.07,100.0,0.0078,-0.0033,8.81
2023-06-23 23:00:00,NODE_02,27.35987,88.66507,60.85,100.0,-0.0185,-0.001,8.81
2023-06-23 23:00:00,NODE_03,27.32649,88.60522,61.33,100.0,0.1606,0.2284,8.81
2023-06-23 23:00:00,NODE_04,27.36949,88.5676,60.88,100.0,-0.0124,0.003,8.81
2023-06-23 23:00:00,NODE_05,27.35503,88.67429,60.71,100.0,0.0074,-0.0043,8.81
2023-06-23 23:00:00,NODE_06,27.3375,88.61639,60.4,100.0,0.0024,0.0187,8.81
2023-06-23 23:00:00,NODE_07,27.35687,88.65051,61.67,100.0,0.1691,0.1322,8.81
2023-06-23 23:00:00,NODE_08,27.3729,88.65823,60.52,100.0,-0.0135,-0.0218,8.81
2023-06-23 23:00:00,NODE_09,27.32405,88.62626,60.59,100.0,0.3715,0.1797,8.81
2023-06-23 23:00:00,NODE_10,27.28763,88.57017,61.27,100.0,0.0057,0.0027,8.81
2023-06-24 00:00:00,NODE_01,27.29535,88.6231,60.99,100.0,0.0075,0.0086,8.81
2023-06-24 00:00:00,NODE_02,27.35987,88.66507,60.99,100.0,-0.0028,-0.0004,8.81
2023-06-24 00:00:00,NODE_03,27.32649,88.60522,60.51,100.0,0.1767,0.239,8.81
2023-06-24 00:00:00,NODE_04,27.36949,88.5676,60.23,100.0,-0.0205,-0.0102,8.81
2023-06-24 00:00:00,NODE_05,27.35503,88.67429,60.51,100.0,-0.0031,0.0174,8.81
2023-06-24 00:00:00,NODE_06,27.3375,88.61639,60.44,100.0,-0.0138,-0.0017,8.81
2023-06-24 00:00:00,NODE_07,27.35687,88.65051,61.04,100.0,0.1645,0.1363,8.81
2023-06-24 00:00:00,NODE_08,27.3729,88.65823,60.55,100.0,0.0155,0.0116,8.81
2023-06-24 00:00:00,NODE_09,27.32405,88.62626,60.82,100.0,0.3557,0.194,8.81
2023-06-24 00:00:00,NODE_10,27.28763,88.57017,61.01,100.0,-0.0048,-0.004,8.81
2023-06-24 01:00:00,NODE_01,27.29535,88.6231,60.92,100.0,0.0084,-0.0081,8.81
2023-06-24 01:00:00,NODE_02,27.35987,88.66507,60.78,100.0,0.0114,0.0064,8.81
2023-06-24 01:00:00,NODE_03,27.32649,88.60522,60.7,100.0,0.173,0.2411,8.81
2023-06-24 01:00:00,NODE_04,27.36949,88.5676,60.05,100.0,-0.011,0.0049,8.81
2023-06-24 01:00:00,NODE_05,27.35503,88.67429,59.92,100.0,-0.0054,-0.0017,8.81
2023-06-24 01:00:00,NODE_06,27.3375,88.61639,60.07,100.0,-0.0203,0.0198,8.81
2023-06-24 01:00:00,NODE_07,27.35687,88.65051,61.12,100.0,0.1629,0.1251,8.81
2023-06-24 01:00:00,NODE_08,27.3729,88.65823,60.04,100.0,0.009,0.012,8.81
2023-06-24 01:00:00,NODE_09,27.32405,88.62626,61.14,100.0,0.3939,0.1929,8.81
2023-06-24 01:00:00,NODE_10,27.28763,88.57017,59.41,100.0,-0.0008,-0.0151,8.81
2023-06-24 02:00:00,NODE_01,27.29535,88.6231,60.59,100.0,-0.0154,0.0018,11.36
2023-06-24 02:00:00,NODE_02,27.35987,88.66507,59.91,100.0,0.006,-0.0267,11.36
2023-06-24 02:00:00,NODE_03,27.32649,88.60522,60.02,100.0,0.1625,0.2447,11.36
2023-06-24 02:00:00,NODE_04,27.36949,88.5676,60.31,100.0,-0.0092,-0.0128,11.36
2023-06-24 02:00:00,NODE_05,27.35503,88.67429,60.0,100.0,-0.0008,-0.0135,11.36
2023-06-24 02:00:00,NODE_06,27.3375,88.61639,60.28,100.0,0.0088,0.0209,11.36
2023-06-24 02:00:00,NODE_07,27.35687,88.65051,60.57,100.0,0.1812,0.136,11.36
2023-06-24 02:00:00,NODE_08,27.3729,88.65823,60.63,100.0,-0.0008,0.0026,11.36
2023-06-24 02:00:00,NODE_09,27.32405,88.62626,60.33,100.0,0.3918,0.2045,11.36
2023-06-24 02:00:00,NODE_10,27.28763,88.57017,59.8,100.0,0.0042,0.0096,11.36
2023-06-24 03:00:00,NODE_01,27.29535,88.6231,58.85,100.0,0.003,0.0035,12.46
2023-06-24 03:00:00,NODE_02,27.35987,88.66507,60.35,100.0,0.0002,0.002,12.46
2023-06-24 03:00:00,NODE_03,27.32649,88.60522,59.82,100.0,0.1794,0.246,12.46
2023-06-24 03:00:00,NODE_04,27.36949,88.5676,60.13,100.0,-0.0046,0.0131,12.46
2023-06-24 03:00:00,NODE_05,27.35503,88.67429,60.28,100.0,0.0081,0.0101,12.46
2023-06-24 03:00:00,NODE_06,27.3375,88.61639,60.09,100.0,0.0134,0.03,12.46
2023-06-24 03:00:00,NODE_07,27.35687,88.65051,60.09,100.0,0.1584,0.1412,12.46
2023-06-24 03:00:00,NODE_08,27.3729,88.65823,59.61,100.0,0.0047,0.0039,12.46
2023-06-24 03:00:00,NODE_09,27.32405,88.62626,59.47,100.0,0.3806,0.1883,12.46
2023-06-24 03:00:00,NODE_10,27.28763,88.57017,59.9,100.0,-0.0101,0.0037,12.46
2023-06-24 04:00:00,NODE_01,27.29535,88.6231,59.77,100.0,0.0068,-0.0015,7.93
2023-06-24 04:00:00,NODE_02,27.35987,88.66507,59.63,100.0,-0.0099,-0.0005,7.93
2023-06-24 04:00:00,NODE_03,27.32649,88.60522,60.54,100.0,0.1526,0.2409,7.93
2023-06-24 04:00:00,NODE_04,27.36949,88.5676,60.14,100.0,0.0169,0.0042,7.93
2023-06-24 04:00:00,NODE_05,27.35503,88.67429,59.67,100.0,-0.005,0.0014,7.93
2023-06-24 04:00:00,NODE_06,27.3375,88.61639,60.31,100.0,-0.0081,0.0191,7.93
2023-06-24 04:00:00,NODE_07,27.35687,88.65051,59.61,100.0,0.1519,0.1203,7.93
2023-06-24 04:00:00,NODE_08,27.3729,88.65823,59.53,100.0,0.0074,0.0089,7.93
2023-06-24 04:00:00,NODE_09,27.32405,88.62626,60.18,100.0,0.3925,0.2016,7.93
2023-06-24 04:00:00,NODE_10,27.28763,88.57017,59.47,100.0,0.0089,0.0276,7.93
2023-06-24 05:00:00,NODE_01,27.29535,88.6231,59.44,100.0,-0.0103,0.004,7.93
2023-06-24 05:00:00,NODE_02,27.35987,88.66507,59.31,100.0,0.0023,0.0149,7.93
2023-06-24 05:00:00,NODE_03,27.32649,88.60522,59.73,100.0,0.1701,0.2586,7.93
2023-06-24 05:00:00,NODE_04,27.36949,88.5676,59.73,100.0,-0.0027,-0.0082,7.93
2023-06-24 05:00:00,NODE_05,27.35503,88.67429,59.75,100.0,-0.0107,0.0151,7.93
2023-06-24 05:00:00,NODE_06,27.3375,88.61639,59.14,100.0,-0.0027,0.0236,7.93
2023-06-24 05:00:00,NODE_07,27.35687,88.65051,59.23,100.0,0.1804,0.1549,7.93
2023-06-24 05:00:00,NODE_08,27.3729,88.65823,59.06,100.0,-0.0134,0.0087,7.93
2023-06-24 05:00:00,NODE_09,27.32405,88.62626,59.2,100.0,0.3917,0.2082,7.93
2023-06-24 05:00:00,NODE_10,27.28763,88.57017,58.83,100.0,0.0002,-0.001,7.93
2023-06-24 06:00:00,NODE_01,27.29535,88.6231,58.29,100.0,0.0001,-0.0027,7.93
2023-06-24 06:00:00,NODE_02,27.35987,88.66507,58.67,100.0,0.0101,0.0096,7.93
2023-06-24 06:00:00,NODE_03,27.32649,88.60522,59.38,100.0,0.1721,0.2536,7.93
2023-06-24 06:00:00,NODE_04,27.36949,88.5676,59.82,100.0,-0.0017,0.008,7.93
2023-06-24 06:00:00,NODE_05,27.35503,88.67429,58.04,100.0,0.0115,0.0024,7.93
2023-06-24 06:00:00,NODE_06,27.3375,88.61639,58.6,100.0,-0.0056,0.0033,7.93
2023-06-24 06:00:00,NODE_07,27.35687,88.65051,59.2,100.0,0.1794,0.1625,7.93
2023-06-24 06:00:00,NODE_08,27.3729,88.65823,60.09,100.0,0.0168,-0.003,7.93
2023-06-24 06:00:00,NODE_09,27.32405,88.62626,58.99,100.0,0.4053,0.1982,7.93
2023-06-24 06:00:00,NODE_10,27.28763,88.57017,58.6,100.0,-0.011,0.003,7.93
2023-06-24 07:00:00,NODE_01,27.29535,88.6231,58.52,100.0,-0.0012,-0.0065,7.93
2023-06-24 07:00:00,NODE_02,27.35987,88.66507,58.62,100.0,0.0043,-0.0113,7.93
2023-06-24 07:00:00,NODE_03,27.32649,88.60522,58.65,100.0,0.1837,0.2553,7.93
2023-06-24 07:00:00,NODE_04,27.36949,88.5676,58.18,100.0,0.0051,0.0224,7.93
2023-06-24 07:00:00,NODE_05,27.35503,88.67429,58.32,100.0,0.004,-0.0002,7.93
2023-06-24 07:00:00,NODE_06,27.3375,88.61639,58.69,100.0,-0.0058,0.0023,7.93
2023-06-24 07:00:00,NODE_07,27.35687,88.65051,58.54,100.0,0.1698,0.1513,7.93
2023-06-24 07:00:00,NODE_08,27.3729,88.65823,58.42,100.0,0.0048,0.0096,7.93
2023-06-24 07:00:00,NODE_09,27.32405,88.62626,58.24,100.0,0.408,0.2183,7.93
2023-06-24 07:00:00,NODE_10,27.28763,88.57017,58.5,100.0,-0.0111,0.0033,7.93
2023-06-24 08:00:00,NODE_01,27.29535,88.6231,58.48,100.0,0.0184,0.0161,7.93
2023-06-24 08:00:00,NODE_02,27.35987,88.66507,58.44,100.0,0.0017,0.0124,7.93
2023-06-24 08:00:00,NODE_03,27.32649,88.60522,57.8,100.0,0.1836,0.267,7.93
2023-06-24 08:00:00,NODE_04,27.36949,88.5676,57.33,100.0,-0.0024,-0.0022,7.93
2023-06-24 08:00:00,NODE_05,27.35503,88.67429,58.44,100.0,0.0101,0.0153,7.93
2023-06-24 08:00:00,NODE_06,27.3375,88.61639,57.66,100.0,0.0107,0.0029,7.93
2023-06-24 08:00:00,NODE_07,27.35687,88.65051,57.74,100.0,0.1688,0.1519,7.93
2023-06-24 08:00:00,NODE_08,27.3729,88.65823,58.19,100.0,-0.007,-0.0035,7.93
2023-06-24 08:00:00,NODE_09,27.32405,88.62626,58.79,100.0,0.4148,0.1929,7.93
2023-06-24 08:00:00,NODE_10,27.28763,88.57017,58.0,100.0,-0.001,0.0065,7.93
2023-06-24 09:00:00,NODE_01,27.29535,88.6231,57.05,100.0,0.0192,0.0105,7.93
2023-06-24 09:00:00,NODE_02,27.35987,88.66507,57.41,100.0,-0.008,-0.0026,7.93
2023-06-24 09:00:00,NODE_03,27.32649,88.60522,57.73,100.0,0.1868,0.2806,7.93
2023-06-24 09:00:00,NODE_04,27.36949,88.5676,57.06,100.0,0.004,0.0055,7.93
2023-06-24 09:00:00,NODE_05,27.35503,88.67429,57.41,100.0,0.0076,-0.0154,7.93
2023-06-24 09:00:00,NODE_06,27.3375,88.61639,57.24,100.0,0.0022,0.0,7.93
2023-06-24 09:00:00,NODE_07,27.35687,88.65051,57.81,100.0,0.2078,0.1517,7.93
2023-06-24 09:00:00,NODE_08,27.3729,88.65823,57.03,100.0,-0.011,0.0024,7.93
2023-06-24 09:00:00,NODE_09,27.32405,88.62626,57.03,100.0,0.4073,0.2039,7.93
2023-06-24 09:00:00,NODE_10,27.28763,88.57017,57.84,100.0,-0.0055,-0.0097,7.93
2023-06-24 10:00:00,NODE_01,27.29535,88.6231,57.34,100.0,-0.0166,-0.0076,9.72
2023-06-24 10:00:00,NODE_02,27.35987,88.66507,56.69,100.0,0.0087,-0.009,9.72
2023-06-24 10:00:00,NODE_03,27.32649,88.60522,57.69,100.0,0.1892,0.2789,9.72
2023-06-24 10:00:00,NODE_04,27.36949,88.5676,56.92,100.0,0.0028,-0.0043,9.72
2023-06-24 10:00:00,NODE_05,27.35503,88.67429,56.87,100.0,0.0218,-0.0059,9.72
2023-06-24 10:00:00,NODE_06,27.3375,88.61639,56.46,100.0,-0.0023,0.0015,9.72
2023-06-24 10:00:00,NODE_07,27.35687,88.65051,57.22,100.0,0.1957,0.1446,9.72
2023-06-24 10:00:00,NODE_08,27.3729,88.65823,57.59,100.0,0.0099,0.002,9.72
2023-06-24 10:00:00,NODE_09,27.32405,88.62626,57.33,100.0,0.4179,0.1977,9.72
2023-06-24 10:00:00,NODE_10,27.28763,88.57017,58.03,100.0,0.0075,-0.0008,9.72
2023-06-24 11:00:00,NODE_01,27.29535,88.6231,56.56,100.0,0.0249,0.0057,9.72
2023-06-24 11:00:00,NODE_02,27.35987,88.66507,56.5,100.0,-0.0313,0.002,9.72
2023-06-24 11:00:00,NODE_03,27.32649,88.60522,56.98,100.0,0.1938,0.2756,9.72
2023-06-24 11:00:00,NODE_04,27.36949,88.5676,56.54,100.0,0.0012,0.0009,9.72
2023-06-24 11:00:00,NODE_05,27.35503,88.67429,56.67,100.0,0.0111,-0.0089,9.72
2023-06-24 11:00:00,NODE_06,27.3375,88.61639,57.05,100.0,0.0266,0.0075,9.72
2023-06-24 11:00:00,NODE_07,27.35687,88.65051,57.26,100.0,0.1939,0.1487,9.72
2023-06-24 11:00:00,NODE_08,27.3729,88.65823,56.22,100.0,0.0021,-0.0086,9.72
2023-06-24 11:00:00,NODE_09,27.32405,88.62626,56.65,100.0,0.4393,0.21,9.72
2023-06-24 11:00:00,NODE_10,27.28763,88.57017,57.2,100.0,-0.0029,0.0083,9.72
2023-06-24 12:00:00,NODE_01,27.29535,88.6231,56.39,100.0,-0.0092,-0.0074,9.72
2023-06-24 12:00:00,NODE_02,27.35987,88.66507,56.82,100.0,0.0038,-0.002,9.72
2023-06-24 12:00:00,NODE_03,27.32649,88.60522,57.38,100.0,0.2016,0.279,9.72
2023-06-24 12:00:00,NODE_04,27.36949,88.5676,56.7,100.0,0.0277,-0.0151,9.72
2023-06-24 12:00:00,NODE_05,27.35503,88.67429,55.45,100.0,-0.0072,-0.022,9.72
2023-06-24 12:00:00,NODE_06,27.3375,88.61639,57.28,100.0,-0.0143,-0.0047,9.72
2023-06-24 12:00:00,NODE_07,27.35687,88.65051,56.27,100.0,0.2182,0.1615,9.72
2023-06-24 12:00:00,NODE_08,27.3729,88.65823,56.27,100.0,0.0048,-0.0074,9.72
2023-06-24 12:00:00,NODE_09,27.32405,88.62626,56.95,100.0,0.4275,0.2184,9.72
2023-06-24 12:00:00,NODE_10,27.28763,88.57017,56.59,100.0,0.003,-0.0033,9.72
2023-06-24 13:00:00,NODE_01,27.29535,88.6231,57.16,100.0,0.0098,-0.0118,13.05
2023-06-24 13:00:00,NODE_02,27.35987,88.66507,57.31,100.0,0.0257,0.0154,13.05
2023-06-24 13:00:00,NODE_03,27.32649,88.60522,56.91,100.0,0.2003,0.295,13.05
2023-06-24 13:00:00,NODE_04,27.36949,88.5676,57.07,100.0,0.0091,-0.0,13.05
2023-06-24 13:00:00,NODE_05,27.35503,88.67429,56.17,100.0,0.0047,0.0087,13.05
2023-06-24 13:00:00,NODE_06,27.3375,88.61639,56.16,100.0,0.0055,-0.0138,13.05
2023-06-24 13:00:00,NODE_07,27.35687,88.65051,56.97,100.0,0.2091,0.1441,13.05
2023-06-24 13:00:00,NODE_08,27.3729,88.65823,56.28,100.0,0.0003,0.0223,13.05
2023-06-24 13:00:00,NODE_09,27.32405,88.62626,56.69,100.0,0.4115,0.2308,13.05
2023-06-24 13:00:00,NODE_10,27.28763,88.57017,57.29,100.0,-0.0085,0.0079,13.05
2023-06-24 14:00:00,NODE_01,27.29535,88.6231,56.27,100.0,0.0097,0.0103,12.33
2023-06-24 14:00:00,NODE_02,27.35987,88.66507,56.65,100.0,-0.0151,0.0034,12.33
2023-06-24 14:00:00,NODE_03,27.32649,88.60522,56.57,100.0,0.1987,0.2685,12.33
2023-06-24 14:00:00,NODE_04,27.36949,88.5676,57.1,100.0,-0.0108,0.0004,12.33
2023-06-24 14:00:00,NODE_05,27.35503,88.67429,56.91,100.0,-0.0056,-0.0056,12.33
2023-06-24 14:00:00,NODE_06,27.3375,88.61639,56.9,100.0,-0.0105,0.0036,12.33
2023-06-24 14:00:00,NODE_07,27.35687,88.65051,56.69,100.0,0.2191,0.1452,12.33
2023-06-24 14:00:00,NODE_08,27.3729,88.65823,56.58,100.0,-0.01,-0.0089,12.33
2023-06-24 14:00:00,NODE_09,27.32405,88.62626,56.99,100.0,0.4416,0.2236,12.33
2023-06-24 14:00:00,NODE_10,27.28763,88.57017,55.85,100.0,-0.0002,0.001,12.33
2023-06-24 15:00:00,NODE_01,27.29535,88.6231,56.9,100.0,-0.01,-0.017,15.03
2023-06-24 15:00:00,NODE_02,27.35987,88.66507,56.56,100.0,-0.0024,0.0021,15.03
2023-06-24 15:00:00,NODE_03,27.32649,88.60522,56.82,100.0,0.2082,0.3043,15.03
2023-06-24 15:00:00,NODE_04,27.36949,88.5676,56.92,100.0,0.0037,0.018,15.03
2023-06-24 15:00:00,NODE_05,27.35503,88.67429,56.49,100.0,-0.0045,0.0091,15.03
2023-06-24 15:00:00,NODE_06,27.3375,88.61639,56.7,100.0,-0.0016,-0.0069,15.03
2023-06-24 15:00:00,NODE_07,27.35687,88.65051,57.2,100.0,0.1922,0.1539,15.03
2023-06-24 15:00:00,NODE_08,27.3729,88.65823,56.4,100.0,0.0051,0.0037,15.03
2023-06-24 15:00:00,NODE_09,27.32405,88.62626,57.01,100.0,0.4723,0.2218,15.03
2023-06-24 15:00:00,NODE_10,27.28763,88.57017,55.89,100.0,0.0132,0.004,15.03
2023-06-24 16:00:00,NODE_01,27.29535,88.6231,55.81,100.0,0.0049,0.0093,15.03
2023-06-24 16:00:00,NODE_02,27.35987,88.66507,56.87,100.0,-0.0001,0.009,15.03
2023-06-24 16:00:00,NODE_03,27.32649,88.60522,56.61,100.0,0.2151,0.2814,15.03
2023-06-24 16:00:00,NODE_04,27.36949,88.5676,57.42,100.0,-0.0079,-0.018,15.03
2023-06-24 16:00:00,NODE_05,27.35503,88.67429,56.37,100.0,-0.0141,0.0039,15.03
2023-06-24 16:00:00,NODE_06,27.3375,88.61639,55.85,100.0,0.0015,-0.0059,15.03
2023-06-24 16:00:00,NODE_07,27.35687,88.65051,56.95,100.0,0.1944,0.1664,15.03
2023-06-24 16:00:00,NODE_08,27.3729,88.65823,57.17,100.0,-0.002,0.0058,15.03
2023-06-24 16:00:00,NODE_09,27.32405,88.62626,56.28,100.0,0.4617,0.2148,15.03
2023-06-24 16:00:00,NODE_10,27.28763,88.57017,56.21,100.0,-0.0015,0.0115,15.03
2023-06-24 17:00:00,NODE_01,27.29535,88.6231,57.15,100.0,-0.0011,-0.0025,15.03
2023-06-24 17:00:00,NODE_02,27.35987,88.66507,56.31,100.0,-0.0046,0.0109,15.03
2023-06-24 17:00:00,NODE_03,27.32649,88.60522,55.9,100.0,0.2039,0.2898,15.03
2023-06-24 17:00:00,NODE_04,27.36949,88.5676,56.26,100.0,0.0045,-0.0028,15.03
2023-06-24 17:00:00,NODE_05,27.35503,88.67429,55.47,100.0,-0.0029,0.0061,15.03
2023-06-24 17:00:00,NODE_06,27.3375,88.61639,56.04,100.0,0.0084,-0.0014,15.03
2023-06-24 17:00:00,NODE_07,27.35687,88.65051,56.37,100.0,0.2153,0.1532,15.03
2023-06-24 17:00:00,NODE_08,27.3729,88.65823,56.6,100.0,-0.0002,-0.0005,15.03
2023-06-24 17:00:00,NODE_09,27.32405,88.62626,57.57,100.0,0.4525,0.2207,15.03
2023-06-24 17:00:00,NODE_10,27.28763,88.57017,56.73,100.0,-0.0055,-0.0023,15.03
2023-06-24 18:00:00,NODE_01,27.29535,88.6231,56.17,100.0,0.0055,-0.0021,15.03
2023-06-24 18:00:00,NODE_02,27.35987,88.66507,55.78,100.0,0.0104,0.0078,15.03
2023-06-24 18:00:00,NODE_03,27.32649,88.60522,55.9,100.0,0.2115,0.3027,15.03
2023-06-24 18:00:00,NODE_04,27.36949,88.5676,55.28,100.0,-0.0138,0.0129,15.03
2023-06-24 18:00:00,NODE_05,27.35503,88.67429,55.28,100.0,0.0055,-0.0046,15.03
2023-06-24 18:00:00,NODE_06,27.3375,88.61639,55.55,100.0,-0.0026,-0.0037,15.03
2023-06-24 18:00:00,NODE_07,27.35687,88.65051,55.87,100.0,0.2159,0.1616,15.03
2023-06-24 18:00:00,NODE_08,27.3729,88.65823,55.66,100.0,0.0238,0.0067,15.03
2023-06-24 18:00:00,NODE_09,27.32405,88.62626,56.15,100.0,0.4629,0.2386,15.03
2023-06-24 18:00:00,NODE_10,27.28763,88.57017,56.0,100.0,-0.0086,-0.0145,15.03
2023-06-24 19:00:00,NODE_01,27.29535,88.6231,55.39,100.0,0.0023,0.0041,15.03
2023-06-24 19:00:00,NODE_02,27.35987,88.66507,55.08,100.0,0.0047,0.0142,15.03
2023-06-24 19:00:00,NODE_03,27.32649,88.60522,55.56,100.0,0.2264,0.3334,15.03
2023-06-24 19:00:00,NODE_04,27.36949,88.5676,55.89,100.0,-0.0111,-0.0024,15.03
2023-06-24 19:00:00,NODE_05,27.35503,88.67429,55.94,100.0,-0.0007,-0.0076,15.03
2023-06-24 19:00:00,NODE_06,27.3375,88.61639,55.34,100.0,-0.0037,0.0111,15.03
2023-06-24 19:00:00,NODE_07,27.35687,88.65051,56.18,100.0,0.2268,0.1648,15.03
2023-06-24 19:00:00,NODE_08,27.3729,88.65823,55.87,100.0,0.0087,0.0033,15.03
2023-06-24 19:00:00,NODE_09,27.32405,88.62626,55.25,100.0,0.4753,0.2469,15.03
2023-06-24 19:00:00,NODE_10,27.28763,88.57017,55.02,100.0,-0.0002,-0.0027,15.03
2023-06-24 20:00:00,NODE_01,27.29535,88.6231,55.24,100.0,0.012,0.0058,15.03
2023-06-24 20:00:00,NODE_02,27.35987,88.66507,55.57,100.0,0.0015,0.0061,15.03
2023-06-24 20:00:00,NODE_03,27.32649,88.60522,54.84,100.0,0.2064,0.3323,15.03
2023-06-24 20:00:00,NODE_04,27.36949,88.5676,54.27,100.0,0.0034,-0.0017,15.03
2023-06-24 20:00:00,NODE_05,27.35503,88.67429,55.26,100.0,-0.011,0.0009,15.03
2023-06-24 20:00:00,NODE_06,27.3375,88.61639,55.18,100.0,-0.0028,-0.0017,15.03
2023-06-24 20:00:00,NODE_07,27.35687,88.65051,54.89,100.0,0.2006,0.1577,15.03
2023-06-24 20:00:00,NODE_08,27.3729,88.65823,54.85,100.0,0.0093,-0.0087,15.03
2023-06-24 20:00:00,NODE_09,27.32405,88.62626,55.09,100.0,0.4561,0.2365,15.03
2023-06-24 20:00:00,NODE_10,27.28763,88.57017,54.72,100.0,0.0141,-0.0083,15.03
2023-06-24 21:00:00,NODE_01,27.29535,88.6231,54.0,100.0,0.0008,-0.0083,15.03
2023-06-24 21:00:00,NODE_02,27.35987,88.66507,53.54,100.0,0.008,0.0017,15.03
2023-06-24 21:00:00,NODE_03,27.32649,88.60522,54.7,100.0,0.2381,0.3265,15.03
2023-06-24 21:00:00,NODE_04,27.36949,88.5676,54.26,100.0,0.01,-0.0083,15.03
2023-06-24 21:00:00,NODE_05,27.35503,88.67429,54.04,100.0,-0.0152,0.0092,15.03
2023-06-24 21:00:00,NODE_06,27.3375,88.61639,55.3,100.0,-0.0108,0.0116,15.03
2023-06-24 21:00:00,NODE_07,27.35687,88.65051,54.86,100.0,0.2265,0.1454,15.03
2023-06-24 21:00:00,NODE_08,27.3729,88.65823,54.32,100.0,0.0272,0.0054,15.03
2023-06-24 21:00:00,NODE_09,27.32405,88.62626,54.81,100.0,0.4702,0.2553,15.03
2023-06-24 21:00:00,NODE_10,27.28763,88.57017,54.06,100.0,-0.0136,-0.0213,15.03
2023-06-24 22:00:00,NODE_01,27.29535,88.6231,54.59,100.0,-0.0017,0.0072,11.48
2023-06-24 22:00:00,NODE_02,27.35987,88.66507,54.44,100.0,0.0002,0.0124,11.48
2023-06-24 22:00:00,NODE_03,27.32649,88.60522,54.13,100.0,0.2093,0.3268,11.48
2023-06-24 22:00:00,NODE_04,27.36949,88.5676,54.32,100.0,0.005,-0.0093,11.48
2023-06-24 22:00:00,NODE_05,27.35503,88.67429,53.86,100.0,0.0211,-0.0005,11.48
2023-06-24 22:00:00,NODE_06,27.3375,88.61639,53.54,100.0,0.0063,0.0021,11.48
2023-06-24 22:00:00,NODE_07,27.35687,88.65051,53.96,100.0,0.232,0.1616,11.48
2023-06-24 22:00:00,NODE_08,27.3729,88.65823,54.48,100.0,0.0038,-0.0054,11.48
2023-06-24 22:00:00,NODE_09,27.32405,88.62626,54.35,100.0,0.4878,0.2363,11.48
2023-06-24 22:00:00,NODE_10,27.28763,88.57017,53.62,100.0,-0.0005,-0.0011,11.48
2023-06-24 23:00:00,NODE_01,27.29535,88.6231,53.55,100.0,0.011,0.0011,11.48
2023-06-24 23:00:00,NODE_02,27.35987,88.66507,53.49,100.0,0.0318,-0.0009,11.48
2023-06-24 23:00:00,NODE_03,27.32649,88.60522,53.99,100.0,0.2219,0.3085,11.48
2023-06-24 23:00:00,NODE_04,27.36949,88.5676,53.64,100.0,0.0085,-0.0183,11.48
2023-06-24 23:00:00,NODE_05,27.35503,88.67429,53.67,100.0,0.0033,-0.007,11.48
2023-06-24 23:00:00,NODE_06,27.3375,88.61639,53.49,100.0,0.0028,-0.0009,11.48
2023-06-24 23:00:00,NODE_07,27.35687,88.65051,52.94,100.0,0.234,0.1764,11.48
2023-06-24 23:00:00,NODE_08,27.3729,88.65823,52.7,100.0,0.0012,0.0174,11.48
2023-06-24 23:00:00,NODE_09,27.32405,88.62626,53.88,100.0,0.5048,0.2445,11.48
2023-06-24 23:00:00,NODE_10,27.28763,88.57017,54.3,100.0,-0.0171,0.002,11.48
2023-06-25 00:00:00,NODE_01,27.29535,88.6231,53.17,100.0,0.0058,-0.0126,11.48
2023-06-25 00:00:00,NODE_02,27.35987,88.66507,53.09,100.0,0.0015,0.0003,11.48
2023-06-25 00:00:00,NODE_03,27.32649,88.60522,53.52,100.0,0.2185,0.3325,11.48
2023-06-25 00:00:00,NODE_04,27.36949,88.5676,53.17,100.0,0.0037,-0.0063,11.48
2023-06-25 00:00:00,NODE_05,27.35503,88.67429,52.77,100.0,-0.0082,-0.012,11.48
2023-06-25 00:00:00,NODE_06,27.3375,88.61639,52.89,100.0,0.0044,0.0016,11.48
2023-06-25 00:00:00,NODE_07,27.35687,88.65051,52.76,100.0,0.2232,0.1807,11.48
2023-06-25 00:00:00,NODE_08,27.3729,88.65823,53.54,100.0,-0.0068,0.0043,11.48
2023-06-25 00:00:00,NODE_09,27.32405,88.62626,53.64,100.0,0.4896,0.2479,11.48
2023-06-25 00:00:00,NODE_10,27.28763,88.57017,53.19,100.0,-0.0041,0.0102,11.48
2023-06-25 01:00:00,NODE_01,27.29535,88.6231,52.63,100.0,0.0073,-0.0017,11.48
2023-06-25 01:00:00,NODE_02,27.35987,88.66507,53.5,100.0,0.002,0.0172,11.48
2023-06-25 01:00:00,NODE_03,27.32649,88.60522,52.89,100.0,0.2526,0.3293,11.48
2023-06-25 01:00:00,NODE_04,27.36949,88.5676,52.35,100.0,0.0017,-0.0099,11.48
2023-06-25 01:00:00,NODE_05,27.35503,88.67429,52.02,100.0,0.0046,0.002,11.48
2023-06-25 01:00:00,NODE_06,27.3375,88.61639,52.32,100.0,-0.0007,-0.0129,11.48
2023-06-25 01:00:00,NODE_07,27.35687,88.65051,52.99,100.0,0.235,0.1828,11.48
2023-06-25 01:00:00,NODE_08,27.3729,88.65823,52.54,100.0,-0.0045,-0.007,11.48
2023-06-25 01:00:00,NODE_09,27.32405,88.62626,53.17,100.0,0.5148,0.2689,11.48
2023-06-25 01:00:00,NODE_10,27.28763,88.57017,53.53,100.0,0.0026,-0.0114,11.48
2023-06-25 02:00:00,NODE_01,27.29535,88.6231,52.18,100.0,-0.0066,0.0138,8.93
2023-06-25 02:00:00,NODE_02,27.35987,88.66507,52.12,100.0,-0.0171,0.0162,8.93
2023-06-25 02:00:00,NODE_03,27.32649,88.60522,51.86,100.0,0.2283,0.3305,8.93
2023-06-25 02:00:00,NODE_04,27.36949,88.5676,52.4,100.0,-0.005,0.0012,8.93
2023-06-25 02:00:00,NODE_05,27.35503,88.67429,52.34,100.0,0.0219,-0.0055,8.93
2023-06-25 02:00:00,NODE_06,27.3375,88.61639,52.45,100.0,-0.0019,0.0034,8.93
2023-06-25 02:00:00,NODE_07,27.35687,88.65051,52.69,100.0,0.2247,0.1859,8.93
2023-06-25 02:00:00,NODE_08,27.3729,88.65823,52.12,100.0,-0.0205,0.0034,8.93
2023-06-25 02:00:00,NODE_09,27.32405,88.62626,52.07,100.0,0.4966,0.2575,8.93
2023-06-25 02:00:00,NODE_10,27.28763,88.57017,52.05,100.0,-0.0158,0.0009,8.93
2023-06-25 03:00:00,NODE_01,27.29535,88.6231,52.28,100.0,-0.0105,0.0168,7.83
2023-06-25 03:00:00,NODE_02,27.35987,88.66507,51.73,100.0,-0.0054,-0.0001,7.83
2023-06-25 03:00:00,NODE_03,27.32649,88.60522,52.71,100.0,0.231,0.344,7.83
2023-06-25 03:00:00,NODE_04,27.36949,88.5676,52.4,100.0,0.0081,-0.0079,7.83
2023-06-25 03:00:00,NODE_05,27.35503,88.67429,52.23,100.0,0.0062,-0.0007,7.83
2023-06-25 03:00:00,NODE_06,27.3375,88.61639,52.0,100.0,0.0118,0.0085,7.83
2023-06-25 03:00:00,NODE_07,27.35687,88.65051,52.16,100.0,0.2321,0.1755,7.83
2023-06-25 03:00:00,NODE_08,27.3729,88.65823,52.78,100.0,0.0079,-0.0092,7.83
2023-06-25 03:00:00,NODE_09,27.32405,88.62626,52.84,100.0,0.4754,0.2408,7.83
2023-06-25 03:00:00,NODE_10,27.28763,88.57017,52.19,100.0,-0.0044,0.0113,7.83
2023-06-25 04:00:00,NODE_01,27.29535,88.6231,51.97,100.0,-0.0057,0.0072,10.21
2023-06-25 04:00:00,NODE_02,27.35987,88.66507,51.82,100.0,0.0115,-0.0045,10.21
2023-06-25 04:00:00,NODE_03,27.32649,88.60522,51.81,100.0,0.2349,0.3416,10.21
2023-06-25 04:00:00,NODE_04,27.36949,88.5676,51.88,100.0,0.0102,-0.0048,10.21
2023-06-25 04:00:00,NODE_05,27.35503,88.67429,52.11,100.0,-0.0279,-0.0024,10.21
2023-06-25 04:00:00,NODE_06,27.3375,88.61639,51.14,100.0,0.0102,0.0099,10.21
2023-06-25 04:00:00,NODE_07,27.35687,88.65051,52.33,100.0,0.2271,0.1754,10.21
2023-06-25 04:00:00,NODE_08,27.3729,88.65823,51.66,100.0,-0.0127,0.0026,10.21
2023-06-25 04:00:00,NODE_09,27.32405,88.62626,52.66,100.0,0.5218,0.2709,10.21
2023-06-25 04:00:00,NODE_10,27.28763,88.57017,51.96,100.0,0.0029,-0.0057,10.21
2023-06-25 05:00:00,NODE_01,27.29535,88.6231,52.01,100.0,-0.0062,-0.0119,10.21
2023-06-25 05:00:00,NODE_02,27.35987,88.66507,51.91,100.0,-0.0134,0.0146,10.21
2023-06-25 05:00:00,NODE_03,27.32649,88.60522,51.71,100.0,0.2422,0.3589,10.21
2023-06-25 05:00:00,NODE_04,27.36949,88.5676,51.41,100.0,-0.0006,-0.0045,10.21
2023-06-25 05:00:00,NODE_05,27.35503,88.67429,52.1,100.0,0.0265,-0.0044,10.21
2023-06-25 05:00:00,NODE_06,27.3375,88.61639,51.75,100.0,0.0141,-0.0135,10.21
2023-06-25 05:00:00,NODE_07,27.35687,88.65051,51.9,100.0,0.2326,0.1896,10.21
2023-06-25 05:00:00,NODE_08,27.3729,88.65823,52.13,100.0,0.009,-0.0023,10.21
2023-06-25 05:00:00,NODE_09,27.32405,88.62626,52.07,100.0,0.5249,0.2824,10.21
2023-06-25 05:00:00,NODE_10,27.28763,88.57017,52.1,100.0,0.0013,0.0054,10.21
2023-06-25 06:00:00,NODE_01,27.29535,88.6231,51.62,100.0,0.0079,0.0049,10.21
2023-06-25 06:00:00,NODE_02,27.35987,88.66507,51.44,100.0,-0.0216,0.008,10.21
2023-06-25 06:00:00,NODE_03,27.32649,88.60522,51.48,100.0,0.2406,0.3347,10.21
2023-06-25 06:00:00,NODE_04,27.36949,88.5676,51.12,100.0,-0.0012,-0.0005,10.21
2023-06-25 06:00:00,NODE_05,27.35503,88.67429,51.0,100.0,-0.0185,0.0029,10.21
2023-06-25 06:00:00,NODE_06,27.3375,88.61639,51.14,100.0,0.0037,-0.0152,10.21
2023-06-25 06:00:00,NODE_07,27.35687,88.65051,51.31,100.0,0.2403,0.1857,10.21
2023-06-25 06:00:00,NODE_08,27.3729,88.65823,51.73,100.0,-0.0004,-0.0083,10.21
2023-06-25 06:00:00,NODE_09,27.32405,88.62626,51.64,100.0,0.5319,0.264,10.21
2023-06-25 06:00:00,NODE_10,27.28763,88.57017,51.72,100.0,0.0034,0.016,10.21
2023-06-25 07:00:00,NODE_01,27.29535,88.6231,51.43,100.0,0.0098,0.0085,10.21
2023-06-25 07:00:00,NODE_02,27.35987,88.66507,50.59,100.0,0.0003,0.0032,10.21
2023-06-25 07:00:00,NODE_03,27.32649,88.60522,51.03,100.0,0.2453,0.3586,10.21
2023-06-25 07:00:00,NODE_04,27.36949,88.5676,50.9,100.0,0.0159,-0.0053,10.21
2023-06-25 07:00:00,NODE_05,27.35503,88.67429,51.25,100.0,-0.0021,0.0055,10.21
2023-06-25 07:00:00,NODE_06,27.3375,88.61639,51.23,100.0,0.0135,-0.0054,10.21
2023-06-25 07:00:00,NODE_07,27.35687,88.65051,51.46,100.0,0.2404,0.1989,10.21
2023-06-25 07:00:00,NODE_08,27.3729,88.65823,51.38,100.0,0.0013,-0.0084,10.21
2023-06-25 07:00:00,NODE_09,27.32405,88.62626,51.24,100.0,0.5366,0.2601,10.21
2023-06-25 07:00:00,NODE_10,27.28763,88.57017,51.62,100.0,-0.0097,-0.0186,10.21
2023-06-25 08:00:00,NODE_01,27.29535,88.6231,50.66,100.0,-0.0016,0.0073,10.21
2023-06-25 08:00:00,NODE_02,27.35987,88.66507,50.48,100.0,0.0137,-0.0032,10.21
2023-06-25 08:00:00,NODE_03,27.32649,88.60522,51.45,100.0,0.2139,0.3529,10.21
2023-06-25 08:00:00,NODE_04,27.36949,88.5676,50.99,100.0,-0.0002,-0.0106,10.21
2023-06-25 08:00:00,NODE_05,27.35503,88.67429,50.72,100.0,-0.0113,0.0197,10.21
2023-06-25 08:00:00,NODE_06,27.3375,88.61639,51.34,100.0,-0.0042,0.0138,10.21
2023-06-25 08:00:00,NODE_07,27.35687,88.65051,50.9,100.0,0.2403,0.1956,10.21
2023-06-25 08:00:00,NODE_08,27.3729,88.65823,50.73,100.0,-0.0004,0.0243,10.21
2023-06-25 08:00:00,NODE_09,27.32405,88.62626,50.7,100.0,0.5367,0.2803,10.21
2023-06-25 08:00:00,NODE_10,27.28763,88.57017,51.05,100.0,0.0029,0.0027,10.21
2023-06-25 09:00:00,NODE_01,27.29535,88.6231,51.33,100.0,0.0143,0.0078,10.21
2023-06-25 09:00:00,NODE_02,27.35987,88.66507,50.95,100.0,0.0004,0.0033,10.21
2023-06-25 09:00:00,NODE_03,27.32649,88.60522,51.0,100.0,0.2525,0.3615,10.21
2023-06-25 09:00:00,NODE_04,27.36949,88.5676,50.58,100.0,0.0008,0.0009,10.21
2023-06-25 09:00:00,NODE_05,27.35503,88.67429,50.41,100.0,-0.0074,0.0076,10.21
2023-06-25 09:00:00,NODE_06,27.3375,88.61639,50.63,100.0,-0.002,0.0022,10.21
2023-06-25 09:00:00,NODE_07,27.35687,88.65051,50.21,100.0,0.2375,0.2066,10.21
2023-06-25 09:00:00,NODE_08,27.3729,88.65823,50.32,100.0,0.0139,0.0009,10.21
2023-06-25 09:00:00,NODE_09,27.32405,88.62626,50.36,100.0,0.5372,0.2939,10.21
2023-06-25 09:00:00,NODE_10,27.28763,88.57017,50.0,100.0,-0.006,0.0116,10.21
2023-06-25 10:00:00,NODE_01,27.29535,88.6231,49.43,100.0,0.0137,0.0036,8.42
2023-06-25 10:00:00,NODE_02,27.35987,88.66507,50.09,100.0,-0.0034,-0.0002,8.42
2023-06-25 10:00:00,NODE_03,27.32649,88.60522,50.24,100.0,0.2547,0.3725,8.42
2023-06-25 10:00:00,NODE_04,27.36949,88.5676,49.74,100.0,0.0048,0.0107,8.42
2023-06-25 10:00:00,NODE_05,27.35503,88.67429,49.98,100.0,0.0028,0.0159,8.42
2023-06-25 10:00:00,NODE_06,27.3375,88.61639,50.13,100.0,0.012,-0.0077,8.42
2023-06-25 10:00:00,NODE_07,27.35687,88.65051,50.25,100.0,0.2727,0.1911,8.42
2023-06-25 10:00:00,NODE_08,27.3729,88.65823,50.67,100.0,0.0121,-0.0043,8.42
2023-06-25 10:00:00,NODE_09,27.32405,88.62626,49.19,100.0,0.5427,0.2854,8.42
2023-06-25 10:00:00,NODE_10,27.28763,88.57017,50.35,100.0,0.0071,-0.0035,8.42
2023-06-25 11:00:00,NODE_01,27.29535,88.6231,50.19,100.0,0.0024,-0.0007,8.42
2023-06-25 11:00:00,NODE_02,27.35987,88.66507,49.86,100.0,-0.0186,-0.0066,8.42
2023-06-25 11:00:00,NODE_03,27.32649,88.60522,49.64,100.0,0.2676,0.3621,8.42
2023-06-25 11:00:00,NODE_04,27.36949,88.5676,48.8,100.0,-0.001,0.0013,8.42
2023-06-25 11:00:00,NODE_05,27.35503,88.67429,49.42,100.0,-0.0207,-0.0082,8.42
2023-06-25 11:00:00,NODE_06,27.3375,88.61639,49.47,100.0,0.0084,-0.0145,8.42
2023-06-25 11:00:00,NODE_07,27.35687,88.65051,49.72,100.0,0.2506,0.2085,8.42
2023-06-25 11:00:00,NODE_08,27.3729,88.65823,50.06,100.0,-0.0003,-0.006,8.42
2023-06-25 11:00:00,NODE_09,27.32405,88.62626,50.3,100.0,0.5454,0.2632,8.42
2023-06-25 11:00:00,NODE_10,27.28763,88.57017,49.64,100.0,-0.0231,0.0139,8.42
2023-06-25 12:00:00,NODE_01,27.29535,88.6231,49.86,100.0,-0.0082,-0.0061,8.42
2023-06-25 12:00:00,NODE_02,27.35987,88.66507,49.21,100.0,0.0045,0.0013,8.42
2023-06-25 12:00:00,NODE_03,27.32649,88.60522,49.56,100.0,0.2729,0.3788,8.42
2023-06-25 12:00:00,NODE_04,27.36949,88.5676,49.48,100.0,-0.0082,-0.0061,8.42
2023-06-25 12:00:00,NODE_05,27.35503,88.67429,48.11,100.0,-0.0009,-0.016,8.42
2023-06-25 12:00:00,NODE_06,27.3375,88.61639,49.34,100.0,-0.0029,-0.0068,8.42
2023-06-25 12:00:00,NODE_07,27.35687,88.65051,49.07,100.0,0.2615,0.2201,8.42
2023-06-25 12:00:00,NODE_08,27.3729,88.65823,49.11,100.0,-0.009,0.0047,8.42
2023-06-25 12:00:00,NODE_09,27.32405,88.62626,49.78,100.0,0.5511,0.2896,8.42
2023-06-25 12:00:00,NODE_10,27.28763,88.57017,49.0,100.0,-0.0029,0.0063,8.42
2023-06-25 13:00:00,NODE_01,27.29535,88.6231,48.61,100.0,0.0158,-0.019,5.09
2023-06-25 13:00:00,NODE_02,27.35987,88.66507,48.69,100.0,0.0066,0.0027,5.09
2023-06-25 13:00:00,NODE_03,27.32649,88.60522,48.98,100.0,0.2606,0.3788,5.09
2023-06-25 13:00:00,NODE_04,27.36949,88.5676,48.59,100.0,0.0038,-0.0012,5.09
2023-06-25 13:00:00,NODE_05,27.35503,88.67429,49.41,100.0,0.0115,-0.0001,5.09
2023-06-25 13:00:00,NODE_06,27.3375,88.61639,49.17,100.0,-0.0105,-0.0075,5.09
2023-06-25 13:00:00,NODE_07,27.35687,88.65051,48.88,100.0,0.2432,0.2023,5.09
2023-06-25 13:00:00,NODE_08,27.3729,88.65823,48.53,100.0,0.0092,-0.0064,5.09
2023-06-25 13:00:00,NODE_09,27.32405,88.62626,48.28,100.0,0.5421,0.2887,5.09
2023-06-25 13:00:00,NODE_10,27.28763,88.57017,49.23,100.0,0.001,0.0177,5.09
2023-06-25 14:00:00,NODE_01,27.29535,88.6231,49.48,100.0,-0.0006,0.0034,5.09
2023-06-25 14:00:00,NODE_02,27.35987,88.66507,49.26,100.0,-0.0178,-0.0038,5.09
2023-06-25 14:00:00,NODE_03,27.32649,88.60522,48.51,100.0,0.2733,0.3782,5.09
2023-06-25 14:00:00,NODE_04,27.36949,88.5676,48.87,100.0,-0.0004,-0.0205,5.09
2023-06-25 14:00:00,NODE_05,27.35503,88.67429,48.72,100.0,-0.0084,0.0086,5.09
2023-06-25 14:00:00,NODE_06,27.3375,88.61639,48.78,100.0,-0.002,0.0094,5.09
2023-06-25 14:00:00,NODE_07,27.35687,88.65051,49.16,100.0,0.277,0.2088,5.09
2023-06-25 14:00:00,NODE_08,27.3729,88.65823,48.36,100.0,-0.0097,-0.0109,5.09
2023-06-25 14:00:00,NODE_09,27.32405,88.62626,48.95,100.0,0.5532,0.2777,5.09
2023-06-25 14:00:00,NODE_10,27.28763,88.57017,48.96,100.0,0.0135,0.0058,5.09
2023-06-25 15:00:00,NODE_01,27.29535,88.6231,48.63,100.0,0.0013,0.0019,2.38
2023-06-25 15:00:00,NODE_02,27.35987,88.66507,48.16,100.0,0.0113,0.009,2.38
2023-06-25 15:00:00,NODE_03,27.32649,88.60522,48.37,100.0,0.2568,0.384,2.38
2023-06-25 15:00:00,NODE_04,27.36949,88.5676,47.93,100.0,0.0184,-0.0014,2.38
2023-06-25 15:00:00,NODE_05,27.35503,88.67429,47.64,100.0,-0.0139,0.007,2.38
2023-06-25 15:00:00,NODE_06,27.3375,88.61639,48.2,100.0,-0.0068,0.0101,2.38
2023-06-25 15:00:00,NODE_07,27.35687,88.65051,48.79,100.0,0.2677,0.1965,2.38
2023-06-25 15:00:00,NODE_08,27.3729,88.65823,48.63,100.0,-0.0155,-0.0003,2.38
2023-06-25 15:00:00,NODE_09,27.32405,88.62626,48.23,100.0,0.5688,0.3027,2.38
2023-06-25 15:00:00,NODE_10,27.28763,88.57017,48.04,100.0,0.0009,0.0185,2.38
2023-06-25 16:00:00,NODE_01,27.29535,88.6231,48.28,100.0,-0.0034,0.0056,2.38
2023-06-25 16:00:00,NODE_02,27.35987,88.66507,47.71,100.0,0.0077,0.0129,2.38
2023-06-25 16:00:00,NODE_03,27.32649,88.60522,47.71,100.0,0.2781,0.391,2.38
2023-06-25 16:00:00,NODE_04,27.36949,88.5676,47.49,100.0,0.0079,-0.004,2.38
2023-06-25 16:00:00,NODE_05,27.35503,88.67429,48.08,100.0,-0.0014,0.0121,2.38
2023-06-25 16:00:00,NODE_06,27.3375,88.61639,47.97,100.0,0.0172,-0.0105,2.38
2023-06-25 16:00:00,NODE_07,27.35687,88.65051,47.96,100.0,0.2641,0.2167,2.38
2023-06-25 16:00:00,NODE_08,27.3729,88.65823,48.36,100.0,0.005,-0.0004,2.38
2023-06-25 16:00:00,NODE_09,27.32405,88.62626,47.81,100.0,0.5531,0.2968,2.38
2023-06-25 16:00:00,NODE_10,27.28763,88.57017,47.75,100.0,0.0019,0.003,2.38
2023-06-25 17:00:00,NODE_01,27.29535,88.6231,47.56,100.0,-0.0089,-0.0134,2.38
2023-06-25 17:00:00,NODE_02,27.35987,88.66507,47.98,100.0,0.0113,0.0097,2.38
2023-06-25 17:00:00,NODE_03,27.32649,88.60522,47.64,100.0,0.2674,0.3887,2.38
2023-06-25 17:00:00,NODE_04,27.36949,88.5676,47.61,100.0,-0.006,-0.0093,2.38
2023-06-25 17:00:00,NODE_05,27.35503,88.67429,47.37,100.0,-0.0034,-0.0254,2.38
2023-06-25 17:00:00,NODE_06,27.3375,88.61639,47.02,100.0,0.0076,0.0075,2.38
2023-06-25 17:00:00,NODE_07,27.35687,88.65051,47.57,100.0,0.2668,0.2211,2.38
2023-06-25 17:00:00,NODE_08,27.3729,88.65823,47.77,100.0,0.0122,-0.0042,2.38
2023-06-25 17:00:00,NODE_09,27.32405,88.62626,47.74,100.0,0.5605,0.3081,2.38
2023-06-25 17:00:00,NODE_10,27.28763,88.57017,46.99,100.0,0.0038,-0.0137,2.38
2023-06-25 18:00:00,NODE_01,27.29535,88.6231,47.41,100.0,-0.0147,0.0065,4.89
2023-06-25 18:00:00,NODE_02,27.35987,88.66507,47.21,100.0,0.0058,-0.0028,4.89
2023-06-25 18:00:00,NODE_03,27.32649,88.60522,47.58,100.0,0.2639,0.4003,4.89
2023-06-25 18:00:00,NODE_04,27.36949,88.5676,48.44,100.0,0.0073,-0.0075,4.89
2023-06-25 18:00:00,NODE_05,27.35503,88.67429,47.33,100.0,-0.006,0.0125,4.89
2023-06-25 18:00:00,NODE_06,27.3375,88.61639,47.2,100.0,-0.0077,0.0065,4.89
2023-06-25 18:00:00,NODE_07,27.35687,88.65051,46.93,100.0,0.2824,0.2068,4.89
2023-06-25 18:00:00,NODE_08,27.3729,88.65823,46.85,100.0,-0.0041,-0.0089,4.89
2023-06-25 18:00:00,NODE_09,27.32405,88.62626,46.8,100.0,0.5823,0.287,4.89
2023-06-25 18:00:00,NODE_10,27.28763,88.57017,46.78,100.0,0.0125,-0.0063,4.89
2023-06-25 19:00:00,NODE_01,27.29535,88.6231,47.56,100.0,0.0063,0.0205,6.5
2023-06-25 19:00:00,NODE_02,27.35987,88.66507,47.4,100.0,0.0065,0.0076,6.5
2023-06-25 19:00:00,NODE_03,27.32649,88.60522,47.88,100.0,0.2765,0.4013,6.5
2023-06-25 19:00:00,NODE_04,27.36949,88.5676,47.94,100.0,0.0031,-0.0041,6.5
2023-06-25 19:00:00,NODE_05,27.35503,88.67429,47.33,100.0,-0.0119,0.0034,6.5
2023-06-25 19:00:00,NODE_06,27.3375,88.61639,47.92,100.0,-0.0104,-0.0118,6.5
2023-06-25 19:00:00,NODE_07,27.35687,88.65051,48.33,100.0,0.2468,0.2196,6.5
2023-06-25 19:00:00,NODE_08,27.3729,88.65823,47.94,100.0,0.004,-0.0039,6.5
2023-06-25 19:00:00,NODE_09,27.32405,88.62626,47.64,100.0,0.5895,0.3041,6.5
2023-06-25 19:00:00,NODE_10,27.28763,88.57017,47.54,100.0,-0.0038,0.0102,6.5
2023-06-25 20:00:00,NODE_01,27.29535,88.6231,48.29,100.0,-0.0078,0.0008,9.49
2023-06-25 20:00:00,NODE_02,27.35987,88.66507,48.14,100.0,0.0052,0.0008,9.49
2023-06-25 20:00:00,NODE_03,27.32649,88.60522,47.88,100.0,0.2951,0.4018,9.49
2023-06-25 20:00:00,NODE_04,27.36949,88.5676,48.19,100.0,0.0131,0.0099,9.49
2023-06-25 20:00:00,NODE_05,27.35503,88.67429,48.35,100.0,0.0052,-0.0154,9.49
2023-06-25 20:00:00,NODE_06,27.3375,88.61639,48.47,100.0,-0.0078,-0.0008,9.49
2023-06-25 20:00:00,NODE_07,27.35687,88.65051,48.55,100.0,0.2706,0.2186,9.49
2023-06-25 20:00:00,NODE_08,27.3729,88.65823,48.65,100.0,-0.0042,-0.0047,9.49
2023-06-25 20:00:00,NODE_09,27.32405,88.62626,48.16,100.0,0.5927,0.2938,9.49
2023-06-25 20:00:00,NODE_10,27.28763,88.57017,48.45,100.0,-0.014,0.01,9.49
2023-06-25 21:00:00,NODE_01,27.29535,88.6231,48.88,100.0,0.0306,-0.0006,9.49
2023-06-25 21:00:00,NODE_02,27.35987,88.66507,48.32,100.0,0.0087,-0.0124,9.49
2023-06-25 21:00:00,NODE_03,27.32649,88.60522,48.61,100.0,0.2855,0.4276,9.49
2023-06-25 21:00:00,NODE_04,27.36949,88.5676,48.47,100.0,-0.0052,0.0109,9.49
2023-06-25 21:00:00,NODE_05,27.35503,88.67429,48.0,100.0,0.006,0.0072,9.49
2023-06-25 21:00:00,NODE_06,27.3375,88.61639,48.36,100.0,-0.0056,0.0034,9.49
2023-06-25 21:00:00,NODE_07,27.35687,88.65051,48.62,100.0,0.2803,0.2217,9.49
2023-06-25 21:00:00,NODE_08,27.3729,88.65823,48.39,100.0,0.0072,-0.0061,9.49
2023-06-25 21:00:00,NODE_09,27.32405,88.62626,48.35,100.0,0.5771,0.3078,9.49
2023-06-25 21:00:00,NODE_10,27.28763,88.57017,48.09,100.0,-0.0159,-0.0031,9.49
2023-06-25 22:00:00,NODE_01,27.29535,88.6231,48.39,100.0,-0.0109,0.0031,9.49
2023-06-25 22:00:00,NODE_02,27.35987,88.66507,48.43,100.0,-0.0182,0.0067,9.49
2023-06-25 22:00:00,NODE_03,27.32649,88.60522,47.96,100.0,0.3013,0.4197,9.49
2023-06-25 22:00:00,NODE_04,27.36949,88.5676,47.62,100.0,0.0019,-0.0093,9.49
2023-06-25 22:00:00,NODE_05,27.35503,88.67429,47.88,100.0,-0.0107,0.0017,9.49
2023-06-25 22:00:00,NODE_06,27.3375,88.61639,48.91,100.0,-0.0017,0.0016,9.49
2023-06-25 22:00:00,NODE_07,27.35687,88.65051,47.41,100.0,0.2827,0.2279,9.49
2023-06-25 22:00:00,NODE_08,27.3729,88.65823,49.11,100.0,0.011,0.0028,9.49
2023-06-25 22:00:00,NODE_09,27.32405,88.62626,47.77,100.0,0.6216,0.3227,9.49
2023-06-25 22:00:00,NODE_10,27.28763,88.57017,48.89,100.0,0.0066,0.018,9.49
2023-06-25 23:00:00,NODE_01,27.29535,88.6231,47.61,100.0,-0.0126,0.0203,9.49
2023-06-25 23:00:00,NODE_02,27.35987,88.66507,48.81,100.0,-0.015,0.0015,9.49
2023-06-25 23:00:00,NODE_03,27.32649,88.60522,47.74,100.0,0.2815,0.4156,9.49
2023-06-25 23:00:00,NODE_04,27.36949,88.5676,47.52,100.0,-0.001,-0.0052,9.49
2023-06-25 23:00:00,NODE_05,27.35503,88.67429,48.42,100.0,-0.0093,0.0038,9.49
2023-06-25 23:00:00,NODE_06,27.3375,88.61639,48.18,100.0,0.0111,-0.0171,9.49
2023-06-25 23:00:00,NODE_07,27.35687,88.65051,47.99,100.0,0.3117,0.227,9.49
2023-06-25 23:00:00,NODE_08,27.3729,88.65823,47.44,100.0,-0.0026,0.0223,9.49
2023-06-25 23:00:00,NODE_09,27.32405,88.62626,48.15,100.0,0.5968,0.2962,9.49
2023-06-25 23:00:00,NODE_10,27.28763,88.57017,47.89,100.0,0.0022,-0.0035,9.49
2023-06-26 00:00:00,NODE_01,27.29535,88.6231,47.96,100.0,0.0051,-0.0102,9.49
2023-06-26 00:00:00,NODE_02,27.35987,88.66507,47.76,100.0,-0.0074,0.0259,9.49
2023-06-26 00:00:00,NODE_03,27.32649,88.60522,47.42,100.0,0.3021,0.4247,9.49
2023-06-26 00:00:00,NODE_04,27.36949,88.5676,46.62,100.0,0.0006,-0.0049,9.49
2023-06-26 00:00:00,NODE_05,27.35503,88.67429,47.56,100.0,0.0014,0.01,9.49
2023-06-26 00:00:00,NODE_06,27.3375,88.61639,47.53,100.0,-0.0097,0.0013,9.49
2023-06-26 00:00:00,NODE_07,27.35687,88.65051,47.58,100.0,0.2858,0.2224,9.49
2023-06-26 00:00:00,NODE_08,27.3729,88.65823,47.9,100.0,-0.0103,0.0133,9.49
2023-06-26 00:00:00,NODE_09,27.32405,88.62626,48.05,100.0,0.608,0.2994,9.49
2023-06-26 00:00:00,NODE_10,27.28763,88.57017,47.55,100.0,-0.0026,0.0046,9.49
2023-06-26 01:00:00,NODE_01,27.29535,88.6231,47.66,100.0,0.0153,0.002,9.49
2023-06-26 01:00:00,NODE_02,27.35987,88.66507,46.34,100.0,-0.0013,0.0146,9.49
2023-06-26 01:00:00,NODE_03,27.32649,88.60522,46.86,100.0,0.2878,0.4169,9.49
2023-06-26 01:00:00,NODE_04,27.36949,88.5676,47.98,100.0,-0.0089,0.0081,9.49
2023-06-26 01:00:00,NODE_05,27.35503,88.67429,47.23,100.0,-0.0096,0.0043,9.49
2023-06-26 01:00:00,NODE_06,27.3375,88.61639,46.8,100.0,0.0229,0.0064,9.49
2023-06-26 01:00:00,NODE_07,27.35687,88.65051,47.56,100.0,0.3017,0.2341,9.49
2023-06-26 01:00:00,NODE_08,27.3729,88.65823,46.88,100.0,-0.0146,0.0194,9.49
2023-06-26 01:00:00,NODE_09,27.32405,88.62626,47.45,100.0,0.6087,0.3252,9.49
2023-06-26 01:00:00,NODE_10,27.28763,88.57017,47.17,100.0,-0.0059,0.0043,9.49
2023-06-26 02:00:00,NODE_01,27.29535,88.6231,47.22,100.0,0.0006,-0.008,9.49
2023-06-26 02:00:00,NODE_02,27.35987,88.66507,47.08,100.0,0.0039,0.0071,9.49
2023-06-26 02:00:00,NODE_03,27.32649,88.60522,47.36,100.0,0.2992,0.4266,9.49
2023-06-26 02:00:00,NODE_04,27.36949,88.5676,47.56,100.0,0.0058,0.0015,9.49
2023-06-26 02:00:00,NODE_05,27.35503,88.67429,47.23,100.0,0.0018,-0.0147,9.49
2023-06-26 02:00:00,NODE_06,27.3375,88.61639,47.53,100.0,-0.0094,0.0158,9.49
2023-06-26 02:00:00,NODE_07,27.35687,88.65051,46.77,100.0,0.3125,0.2389,9.49
2023-06-26 02:00:00,NODE_08,27.3729,88.65823,47.38,100.0,0.0093,-0.0057,9.49
2023-06-26 02:00:00,NODE_09,27.32405,88.62626,46.86,100.0,0.6394,0.3181,9.49
2023-06-26 02:00:00,NODE_10,27.28763,88.57017,47.35,100.0,0.0018,-0.0133,9.49
2023-06-26 03:00:00,NODE_01,27.29535,88.6231,46.92,100.0,0.0057,-0.0055,9.49
2023-06-26 03:00:00,NODE_02,27.35987,88.66507,46.64,100.0,0.0032,0.0025,9.49
2023-06-26 03:00:00,NODE_03,27.32649,88.60522,46.24,100.0,0.3018,0.4316,9.49
2023-06-26 03:00:00,NODE_04,27.36949,88.5676,46.78,100.0,0.0042,0.0009,9.49
2023-06-26 03:00:00,NODE_05,27.35503,88.67429,46.36,100.0,0.0147,-0.0014,9.49
2023-06-26 03:00:00,NODE_06,27.3375,88.61639,46.93,100.0,-0.0141,-0.0067,9.49
2023-06-26 03:00:00,NODE_07,27.35687,88.65051,46.53,100.0,0.3037,0.2242,9.49
2023-06-26 03:00:00,NODE_08,27.3729,88.65823,46.87,100.0,-0.0114,0.0167,9.49
2023-06-26 03:00:00,NODE_09,27.32405,88.62626,47.7,100.0,0.6357,0.3326,9.49
2023-06-26 03:00:00,NODE_10,27.28763,88.57017,46.24,100.0,0.0021,-0.0011,9.49
2023-06-26 04:00:00,NODE_01,27.29535,88.6231,46.19,100.0,-0.0184,-0.0005,7.11
2023-06-26 04:00:00,NODE_02,27.35987,88.66507,46.32,100.0,0.0112,0.0016,7.11
2023-06-26 04:00:00,NODE_03,27.32649,88.60522,46.02,100.0,0.3089,0.4262,7.11
2023-06-26 04:00:00,NODE_04,27.36949,88.5676,46.35,100.0,0.0129,0.0054,7.11
2023-06-26 04:00:00,NODE_05,27.35503,88.67429,46.11,100.0,-0.0006,-0.0162,7.11
2023-06-26 04:00:00,NODE_06,27.3375,88.61639,47.02,100.0,0.0169,-0.0055,7.11
2023-06-26 04:00:00,NODE_07,27.35687,88.65051,46.55,100.0,0.2928,0.2317,7.11
2023-06-26 04:00:00,NODE_08,27.3729,88.65823,47.02,100.0,0.0037,0.0023,7.11
2023-06-26 04:00:00,NODE_09,27.32405,88.62626,45.93,100.0,0.6319,0.3154,7.11
2023-06-26 04:00:00,NODE_10,27.28763,88.57017,46.25,100.0,0.0048,0.0238,7.11
2023-06-26 05:00:00,NODE_01,27.29535,88.6231,45.61,100.0,-0.0068,0.0135,7.11
2023-06-26 05:00:00,NODE_02,27.35987,88.66507,46.08,100.0,0.0115,-0.01,7.11
2023-06-26 05:00:00,NODE_03,27.32649,88.60522,46.48,100.0,0.3074,0.4464,7.11
2023-06-26 05:00:00,NODE_04,27.36949,88.5676,45.36,100.0,-0.0001,-0.006,7.11
2023-06-26 05:00:00,NODE_05,27.35503,88.67429,46.1,100.0,-0.0121,0.0065,7.11
2023-06-26 05:00:00,NODE_06,27.3375,88.61639,46.85,100.0,0.0132,-0.0021,7.11
2023-06-26 05:00:00,NODE_07,27.35687,88.65051,45.67,100.0,0.2893,0.2161,7.11
2023-06-26 05:00:00,NODE_08,27.3729,88.65823,46.18,100.0,0.0078,0.0099,7.11
2023-06-26 05:00:00,NODE_09,27.32405,88.62626,46.29,100.0,0.6363,0.3265,7.11
2023-06-26 05:00:00,NODE_10,27.28763,88.57017,45.76,100.0,-0.0111,-0.0092,7.11
2023-06-26 06:00:00,NODE_01,27.29535,88.6231,45.32,100.0,-0.0107,0.018,7.11
2023-06-26 06:00:00,NODE_02,27.35987,88.66507,45.65,100.0,-0.0087,-0.0174,7.11
2023-06-26 06:00:00,NODE_03,27.32649,88.60522,45.44,100.0,0.3002,0.4413,7.11
2023-06-26 06:00:00,NODE_04,27.36949,88.5676,45.58,100.0,-0.0041,0.0136,7.11
2023-06-26 06:00:00,NODE_05,27.35503,88.67429,45.05,100.0,0.0039,0.014,7.11
2023-06-26 06:00:00,NODE_06,27.3375,88.61639,45.15,100.0,-0.0018,0.0029,7.11
2023-06-26 06:00:00,NODE_07,27.35687,88.65051,45.44,100.0,0.3122,0.2416,7.11
2023-06-26 06:00:00,NODE_08,27.3729,88.65823,45.5,100.0,-0.005,0.0046,7.11
2023-06-26 06:00:00,NODE_09,27.32405,88.62626,45.76,100.0,0.6486,0.3355,7.11
2023-06-26 06:00:00,NODE_10,27.28763,88.57017,45.44,100.0,-0.0176,0.0063,7.11
2023-06-26 07:00:00,NODE_01,27.29535,88.6231,44.7,100.0,-0.019,0.0045,7.11
2023-06-26 07:00:00,NODE_02,27.35987,88.66507,45.33,100.0,0.0024,-0.0087,7.11
2023-06-26 07:00:00,NODE_03,27.32649,88.60522,45.28,100.0,0.319,0.4467,7.11
2023-06-26 07:00:00,NODE_04,27.36949,88.5676,46.07,100.0,0.0079,-0.0,7.11
2023-06-26 07:00:00,NODE_05,27.35503,88.67429,45.44,100.0,-0.0018,-0.0124,7.11
2023-06-26 07:00:00,NODE_06,27.3375,88.61639,44.84,100.0,0.0038,0.001,7.11
2023-06-26 07:00:00,NODE_07,27.35687,88.65051,45.43,100.0,0.3237,0.25,7.11
2023-06-26 07:00:00,NODE_08,27.3729,88.65823,45.16,100.0,-0.0017,-0.0034,7.11
2023-06-26 07:00:00,NODE_09,27.32405,88.62626,46.16,100.0,0.6394,0.3333,7.11
2023-06-26 07:00:00,NODE_10,27.28763,88.57017,45.37,100.0,-0.0091,-0.0115,7.11
2023-06-26 08:00:00,NODE_01,27.29535,88.6231,45.15,100.0,0.0012,-0.0038,7.11
2023-06-26 08:00:00,NODE_02,27.35987,88.66507,45.3,100.0,-0.0085,-0.0005,7.11
2023-06-26 08:00:00,NODE_03,27.32649,88.60522,44.65,100.0,0.3302,0.4484,7.11
2023-06-26 08:00:00,NODE_04,27.36949,88.5676,45.1,100.0,-0.0079,-0.0086,7.11
2023-06-26 08:00:00,NODE_05,27.35503,88.67429,44.75,100.0,-0.0015,-0.0067,7.11
2023-06-26 08:00:00,NODE_06,27.3375,88.61639,43.91,100.0,0.0041,0.006,7.11
2023-06-26 08:00:00,NODE_07,27.35687,88.65051,45.59,100.0,0.3153,0.2372,7.11
2023-06-26 08:00:00,NODE_08,27.3729,88.65823,44.95,100.0,0.01,0.0072,7.11
2023-06-26 08:00:00,NODE_09,27.32405,88.62626,45.21,100.0,0.6608,0.3159,7.11
2023-06-26 08:00:00,NODE_10,27.28763,88.57017,45.01,100.0,-0.0135,-0.0093,7.11
2023-06-26 09:00:00,NODE_01,27.29535,88.6231,44.72,100.0,-0.0224,0.0249,7.11
2023-06-26 09:00:00,NODE_02,27.35987,88.66507,44.53,100.0,-0.0019,-0.0211,7.11
2023-06-26 09:00:00,NODE_03,27.32649,88.60522,45.08,100.0,0.3097,0.4875,7.11
2023-06-26 09:00:00,NODE_04,27.36949,88.5676,44.52,100.0,0.0108,-0.0023,7.11
2023-06-26 09:00:00,NODE_05,27.35503,88.67429,45.09,100.0,0.0048,-0.0088,7.11
2023-06-26 09:00:00,NODE_06,27.3375,88.61639,45.12,100.0,0.0014,-0.0113,7.11
2023-06-26 09:00:00,NODE_07,27.35687,88.65051,45.07,100.0,0.3248,0.2431,7.11
2023-06-26 09:00:00,NODE_08,27.3729,88.65823,44.55,100.0,-0.0081,0.0048,7.11
2023-06-26 09:00:00,NODE_09,27.32405,88.62626,44.99,100.0,0.6566,0.3646,7.11
2023-06-26 09:00:00,NODE_10,27.28763,88.57017,45.17,100.0,-0.014,-0.0141,7.11
2023-06-26 10:00:00,NODE_01,27.29535,88.6231,44.28,100.0,-0.0132,-0.0043,7.11
2023-06-26 10:00:00,NODE_02,27.35987,88.66507,44.07,100.0,0.0032,-0.0054,7.11
2023-06-26 10:00:00,NODE_03,27.32649,88.60522,44.79,100.0,0.2998,0.4551,7.11
2023-06-26 10:00:00,NODE_04,27.36949,88.5676,43.75,100.0,0.0108,0.0123,7.11
2023-06-26 10:00:00,NODE_05,27.35503,88.67429,44.67,100.0,0.0069,-0.0045,7.11
2023-06-26 10:00:00,NODE_06,27.3375,88.61639,44.72,100.0,-0.013,0.004,7.11
2023-06-26 10:00:00,NODE_07,27.35687,88.65051,44.88,100.0,0.341,0.2415,7.11
2023-06-26 10:00:00,NODE_08,27.3729,88.65823,44.99,100.0,-0.0091,-0.0177,7.11
2023-06-26 10:00:00,NODE_09,27.32405,88.62626,44.66,100.0,0.6723,0.3411,7.11
2023-06-26 10:00:00,NODE_10,27.28763,88.57017,44.45,100.0,0.0157,0.0094,7.11
2023-06-26 11:00:00,NODE_01,27.29535,88.6231,42.98,100.0,-0.0054,-0.0057,7.11
2023-06-26 11:00:00,NODE_02,27.35987,88.66507,45.37,100.0,-0.0341,-0.0025,7.11
2023-06-26 11:00:00,NODE_03,27.32649,88.60522,44.46,100.0,0.3258,0.4449,7.11
2023-06-26 11:00:00,NODE_04,27.36949,88.5676,44.71,100.0,0.0126,-0.0043,7.11
2023-06-26 11:00:00,NODE_05,27.35503,88.67429,44.33,100.0,0.0004,0.0041,7.11
2023-06-26 11:00:00,NODE_06,27.3375,88.61639,44.2,100.0,-0.0248,-0.0074,7.11
2023-06-26 11:00:00,NODE_07,27.35687,88.65051,44.19,100.0,0.326,0.2419,7.11
2023-06-26 11:00:00,NODE_08,27.3729,88.65823,44.67,100.0,-0.0023,-0.0012,7.11
2023-06-26 11:00:00,NODE_09,27.32405,88.62626,43.74,100.0,0.6771,0.3282,7.11
2023-06-26 11:00:00,NODE_10,27.28763,88.57017,44.38,100.0,-0.0227,-0.0087,7.11
2023-06-26 12:00:00,NODE_01,27.29535,88.6231,43.38,100.0,-0.0083,-0.0177,7.11
2023-06-26 12:00:00,NODE_02,27.35987,88.66507,43.59,100.0,0.0241,-0.0022,7.11
2023-06-26 12:00:00,NODE_03,27.32649,88.60522,44.09,100.0,0.3202,0.4535,7.11
2023-06-26 12:00:00,NODE_04,27.36949,88.5676,43.85,100.0,0.0038,0.0095,7.11
2023-06-26 12:00:00,NODE_05,27.35503,88.67429,43.23,100.0,-0.0006,-0.0044,7.11
2023-06-26 12:00:00,NODE_06,27.3375,88.61639,43.38,100.0,-0.0084,-0.0014,7.11
2023-06-26 12:00:00,NODE_07,27.35687,88.65051,44.47,100.0,0.3092,0.2501,7.11
2023-06-26 12:00:00,NODE_08,27.3729,88.65823,43.28,100.0,0.0128,0.0087,7.11
2023-06-26 12:00:00,NODE_09,27.32405,88.62626,43.53,100.0,0.6714,0.3473,7.11
2023-06-26 12:00:00,NODE_10,27.28763,88.57017,43.94,100.0,0.0047,0.0127,7.11
2023-06-26 13:00:00,NODE_01,27.29535,88.6231,44.04,100.0,0.004,0.014,7.11
2023-06-26 13:00:00,NODE_02,27.35987,88.66507,43.63,100.0,0.0057,-0.0066,7.11
2023-06-26 13:00:00,NODE_03,27.32649,88.60522,43.62,100.0,0.3248,0.4809,7.11
2023-06-26 13:00:00,NODE_04,27.36949,88.5676,42.89,100.0,-0.0049,-0.0063,7.11
2023-06-26 13:00:00,NODE_05,27.35503,88.67429,43.55,100.0,0.0206,0.0065,7.11
2023-06-26 13:00:00,NODE_06,27.3375,88.61639,43.56,100.0,0.0182,0.0171,7.11
2023-06-26 13:00:00,NODE_07,27.35687,88.65051,42.89,100.0,0.3233,0.2419,7.11
2023-06-26 13:00:00,NODE_08,27.3729,88.65823,43.61,100.0,0.0161,0.0028,7.11
2023-06-26 13:00:00,NODE_09,27.32405,88.62626,43.48,100.0,0.6619,0.351,7.11
2023-06-26 13:00:00,NODE_10,27.28763,88.57017,44.15,100.0,0.0091,-0.0053,7.11
2023-06-26 14:00:00,NODE_01,27.29535,88.6231,43.05,100.0,0.0031,0.0097,7.11
2023-06-26 14:00:00,NODE_02,27.35987,88.66507,42.71,100.0,-0.006,-0.0034,7.11
2023-06-26 14:00:00,NODE_03,27.32649,88.60522,43.1,100.0,0.3343,0.4905,7.11
2023-06-26 14:00:00,NODE_04,27.36949,88.5676,42.94,100.0,0.0011,-0.0077,7.11
2023-06-26 14:00:00,NODE_05,27.35503,88.67429,42.84,100.0,0.012,0.0107,7.11
2023-06-26 14:00:00,NODE_06,27.3375,88.61639,43.39,100.0,0.0186,-0.014,7.11
2023-06-26 14:00:00,NODE_07,27.35687,88.65051,44.12,100.0,0.3391,0.2494,7.11
2023-06-26 14:00:00,NODE_08,27.3729,88.65823,43.34,100.0,-0.001,0.0047,7.11
2023-06-26 14:00:00,NODE_09,27.32405,88.62626,43.7,100.0,0.6851,0.3593,7.11
2023-06-26 14:00:00,NODE_10,27.28763,88.57017,43.19,100.0,0.0099,0.0013,7.11
2023-06-26 15:00:00,NODE_01,27.29535,88.6231,43.8,100.0,0.0089,0.0242,12.42
2023-06-26 15:00:00,NODE_02,27.35987,88.66507,43.7,100.0,0.0193,0.0172,12.42
2023-06-26 15:00:00,NODE_03,27.32649,88.60522,43.33,100.0,0.3269,0.4742,12.42
2023-06-26 15:00:00,NODE_04,27.36949,88.5676,43.15,100.0,0.0038,0.0066,12.42
2023-06-26 15:00:00,NODE_05,27.35503,88.67429,43.64,100.0,0.0083,0.011,12.42
2023-06-26 15:00:00,NODE_06,27.3375,88.61639,43.97,100.0,-0.0026,-0.0028,12.42
2023-06-26 15:00:00,NODE_07,27.35687,88.65051,44.52,100.0,0.3255,0.2447,12.42
2023-06-26 15:00:00,NODE_08,27.3729,88.65823,43.34,100.0,-0.0071,-0.0075,12.42
2023-06-26 15:00:00,NODE_09,27.32405,88.62626,43.75,100.0,0.6781,0.3612,12.42
2023-06-26 15:00:00,NODE_10,27.28763,88.57017,43.54,100.0,0.0028,0.0041,12.42
2023-06-26 16:00:00,NODE_01,27.29535,88.6231,43.44,100.0,0.0075,-0.0139,12.42
2023-06-26 16:00:00,NODE_02,27.35987,88.66507,43.62,100.0,-0.0035,0.0066,12.42
2023-06-26 16:00:00,NODE_03,27.32649,88.60522,44.51,100.0,0.3314,0.4976,12.42
2023-06-26 16:00:00,NODE_04,27.36949,88.5676,43.94,100.0,-0.0056,-0.0087,12.42
2023-06-26 16:00:00,NODE_05,27.35503,88.67429,43.07,100.0,0.0013,-0.0112,12.42
2023-06-26 16:00:00,NODE_06,27.3375,88.61639,44.11,100.0,-0.0096,-0.0127,12.42
2023-06-26 16:00:00,NODE_07,27.35687,88.65051,44.18,100.0,0.3456,0.2616,12.42
2023-06-26 16:00:00,NODE_08,27.3729,88.65823,44.17,100.0,0.0106,0.0026,12.42
2023-06-26 16:00:00,NODE_09,27.32405,88.62626,43.91,100.0,0.6985,0.3524,12.42
2023-06-26 16:00:00,NODE_10,27.28763,88.57017,44.29,100.0,0.0132,-0.0162,12.42
2023-06-26 17:00:00,NODE_01,27.29535,88.6231,44.91,100.0,0.0114,0.0146,12.42
2023-06-26 17:00:00,NODE_02,27.35987,88.66507,44.15,100.0,0.0013,-0.0056,12.42
2023-06-26 17:00:00,NODE_03,27.32649,88.60522,44.64,100.0,0.3357,0.4961,12.42
2023-06-26 17:00:00,NODE_04,27.36949,88.5676,44.41,100.0,0.0133,0.0082,12.42
2023-06-26 17:00:00,NODE_05,27.35503,88.67429,43.71,100.0,-0.0101,0.0139,12.42
2023-06-26 17:00:00,NODE_06,27.3375,88.61639,44.6,100.0,0.0028,0.0015,12.42
2023-06-26 17:00:00,NODE_07,27.35687,88.65051,44.66,100.0,0.3325,0.2601,12.42
2023-06-26 17:00:00,NODE_08,27.3729,88.65823,44.92,100.0,-0.0167,-0.001,12.42
2023-06-26 17:00:00,NODE_09,27.32405,88.62626,44.88,100.0,0.7002,0.3399,12.42
2023-06-26 17:00:00,NODE_10,27.28763,88.57017,44.2,100.0,0.0178,0.002,12.42
2023-06-26 18:00:00,NODE_01,27.29535,88.6231,43.98,100.0,-0.0,0.0007,9.91
2023-06-26 18:00:00,NODE_02,27.35987,88.66507,44.46,100.0,-0.0049,-0.0007,9.91
2023-06-26 18:00:00,NODE_03,27.32649,88.60522,43.76,100.0,0.3541,0.4907,9.91
2023-06-26 18:00:00,NODE_04,27.36949,88.5676,43.84,100.0,0.0058,0.0035,9.91
2023-06-26 18:00:00,NODE_05,27.35503,88.67429,44.52,100.0,0.0113,0.0147,9.91
2023-06-26 18:00:00,NODE_06,27.3375,88.61639,43.99,100.0,0.0044,0.0105,9.91
2023-06-26 18:00:00,NODE_07,27.35687,88.65051,44.03,100.0,0.339,0.2554,9.91
2023-06-26 18:00:00,NODE_08,27.3729,88.65823,44.4,100.0,0.0025,-0.002,9.91
2023-06-26 18:00:00,NODE_09,27.32405,88.62626,43.25,100.0,0.702,0.3643,9.91
2023-06-26 18:00:00,NODE_10,27.28763,88.57017,44.24,100.0,-0.003,0.0035,9.91
2023-06-26 19:00:00,NODE_01,27.29535,88.6231,43.87,100.0,0.003,0.0081,8.3
2023-06-26 19:00:00,NODE_02,27.35987,88.66507,43.94,100.0,0.0165,-0.0003,8.3
2023-06-26 19:00:00,NODE_03,27.32649,88.60522,43.77,100.0,0.3423,0.4938,8.3
2023-06-26 19:00:00,NODE_04,27.36949,88.5676,44.07,100.0,-0.0089,-0.0087,8.3
2023-06-26 19:00:00,NODE_05,27.35503,88.67429,43.9,100.0,0.0014,0.0155,8.3
2023-06-26 19:00:00,NODE_06,27.3375,88.61639,44.23,100.0,0.006,0.0017,8.3
2023-06-26 19:00:00,NODE_07,27.35687,88.65051,43.67,100.0,0.3348,0.2621,8.3
2023-06-26 19:00:00,NODE_08,27.3729,88.65823,44.29,100.0,-0.0004,-0.0068,8.3
2023-06-26 19:00:00,NODE_09,27.32405,88.62626,43.24,100.0,0.7,0.3458,8.3
2023-06-26 19:00:00,NODE_10,27.28763,88.57017,44.69,100.0,0.0045,0.0114,8.3
2023-06-26 20:00:00,NODE_01,27.29535,88.6231,44.4,100.0,0.0051,-0.0165,5.31
2023-06-26 20:00:00,NODE_02,27.35987,88.66507,43.7,100.0,-0.001,-0.0077,5.31
2023-06-26 20:00:00,NODE_03,27.32649,88.60522,43.35,100.0,0.3323,0.5021,5.31
2023-06-26 20:00:00,NODE_04,27.36949,88.5676,43.51,100.0,0.0188,-0.0007,5.31
2023-06-26 20:00:00,NODE_05,27.35503,88.67429,43.33,100.0,-0.0058,-0.0016,5.31
2023-06-26 20:00:00,NODE_06,27.3375,88.61639,43.73,100.0,-0.0253,-0.0012,5.31
2023-06-26 20:00:00,NODE_07,27.35687,88.65051,43.23,100.0,0.3425,0.2615,5.31
2023-06-26 20:00:00,NODE_08,27.3729,88.65823,43.19,100.0,0.0129,0.0091,5.31
2023-06-26 20:00:00,NODE_09,27.32405,88.62626,42.48,100.0,0.7299,0.377,5.31
2023-06-26 20:00:00,NODE_10,27.28763,88.57017,43.08,100.0,0.0128,-0.0096,5.31
2023-06-26 21:00:00,NODE_01,27.29535,88.6231,43.8,100.0,0.0014,0.0147,5.31
2023-06-26 21:00:00,NODE_02,27.35987,88.66507,42.49,100.0,0.0015,-0.0077,5.31
2023-06-26 21:00:00,NODE_03,27.32649,88.60522,42.75,100.0,0.3354,0.5129,5.31
2023-06-26 21:00:00,NODE_04,27.36949,88.5676,43.62,100.0,0.001,-0.0055,5.31
2023-06-26 21:00:00,NODE_05,27.35503,88.67429,42.83,100.0,-0.0024,-0.0075,5.31
2023-06-26 21:00:00,NODE_06,27.3375,88.61639,42.72,100.0,0.0316,0.0133,5.31
2023-06-26 21:00:00,NODE_07,27.35687,88.65051,43.18,100.0,0.3456,0.2772,5.31
2023-06-26 21:00:00,NODE_08,27.3729,88.65823,43.21,100.0,0.014,0.0035,5.31
2023-06-26 21:00:00,NODE_09,27.32405,88.62626,43.68,100.0,0.7186,0.3601,5.31
2023-06-26 21:00:00,NODE_10,27.28763,88.57017,43.81,100.0,-0.0086,-0.0082,5.31
2023-06-26 22:00:00,NODE_01,27.29535,88.6231,42.8,100.0,-0.004,0.0079,5.31
2023-06-26 22:00:00,NODE_02,27.35987,88.66507,43.66,100.0,0.012,0.0101,5.31
2023-06-26 22:00:00,NODE_03,27.32649,88.60522,42.99,100.0,0.3514,0.5119,5.31
2023-06-26 22:00:00,NODE_04,27.36949,88.5676,42.78,100.0,-0.0109,0.0035,5.31
2023-06-26 22:00:00,NODE_05,27.35503,88.67429,42.49,100.0,-0.0097,-0.0098,5.31
2023-06-26 22:00:00,NODE_06,27.3375,88.61639,43.48,100.0,0.0113,0.0033,5.31
2023-06-26 22:00:00,NODE_07,27.35687,88.65051,43.15,100.0,0.3299,0.2633,5.31
2023-06-26 22:00:00,NODE_08,27.3729,88.65823,42.62,100.0,-0.0094,0.0024,5.31
2023-06-26 22:00:00,NODE_09,27.32405,88.62626,42.89,100.0,0.7518,0.3764,5.31
2023-06-26 22:00:00,NODE_10,27.28763,88.57017,42.73,100.0,-0.0024,0.0066,5.31
2023-06-26 23:00:00,NODE_01,27.29535,88.6231,42.42,100.0,-0.0033,-0.0004,5.31
2023-06-26 23:00:00,NODE_02,27.35987,88.66507,42.18,100.0,0.0059,-0.0042,5.31
2023-06-26 23:00:00,NODE_03,27.32649,88.60522,42.49,100.0,0.3413,0.505,5.31
2023-06-26 23:00:00,NODE_04,27.36949,88.5676,43.87,100.0,-0.0083,0.0189,5.31
2023-06-26 23:00:00,NODE_05,27.35503,88.67429,42.73,100.0,0.0106,-0.011,5.31
2023-06-26 23:00:00,NODE_06,27.3375,88.61639,43.15,100.0,-0.002,0.0082,5.31
2023-06-26 23:00:00,NODE_07,27.35687,88.65051,42.82,100.0,0.3442,0.2761,5.31
2023-06-26 23:00:00,NODE_08,27.3729,88.65823,42.75,100.0,0.0017,0.0205,5.31
2023-06-26 23:00:00,NODE_09,27.32405,88.62626,43.04,100.0,0.7337,0.3661,5.31
2023-06-26 23:00:00,NODE_10,27.28763,88.57017,43.19,100.0,-0.0063,0.0141,5.31
2023-06-27 00:00:00,NODE_01,27.29535,88.6231,42.26,100.0,-0.0082,0.0065,5.31
2023-06-27 00:00:00,NODE_02,27.35987,88.66507,43.0,100.0,-0.0005,-0.0109,5.31
2023-06-27 00:00:00,NODE_03,27.32649,88.60522,42.01,100.0,0.3397,0.5139,5.31
2023-06-27 00:00:00,NODE_04,27.36949,88.5676,42.16,100.0,0.0149,-0.0037,5.31
2023-06-27 00:00:00,NODE_05,27.35503,88.67429,42.25,100.0,0.0068,0.0001,5.31
2023-06-27 00:00:00,NODE_06,27.3375,88.61639,42.58,100.0,-0.0072,0.0072,5.31
2023-06-27 00:00:00,NODE_07,27.35687,88.65051,43.18,100.0,0.3389,0.2647,5.31
2023-06-27 00:00:00,NODE_08,27.3729,88.65823,42.52,100.0,-0.0057,0.0047,5.31
2023-06-27 00:00:00,NODE_09,27.32405,88.62626,42.35,100.0,0.742,0.3703,5.31
2023-06-27 00:00:00,NODE_10,27.28763,88.57017,42.66,100.0,0.0046,-0.0059,5.31
2023-06-27 01:00:00,NODE_01,27.29535,88.6231,42.33,100.0,0.0042,-0.0077,5.31
2023-06-27 01:00:00,NODE_02,27.35987,88.66507,42.54,100.0,0.0111,-0.0004,5.31
2023-06-27 01:00:00,NODE_03,27.32649,88.60522,41.54,100.0,0.3643,0.5393,5.31
2023-06-27 01:00:00,NODE_04,27.36949,88.5676,41.77,100.0,0.0182,0.0053,5.31
2023-06-27 01:00:00,NODE_05,27.35503,88.67429,42.75,100.0,0.0018,0.0085,5.31
2023-06-27 01:00:00,NODE_06,27.3375,88.61639,42.24,100.0,0.0099,-0.0288,5.31
2023-06-27 01:00:00,NODE_07,27.35687,88.65051,42.17,100.0,0.3497,0.2819,5.31
2023-06-27 01:00:00,NODE_08,27.3729,88.65823,42.51,100.0,-0.0029,0.012,5.31
2023-06-27 01:00:00,NODE_09,27.32405,88.62626,42.54,100.0,0.7439,0.3698,5.31
2023-06-27 01:00:00,NODE_10,27.28763,88.57017,42.37,100.0,-0.019,-0.0124,5.31
2023-06-27 02:00:00,NODE_01,27.29535,88.6231,41.83,100.0,-0.0009,-0.0058,5.31
2023-06-27 02:00:00,NODE_02,27.35987,88.66507,42.1,100.0,0.0254,0.0012,5.31
2023-06-27 02:00:00,NODE_03,27.32649,88.60522,41.25,100.0,0.3674,0.5259,5.31
2023-06-27 02:00:00,NODE_04,27.36949,88.5676,41.46,100.0,0.0101,0.0002,5.31
2023-06-27 02:00:00,NODE_05,27.35503,88.67429,41.8,100.0,-0.0004,0.0131,5.31
2023-06-27 02:00:00,NODE_06,27.3375,88.61639,42.54,100.0,0.005,-0.0008,5.31
2023-06-27 02:00:00,NODE_07,27.35687,88.65051,41.28,100.0,0.3484,0.2861,5.31
2023-06-27 02:00:00,NODE_08,27.3729,88.65823,42.4,100.0,0.0062,0.0027,5.31
2023-06-27 02:00:00,NODE_09,27.32405,88.62626,41.82,100.0,0.7521,0.3875,5.31
2023-06-27 02:00:00,NODE_10,27.28763,88.57017,41.81,100.0,0.0144,-0.0032,5.31
2023-06-27 03:00:00,NODE_01,27.29535,88.6231,41.46,100.0,-0.0066,-0.0046,5.31
2023-06-27 03:00:00,NODE_02,27.35987,88.66507,41.28,100.0,0.0032,-0.0197,5.31
2023-06-27 03:00:00,NODE_03,27.32649,88.60522,41.47,100.0,0.3596,0.5359,5.31
2023-06-27 03:00:00,NODE_04,27.36949,88.5676,41.53,100.0,0.0132,0.0002,5.31
2023-06-27 03:00:00,NODE_05,27.35503,88.67429,41.64,100.0,-0.0068,-0.0049,5.31
2023-06-27 03:00:00,NODE_06,27.3375,88.61639,40.97,100.0,0.0009,-0.0108,5.31
2023-06-27 03:00:00,NODE_07,27.35687,88.65051,42.28,100.0,0.3691,0.2886,5.31
2023-06-27 03:00:00,NODE_08,27.3729,88.65823,41.89,100.0,-0.0033,-0.0035,5.31
2023-06-27 03:00:00,NODE_09,27.32405,88.62626,41.78,100.0,0.7647,0.3767,5.31
2023-06-27 03:00:00,NODE_10,27.28763,88.57017,41.52,100.0,0.0053,-0.0101,5.31
2023-06-27 04:00:00,NODE_01,27.29535,88.6231,41.96,100.0,-0.0066,-0.0185,5.31
2023-06-27 04:00:00,NODE_02,27.35987,88.66507,41.43,100.0,0.0012,-0.0004,5.31
2023-06-27 04:00:00,NODE_03,27.32649,88.60522,41.34,100.0,0.3688,0.5364,5.31
2023-06-27 04:00:00,NODE_04,27.36949,88.5676,40.68,100.0,0.0122,-0.0017,5.31
2023-06-27 04:00:00,NODE_05,27.35503,88.67429,40.81,100.0,-0.0213,-0.0004,5.31
2023-06-27 04:00:00,NODE_06,27.3375,88.61639,41.87,100.0,0.0046,-0.0083,5.31
2023-06-27 04:00:00,NODE_07,27.35687,88.65051,40.88,100.0,0.3718,0.2944,5.31
2023-06-27 04:00:00,NODE_08,27.3729,88.65823,41.03,100.0,0.0019,-0.0106,5.31
2023-06-27 04:00:00,NODE_09,27.32405,88.62626,41.48,100.0,0.7699,0.3932,5.31
2023-06-27 04:00:00,NODE_10,27.28763,88.57017,41.08,100.0,0.0059,0.004,5.31
2023-06-27 05:00:00,NODE_01,27.29535,88.6231,41.56,100.0,-0.0121,0.0086,9.4
2023-06-27 05:00:00,NODE_02,27.35987,88.66507,41.41,100.0,0.0017,0.0087,9.4
2023-06-27 05:00:00,NODE_03,27.32649,88.60522,41.25,100.0,0.3704,0.5376,9.4
2023-06-27 05:00:00,NODE_04,27.36949,88.5676,41.72,100.0,0.0056,-0.0086,9.4
2023-06-27 05:00:00,NODE_05,27.35503,88.67429,41.46,100.0,-0.0141,-0.001,9.4
2023-06-27 05:00:00,NODE_06,27.3375,88.61639,41.41,100.0,-0.0011,0.0147,9.4
2023-06-27 05:00:00,NODE_07,27.35687,88.65051,41.38,100.0,0.3697,0.2846,9.4
2023-06-27 05:00:00,NODE_08,27.3729,88.65823,41.06,100.0,0.0096,0.0024,9.4
2023-06-27 05:00:00,NODE_09,27.32405,88.62626,41.74,100.0,0.7462,0.3822,9.4
2023-06-27 05:00:00,NODE_10,27.28763,88.57017,41.6,100.0,-0.0236,-0.0108,9.4
2023-06-27 06:00:00,NODE_01,27.29535,88.6231,42.75,100.0,0.0098,0.0119,9.4
2023-06-27 06:00:00,NODE_02,27.35987,88.66507,41.84,100.0,0.0131,0.0045,9.4
2023-06-27 06:00:00,NODE_03,27.32649,88.60522,42.09,100.0,0.3772,0.5398,9.4
2023-06-27 06:00:00,NODE_04,27.36949,88.5676,41.07,100.0,0.0033,0.0034,9.4
2023-06-27 06:00:00,NODE_05,27.35503,88.67429,41.9,100.0,-0.0074,-0.0064,9.4
2023-06-27 06:00:00,NODE_06,27.3375,88.61639,42.27,100.0,0.004,-0.0037,9.4
2023-06-27 06:00:00,NODE_07,27.35687,88.65051,41.94,100.0,0.354,0.2961,9.4
2023-06-27 06:00:00,NODE_08,27.3729,88.65823,42.04,100.0,0.0152,-0.0266,9.4
2023-06-27 06:00:00,NODE_09,27.32405,88.62626,42.5,100.0,0.7776,0.3884,9.4
2023-06-27 06:00:00,NODE_10,27.28763,88.57017,41.76,100.0,-0.0104,0.0097,9.4
2023-06-27 07:00:00,NODE_01,27.29535,88.6231,42.09,100.0,0.0008,-0.007,9.4
2023-06-27 07:00:00,NODE_02,27.35987,88.66507,41.95,100.0,-0.006,0.0223,9.4
2023-06-27 07:00:00,NODE_03,27.32649,88.60522,42.03,100.0,0.3799,0.5516,9.4
2023-06-27 07:00:00,NODE_04,27.36949,88.5676,42.12,100.0,0.0054,-0.0029,9.4
2023-06-27 07:00:00,NODE_05,27.35503,88.67429,41.91,100.0,-0.0089,0.0074,9.4
2023-06-27 07:00:00,NODE_06,27.3375,88.61639,42.1,100.0,0.0073,0.0189,9.4
2023-06-27 07:00:00,NODE_07,27.35687,88.65051,42.22,100.0,0.3683,0.3019,9.4
2023-06-27 07:00:00,NODE_08,27.3729,88.65823,42.65,100.0,0.0029,0.0027,9.4
2023-06-27 07:00:00,NODE_09,27.32405,88.62626,41.41,100.0,0.7791,0.3937,9.4
2023-06-27 07:00:00,NODE_10,27.28763,88.57017,42.13,100.0,0.0149,0.0021,9.4
2023-06-27 08:00:00,NODE_01,27.29535,88.6231,42.51,100.0,-0.0086,0.0035,9.4
2023-06-27 08:00:00,NODE_02,27.35987,88.66507,40.98,100.0,-0.0028,0.0125,9.4
2023-06-27 08:00:00,NODE_03,27.32649,88.60522,42.03,100.0,0.3504,0.5536,9.4
2023-06-27 08:00:00,NODE_04,27.36949,88.5676,41.26,100.0,0.0074,-0.009,9.4
2023-06-27 08:00:00,NODE_05,27.35503,88.67429,41.6,100.0,0.0029,0.0036,9.4
2023-06-27 08:00:00,NODE_06,27.3375,88.61639,41.3,100.0,0.0034,-0.0141,9.4
2023-06-27 08:00:00,NODE_07,27.35687,88.65051,41.22,100.0,0.3584,0.2765,9.4
2023-06-27 08:00:00,NODE_08,27.3729,88.65823,41.79,100.0,0.0012,0.0032,9.4
2023-06-27 08:00:00,NODE_09,27.32405,88.62626,41.77,100.0,0.7796,0.3974,9.4
2023-06-27 08:00:00,NODE_10,27.28763,88.57017,41.23,100.0,-0.0018,0.01,9.4
2023-06-27 09:00:00,NODE_01,27.29535,88.6231,42.36,100.0,0.0081,-0.0027,15.18
2023-06-27 09:00:00,NODE_02,27.35987,88.66507,42.67,100.0,-0.0154,0.0145,15.18
2023-06-27 09:00:00,NODE_03,27.32649,88.60522,42.15,100.0,0.3767,0.5529,15.18
2023-06-27 09:00:00,NODE_04,27.36949,88.5676,42.07,100.0,-0.0074,0.0101,15.18
2023-06-27 09:00:00,NODE_05,27.35503,88.67429,42.35,100.0,0.0081,0.0014,15.18
2023-06-27 09:00:00,NODE_06,27.3375,88.61639,42.02,100.0,0.0029,-0.0108,15.18
2023-06-27 09:00:00,NODE_07,27.35687,88.65051,41.92,100.0,0.373,0.2837,15.18
2023-06-27 09:00:00,NODE_08,27.3729,88.65823,41.61,100.0,-0.0111,-0.0022,15.18
2023-06-27 09:00:00,NODE_09,27.32405,88.62626,42.3,100.0,0.8014,0.3892,15.18
2023-06-27 09:00:00,NODE_10,27.28763,88.57017,42.23,100.0,-0.0172,-0.0242,15.18
2023-06-27 10:00:00,NODE_01,27.29535,88.6231,43.11,100.0,-0.0056,0.0033,15.9
2023-06-27 10:00:00,NODE_02,27.35987,88.66507,42.69,100.0,-0.0118,0.028,15.9
2023-06-27 10:00:00,NODE_03,27.32649,88.60522,42.41,100.0,0.387,0.5472,15.9
2023-06-27 10:00:00,NODE_04,27.36949,88.5676,42.96,100.0,0.0073,0.001,15.9
2023-06-27 10:00:00,NODE_05,27.35503,88.67429,43.33,100.0,-0.0013,0.0036,15.9
2023-06-27 10:00:00,NODE_06,27.3375,88.61639,43.13,100.0,0.0139,0.0076,15.9
2023-06-27 10:00:00,NODE_07,27.35687,88.65051,42.13,100.0,0.3835,0.2767,15.9
2023-06-27 10:00:00,NODE_08,27.3729,88.65823,43.56,100.0,0.0159,-0.0009,15.9
2023-06-27 10:00:00,NODE_09,27.32405,88.62626,42.74,100.0,0.8069,0.4081,15.9
2023-06-27 10:00:00,NODE_10,27.28763,88.57017,43.23,100.0,0.0022,-0.0176,15.9
2023-06-27 11:00:00,NODE_01,27.29535,88.6231,42.92,100.0,-0.0141,-0.0063,15.9
2023-06-27 11:00:00,NODE_02,27.35987,88.66507,43.02,100.0,-0.0052,0.0076,15.9
2023-06-27 11:00:00,NODE_03,27.32649,88.60522,43.26,100.0,0.3803,0.5618,15.9
2023-06-27 11:00:00,NODE_04,27.36949,88.5676,44.14,100.0,0.0146,-0.0023,15.9
2023-06-27 11:00:00,NODE_05,27.35503,88.67429,43.27,100.0,0.0141,0.0062,15.9
2023-06-27 11:00:00,NODE_06,27.3375,88.61639,43.13,100.0,-0.016,-0.0034,15.9
2023-06-27 11:00:00,NODE_07,27.35687,88.65051,43.46,100.0,0.3895,0.3043,15.9
2023-06-27 11:00:00,NODE_08,27.3729,88.65823,43.41,100.0,0.005,-0.0125,15.9
2023-06-27 11:00:00,NODE_09,27.32405,88.62626,43.06,100.0,0.8035,0.401,15.9
2023-06-27 11:00:00,NODE_10,27.28763,88.57017,43.59,100.0,0.0068,0.0129,15.9
2023-06-27 12:00:00,NODE_01,27.29535,88.6231,43.04,100.0,0.0102,-0.0088,18.91
2023-06-27 12:00:00,NODE_02,27.35987,88.66507,43.15,100.0,-0.0006,0.0016,18.91
2023-06-27 12:00:00,NODE_03,27.32649,88.60522,42.87,100.0,0.3875,0.5612,18.91
2023-06-27 12:00:00,NODE_04,27.36949,88.5676,42.95,100.0,-0.0021,0.0134,18.91
2023-06-27 12:00:00,NODE_05,27.35503,88.67429,43.83,100.0,-0.0078,0.0061,18.91
2023-06-27 12:00:00,NODE_06,27.3375,88.61639,43.13,100.0,-0.008,0.0031,18.91
2023-06-27 12:00:00,NODE_07,27.35687,88.65051,43.85,100.0,0.3869,0.2806,18.91
2023-06-27 12:00:00,NODE_08,27.3729,88.65823,43.45,100.0,0.0014,0.0139,18.91
2023-06-27 12:00:00,NODE_09,27.32405,88.62626,43.16,100.0,0.7941,0.4117,18.91
2023-06-27 12:00:00,NODE_10,27.28763,88.57017,43.39,100.0,0.0053,-0.0072,18.91
2023-06-27 13:00:00,NODE_01,27.29535,88.6231,43.64,100.0,-0.0054,0.0105,18.91
2023-06-27 13:00:00,NODE_02,27.35987,88.66507,43.59,100.0,0.0177,0.0097,18.91
2023-06-27 13:00:00,NODE_03,27.32649,88.60522,43.67,100.0,0.3973,0.5626,18.91
2023-06-27 13:00:00,NODE_04,27.36949,88.5676,43.39,100.0,-0.0031,-0.0184,18.91
2023-06-27 13:00:00,NODE_05,27.35503,88.67429,43.7,100.0,-0.0014,-0.0084,18.91
2023-06-27 13:00:00,NODE_06,27.3375,88.61639,43.2,100.0,0.0003,-0.0011,18.91
2023-06-27 13:00:00,NODE_07,27.35687,88.65051,42.96,100.0,0.3974,0.2799,18.91
2023-06-27 13:00:00,NODE_08,27.3729,88.65823,42.98,100.0,0.0009,-0.0034,18.91
2023-06-27 13:00:00,NODE_09,27.32405,88.62626,44.06,100.0,0.7927,0.4087,18.91
2023-06-27 13:00:00,NODE_10,27.28763,88.57017,44.48,100.0,-0.0015,-0.0147,18.91
2023-06-27 14:00:00,NODE_01,27.29535,88.6231,43.92,100.0,-0.0041,-0.0006,18.91
2023-06-27 14:00:00,NODE_02,27.35987,88.66507,43.17,100.0,0.0054,-0.0056,18.91
2023-06-27 14:00:00,NODE_03,27.32649,88.60522,43.15,100.0,0.3932,0.5963,18.91
2023-06-27 14:00:00,NODE_04,27.36949,88.5676,43.24,100.0,0.0048,0.0127,18.91
2023-06-27 14:00:00,NODE_05,27.35503,88.67429,43.96,100.0,-0.0005,0.009,18.91
2023-06-27 14:00:00,NODE_06,27.3375,88.61639,43.78,100.0,-0.0073,-0.0014,18.91
2023-06-27 14:00:00,NODE_07,27.35687,88.65051,43.92,100.0,0.3899,0.2887,18.91
2023-06-27 14:00:00,NODE_08,27.3729,88.65823,43.53,100.0,0.0036,-0.0097,18.91
2023-06-27 14:00:00,NODE_09,27.32405,88.62626,43.5,100.0,0.8173,0.4173,18.91
2023-06-27 14:00:00,NODE_10,27.28763,88.57017,43.29,100.0,0.0114,-0.002,18.91
2023-06-27 15:00:00,NODE_01,27.29535,88.6231,43.39,100.0,0.0004,0.0202,14.71
2023-06-27 15:00:00,NODE_02,27.35987,88.66507,42.47,100.0,-0.0091,0.0011,14.71
2023-06-27 15:00:00,NODE_03,27.32649,88.60522,43.74,100.0,0.4101,0.558,14.71
2023-06-27 15:00:00,NODE_04,27.36949,88.5676,43.03,100.0,-0.0065,-0.0088,14.71
2023-06-27 15:00:00,NODE_05,27.35503,88.67429,43.13,100.0,0.0109,0.0026,14.71
2023-06-27 15:00:00,NODE_06,27.3375,88.61639,44.08,100.0,-0.004,-0.003,14.71
2023-06-27 15:00:00,NODE_07,27.35687,88.65051,43.75,100.0,0.3876,0.2843,14.71
2023-06-27 15:00:00,NODE_08,27.3729,88.65823,43.65,100.0,0.0077,0.0054,14.71
2023-06-27 15:00:00,NODE_09,27.32405,88.62626,44.35,100.0,0.8284,0.4099,14.71
2023-06-27 15:00:00,NODE_10,27.28763,88.57017,43.34,100.0,-0.007,0.0024,14.71
2023-06-27 16:00:00,NODE_01,27.29535,88.6231,42.72,100.0,0.0114,0.0005,14.71
2023-06-27 16:00:00,NODE_02,27.35987,88.66507,43.39,100.0,-0.0073,-0.0065,14.71
2023-06-27 16:00:00,NODE_03,27.32649,88.60522,43.1,100.0,0.409,0.5868,14.71
2023-06-27 16:00:00,NODE_04,27.36949,88.5676,42.95,100.0,-0.0132,0.0021,14.71
2023-06-27 16:00:00,NODE_05,27.35503,88.67429,43.15,100.0,0.0011,-0.0043,14.71
2023-06-27 16:00:00,NODE_06,27.3375,88.61639,42.37,100.0,0.0129,0.0018,14.71
2023-06-27 16:00:00,NODE_07,27.35687,88.65051,42.97,100.0,0.4012,0.3064,14.71
2023-06-27 16:00:00,NODE_08,27.3729,88.65823,43.43,100.0,0.009,0.0011,14.71
2023-06-27 16:00:00,NODE_09,27.32405,88.62626,43.44,100.0,0.7996,0.4087,14.71
2023-06-27 16:00:00,NODE_10,27.28763,88.57017,42.65,100.0,0.0054,-0.0016,14.71
2023-06-27 17:00:00,NODE_01,27.29535,88.6231,43.05,100.0,0.0002,-0.0093,19.05
2023-06-27 17:00:00,NODE_02,27.35987,88.66507,43.8,100.0,0.0137,0.004,19.05
2023-06-27 17:00:00,NODE_03,27.32649,88.60522,44.02,100.0,0.3992,0.5724,19.05
2023-06-27 17:00:00,NODE_04,27.36949,88.5676,43.92,100.0,0.0115,-0.0059,19.05
2023-06-27 17:00:00,NODE_05,27.35503,88.67429,43.51,100.0,0.0013,0.0023,19.05
2023-06-27 17:00:00,NODE_06,27.3375,88.61639,44.71,100.0,-0.0015,0.0064,19.05
2023-06-27 17:00:00,NODE_07,27.35687,88.65051,42.8,100.0,0.4042,0.2948,19.05
2023-06-27 17:00:00,NODE_08,27.3729,88.65823,43.32,100.0,0.0161,-0.0036,19.05
2023-06-27 17:00:00,NODE_09,27.32405,88.62626,43.48,100.0,0.8359,0.4235,19.05
2023-06-27 17:00:00,NODE_10,27.28763,88.57017,43.43,100.0,0.0014,0.0047,19.05
2023-06-27 18:00:00,NODE_01,27.29535,88.6231,43.25,100.0,-0.012,0.0123,19.05
2023-06-27 18:00:00,NODE_02,27.35987,88.66507,43.74,100.0,0.0113,-0.0065,19.05
2023-06-27 18:00:00,NODE_03,27.32649,88.60522,43.37,100.0,0.401,0.5862,19.05
2023-06-27 18:00:00,NODE_04,27.36949,88.5676,43.63,100.0,-0.0045,-0.0092,19.05
2023-06-27 18:00:00,NODE_05,27.35503,88.67429,44.04,100.0,-0.0165,0.0034,19.05
2023-06-27 18:00:00,NODE_06,27.3375,88.61639,43.9,100.0,-0.0183,0.0161,19.05
2023-06-27 18:00:00,NODE_07,27.35687,88.65051,43.39,100.0,0.3924,0.2908,19.05
2023-06-27 18:00:00,NODE_08,27.3729,88.65823,43.8,100.0,0.0024,-0.0046,19.05
2023-06-27 18:00:00,NODE_09,27.32405,88.62626,44.04,100.0,0.8276,0.4168,19.05
2023-06-27 18:00:00,NODE_10,27.28763,88.57017,44.54,100.0,-0.0013,0.0033,19.05
2023-06-27 19:00:00,NODE_01,27.29535,88.6231,43.34,100.0,0.0054,0.0063,19.05
2023-06-27 19:00:00,NODE_02,27.35987,88.66507,43.59,100.0,0.0003,-0.0069,19.05
2023-06-27 19:00:00,NODE_03,27.32649,88.60522,43.77,100.0,0.3772,0.6144,19.05
2023-06-27 19:00:00,NODE_04,27.36949,88.5676,44.95,100.0,0.0002,0.0131,19.05
2023-06-27 19:00:00,NODE_05,27.35503,88.67429,44.36,100.0,-0.009,0.0108,19.05
2023-06-27 19:00:00,NODE_06,27.3375,88.61639,44.28,100.0,-0.0042,-0.002,19.05
2023-06-27 19:00:00,NODE_07,27.35687,88.65051,43.81,100.0,0.4041,0.3093,19.05
2023-06-27 19:00:00,NODE_08,27.3729,88.65823,43.8,100.0,0.0175,-0.0001,19.05
2023-06-27 19:00:00,NODE_09,27.32405,88.62626,44.09,100.0,0.8171,0.439,19.05
2023-06-27 19:00:00,NODE_10,27.28763,88.57017,43.9,100.0,-0.0038,0.0028,19.05
2023-06-27 20:00:00,NODE_01,27.29535,88.6231,43.8,100.0,-0.0048,0.0073,19.05
2023-06-27 20:00:00,NODE_02,27.35987,88.66507,43.8,100.0,-0.0044,0.0041,19.05
2023-06-27 20:00:00,NODE_03,27.32649,88.60522,43.91,100.0,0.405,0.583,19.05
2023-06-27 20:00:00,NODE_04,27.36949,88.5676,43.93,100.0,-0.0061,0.0186,19.05
2023-06-27 20:00:00,NODE_05,27.35503,88.67429,43.81,100.0,0.011,-0.0105,19.05
2023-06-27 20:00:00,NODE_06,27.3375,88.61639,43.59,100.0,0.0006,-0.0039,19.05
2023-06-27 20:00:00,NODE_07,27.35687,88.65051,44.38,100.0,0.3999,0.3118,19.05
2023-06-27 20:00:00,NODE_08,27.3729,88.65823,44.43,100.0,0.0106,0.0135,19.05
2023-06-27 20:00:00,NODE_09,27.32405,88.62626,44.3,100.0,0.845,0.4276,19.05
2023-06-27 20:00:00,NODE_10,27.28763,88.57017,43.15,100.0,-0.0034,0.0135,19.05
2023-06-27 21:00:00,NODE_01,27.29535,88.6231,43.93,100.0,0.0189,0.0119,19.05
2023-06-27 21:00:00,NODE_02,27.35987,88.66507,42.89,100.0,0.0112,-0.0014,19.05
2023-06-27 21:00:00,NODE_03,27.32649,88.60522,43.95,100.0,0.3974,0.5892,19.05
2023-06-27 21:00:00,NODE_04,27.36949,88.5676,43.07,100.0,0.0128,-0.0022,19.05
2023-06-27 21:00:00,NODE_05,27.35503,88.67429,43.83,100.0,-0.0208,0.0132,19.05
2023-06-27 21:00:00,NODE_06,27.3375,88.61639,43.48,100.0,0.0004,-0.0052,19.05
2023-06-27 21:00:00,NODE_07,27.35687,88.65051,43.43,100.0,0.3853,0.295,19.05
2023-06-27 21:00:00,NODE_08,27.3729,88.65823,43.84,100.0,-0.0006,0.0047,19.05
2023-06-27 21:00:00,NODE_09,27.32405,88.62626,43.01,100.0,0.8545,0.4158,19.05
2023-06-27 21:00:00,NODE_10,27.28763,88.57017,43.83,100.0,0.0003,-0.0001,19.05
2023-06-27 22:00:00,NODE_01,27.29535,88.6231,43.33,100.0,-0.0,-0.0065,20.17
2023-06-27 22:00:00,NODE_02,27.35987,88.66507,42.92,100.0,-0.0099,-0.0193,20.17
2023-06-27 22:00:00,NODE_03,27.32649,88.60522,44.0,100.0,0.4158,0.6001,20.17
2023-06-27 22:00:00,NODE_04,27.36949,88.5676,43.18,100.0,0.0085,0.0034,20.17
2023-06-27 22:00:00,NODE_05,27.35503,88.67429,43.11,100.0,0.0134,0.0002,20.17
2023-06-27 22:00:00,NODE_06,27.3375,88.61639,43.41,100.0,0.0056,0.0147,20.17
2023-06-27 22:00:00,NODE_07,27.35687,88.65051,42.93,100.0,0.4124,0.3085,20.17
2023-06-27 22:00:00,NODE_08,27.3729,88.65823,43.12,100.0,-0.0167,-0.0003,20.17
2023-06-27 22:00:00,NODE_09,27.32405,88.62626,42.61,100.0,0.847,0.4263,20.17
2023-06-27 22:00:00,NODE_10,27.28763,88.57017,43.49,100.0,-0.0029,-0.0004,20.17
2023-06-27 23:00:00,NODE_01,27.29535,88.6231,42.28,100.0,-0.0224,-0.0013,20.17
2023-06-27 23:00:00,NODE_02,27.35987,88.66507,42.89,100.0,0.0039,-0.0146,20.17
2023-06-27 23:00:00,NODE_03,27.32649,88.60522,43.2,100.0,0.4178,0.5957,20.17
2023-06-27 23:00:00,NODE_04,27.36949,88.5676,42.87,100.0,-0.0024,0.0006,20.17
2023-06-27 23:00:00,NODE_05,27.35503,88.67429,43.54,100.0,0.005,-0.0051,20.17
2023-06-27 23:00:00,NODE_06,27.3375,88.61639,42.77,100.0,0.0047,0.0069,20.17
2023-06-27 23:00:00,NODE_07,27.35687,88.65051,43.25,100.0,0.3976,0.3169,20.17
2023-06-27 23:00:00,NODE_08,27.3729,88.65823,42.72,100.0,0.0009,0.0085,20.17
2023-06-27 23:00:00,NODE_09,27.32405,88.62626,43.33,100.0,0.845,0.4247,20.17
2023-06-27 23:00:00,NODE_10,27.28763,88.57017,43.52,100.0,0.0073,0.008,20.17
2023-06-28 00:00:00,NODE_01,27.29535,88.6231,43.35,100.0,0.0036,-0.0017,23.46
2023-06-28 00:00:00,NODE_02,27.35987,88.66507,43.77,100.0,0.0227,-0.0115,23.46
2023-06-28 00:00:00,NODE_03,27.32649,88.60522,44.16,100.0,0.4259,0.6168,23.46
2023-06-28 00:00:00,NODE_04,27.36949,88.5676,43.75,100.0,-0.0118,0.0173,23.46
2023-06-28 00:00:00,NODE_05,27.35503,88.67429,43.83,100.0,-0.0075,-0.0054,23.46
2023-06-28 00:00:00,NODE_06,27.3375,88.61639,43.11,100.0,-0.0014,-0.019,23.46
2023-06-28 00:00:00,NODE_07,27.35687,88.65051,42.91,100.0,0.4165,0.3161,23.46
2023-06-28 00:00:00,NODE_08,27.3729,88.65823,43.54,100.0,0.0156,0.0003,23.46
2023-06-28 00:00:00,NODE_09,27.32405,88.62626,43.76,100.0,0.8778,0.448,23.46
2023-06-28 00:00:00,NODE_10,27.28763,88.57017,43.31,100.0,-0.0054,0.0055,23.46
2023-06-28 01:00:00,NODE_01,27.29535,88.6231,43.47,100.0,0.0194,-0.0129,23.46
2023-06-28 01:00:00,NODE_02,27.35987,88.66507,43.39,100.0,0.0021,-0.0088,23.46
2023-06-28 01:00:00,NODE_03,27.32649,88.60522,43.42,100.0,0.4355,0.6065,23.46
2023-06-28 01:00:00,NODE_04,27.36949,88.5676,42.88,100.0,-0.0035,-0.0211,23.46
2023-06-28 01:00:00,NODE_05,27.35503,88.67429,43.81,100.0,-0.0083,-0.01,23.46
2023-06-28 01:00:00,NODE_06,27.3375,88.61639,44.01,100.0,-0.0119,-0.0194,23.46
2023-06-28 01:00:00,NODE_07,27.35687,88.65051,43.74,100.0,0.4004,0.3184,23.46
2023-06-28 01:00:00,NODE_08,27.3729,88.65823,43.34,100.0,-0.0078,0.004,23.46
2023-06-28 01:00:00,NODE_09,27.32405,88.62626,43.65,100.0,0.8591,0.4476,23.46
2023-06-28 01:00:00,NODE_10,27.28763,88.57017,43.13,100.0,0.0157,-0.009,23.46
2023-06-28 02:00:00,NODE_01,27.29535,88.6231,44.48,100.0,0.0158,-0.0026,23.46
2023-06-28 02:00:00,NODE_02,27.35987,88.66507,43.46,100.0,-0.0078,0.0041,23.46
2023-06-28 02:00:00,NODE_03,27.32649,88.60522,44.08,100.0,0.424,0.6222,23.46
2023-06-28 02:00:00,NODE_04,27.36949,88.5676,43.11,100.0,0.0057,0.0038,23.46
2023-06-28 02:00:00,NODE_05,27.35503,88.67429,43.7,100.0,0.019,-0.0174,23.46
2023-06-28 02:00:00,NODE_06,27.3375,88.61639,43.02,100.0,-0.0044,-0.0083,23.46
2023-06-28 02:00:00,NODE_07,27.35687,88.65051,43.25,100.0,0.4111,0.3355,23.46
2023-06-28 02:00:00,NODE_08,27.3729,88.65823,43.48,100.0,0.0008,0.0015,23.46
2023-06-28 02:00:00,NODE_09,27.32405,88.62626,43.91,100.0,0.8825,0.4419,23.46
2023-06-28 02:00:00,NODE_10,27.28763,88.57017,43.57,100.0,-0.0058,-0.0009,23.46
2023-06-28 03:00:00,NODE_01,27.29535,88.6231,42.78,100.0,0.0183,0.0134,23.46
2023-06-28 03:00:00,NODE_02,27.35987,88.66507,44.15,100.0,0.0041,0.0022,23.46
2023-06-28 03:00:00,NODE_03,27.32649,88.60522,42.99,100.0,0.4497,0.6063,23.46
2023-06-28 03:00:00,NODE_04,27.36949,88.5676,43.13,100.0,0.0019,-0.0073,23.46
2023-06-28 03:00:00,NODE_05,27.35503,88.67429,43.65,100.0,0.0141,0.0068,23.46
2023-06-28 03:00:00,NODE_06,27.3375,88.61639,43.54,100.0,-0.0062,0.0023,23.46
2023-06-28 03:00:00,NODE_07,27.35687,88.65051,43.03,100.0,0.4166,0.3471,23.46
2023-06-28 03:00:00,NODE_08,27.3729,88.65823,42.91,100.0,0.0017,0.0059,23.46
2023-06-28 03:00:00,NODE_09,27.32405,88.62626,43.57,100.0,0.8608,0.448,23.46
2023-06-28 03:00:00,NODE_10,27.28763,88.57017,43.59,100.0,0.0092,0.0044,23.46
2023-06-28 04:00:00,NODE_01,27.29535,88.6231,42.93,100.0,-0.0102,0.0024,23.46
2023-06-28 04:00:00,NODE_02,27.35987,88.66507,43.23,100.0,-0.0047,0.0107,23.46
2023-06-28 04:00:00,NODE_03,27.32649,88.60522,43.26,100.0,0.4318,0.6053,23.46
2023-06-28 04:00:00,NODE_04,27.36949,88.5676,43.36,100.0,0.0011,-0.0236,23.46
2023-06-28 04:00:00,NODE_05,27.35503,88.67429,42.73,100.0,-0.0012,0.0198,23.46
2023-06-28 04:00:00,NODE_06,27.3375,88.61639,42.94,100.0,-0.0029,-0.0003,23.46
2023-06-28 04:00:00,NODE_07,27.35687,88.65051,43.24,100.0,0.4355,0.3245,23.46
2023-06-28 04:00:00,NODE_08,27.3729,88.65823,42.68,100.0,0.0094,-0.0044,23.46
2023-06-28 04:00:00,NODE_09,27.32405,88.62626,42.5,100.0,0.8852,0.4468,23.46
2023-06-28 04:00:00,NODE_10,27.28763,88.57017,43.06,100.0,0.0096,-0.0059,23.46
2023-06-28 05:00:00,NODE_01,27.29535,88.6231,43.5,100.0,0.0091,-0.0135,19.37
2023-06-28 05:00:00,NODE_02,27.35987,88.66507,42.95,100.0,-0.0139,0.0075,19.37
2023-06-28 05:00:00,NODE_03,27.32649,88.60522,41.88,100.0,0.4191,0.6249,19.37
2023-06-28 05:00:00,NODE_04,27.36949,88.5676,43.31,100.0,0.0021,-0.0036,19.37
2023-06-28 05:00:00,NODE_05,27.35503,88.67429,42.9,100.0,0.0013,-0.0162,19.37
2023-06-28 05:00:00,NODE_06,27.3375,88.61639,42.43,100.0,0.0069,0.0051,19.37
2023-06-28 05:00:00,NODE_07,27.35687,88.65051,43.52,100.0,0.4207,0.3164,19.37
2023-06-28 05:00:00,NODE_08,27.3729,88.65823,42.88,100.0,-0.0039,-0.0114,19.37
2023-06-28 05:00:00,NODE_09,27.32405,88.62626,42.93,100.0,0.89,0.4588,19.37
2023-06-28 05:00:00,NODE_10,27.28763,88.57017,42.97,100.0,0.0017,-0.0054,19.37
2023-06-28 06:00:00,NODE_01,27.29535,88.6231,42.73,100.0,-0.0072,-0.0156,19.37
2023-06-28 06:00:00,NODE_02,27.35987,88.66507,42.4,100.0,0.007,0.0107,19.37
2023-06-28 06:00:00,NODE_03,27.32649,88.60522,42.1,100.0,0.4292,0.6154,19.37
2023-06-28 06:00:00,NODE_04,27.36949,88.5676,43.1,100.0,0.0076,0.0185,19.37
2023-06-28 06:00:00,NODE_05,27.35503,88.67429,42.67,100.0,-0.0065,-0.0095,19.37
2023-06-28 06:00:00,NODE_06,27.3375,88.61639,43.34,100.0,0.004,-0.0018,19.37
2023-06-28 06:00:00,NODE_07,27.35687,88.65051,43.43,100.0,0.4179,0.3293,19.37
2023-06-28 06:00:00,NODE_08,27.3729,88.65823,42.44,100.0,-0.0087,0.0091,19.37
2023-06-28 06:00:00,NODE_09,27.32405,88.62626,43.08,100.0,0.9,0.458,19.37
2023-06-28 06:00:00,NODE_10,27.28763,88.57017,42.33,100.0,0.0008,-0.0139,19.37
2023-06-28 07:00:00,NODE_01,27.29535,88.6231,42.51,100.0,0.0022,0.0166,19.37
2023-06-28 07:00:00,NODE_02,27.35987,88.66507,42.05,100.0,0.0112,0.0061,19.37
2023-06-28 07:00:00,NODE_03,27.32649,88.60522,42.47,100.0,0.4338,0.6501,19.37
2023-06-28 07:00:00,NODE_04,27.36949,88.5676,42.5,100.0,-0.0004,-0.0066,19.37
2023-06-28 07:00:00,NODE_05,27.35503,88.67429,41.75,100.0,0.0013,0.0075,19.37
2023-06-28 07:00:00,NODE_06,27.3375,88.61639,41.9,100.0,0.0082,0.014,19.37
2023-06-28 07:00:00,NODE_07,27.35687,88.65051,41.87,100.0,0.4349,0.3356,19.37
2023-06-28 07:00:00,NODE_08,27.3729,88.65823,43.28,100.0,0.0057,0.015,19.37
2023-06-28 07:00:00,NODE_09,27.32405,88.62626,42.35,100.0,0.9113,0.4624,19.37
2023-06-28 07:00:00,NODE_10,27.28763,88.57017,42.46,100.0,-0.0073,-0.0288,19.37
2023-06-28 08:00:00,NODE_01,27.29535,88.6231,42.07,100.0,-0.0127,-0.0009,19.37
2023-06-28 08:00:00,NODE_02,27.35987,88.66507,41.15,100.0,-0.0031,0.0021,19.37
2023-06-28 08:00:00,NODE_03,27.32649,88.60522,41.5,100.0,0.4461,0.6235,19.37
2023-06-28 08:00:00,NODE_04,27.36949,88.5676,41.99,100.0,0.0045,0.0079,19.37
2023-06-28 08:00:00,NODE_05,27.35503,88.67429,42.22,100.0,-0.0067,-0.0005,19.37
2023-06-28 08:00:00,NODE_06,27.3375,88.61639,41.57,100.0,-0.0038,0.0077,19.37
2023-06-28 08:00:00,NODE_07,27.35687,88.65051,41.79,100.0,0.4317,0.3351,19.37
2023-06-28 08:00:00,NODE_08,27.3729,88.65823,42.26,100.0,-0.0074,-0.0109,19.37
2023-06-28 08:00:00,NODE_09,27.32405,88.62626,41.5,100.0,0.8933,0.4561,19.37
2023-06-28 08:00:00,NODE_10,27.28763,88.57017,42.03,100.0,-0.0052,-0.0037,19.37
2023-06-28 09:00:00,NODE_01,27.29535,88.6231,41.9,100.0,-0.0064,-0.0065,13.59
2023-06-28 09:00:00,NODE_02,27.35987,88.66507,42.16,100.0,-0.0038,0.011,13.59
2023-06-28 09:00:00,NODE_03,27.32649,88.60522,41.94,100.0,0.4333,0.6323,13.59
2023-06-28 09:00:00,NODE_04,27.36949,88.5676,42.09,100.0,-0.0099,0.012,13.59
2023-06-28 09:00:00,NODE_05,27.35503,88.67429,41.27,100.0,-0.0008,0.0083,13.59
2023-06-28 09:00:00,NODE_06,27.3375,88.61639,41.7,100.0,0.0151,0.0008,13.59
2023-06-28 09:00:00,NODE_07,27.35687,88.65051,41.98,100.0,0.4443,0.3438,13.59
2023-06-28 09:00:00,NODE_08,27.3729,88.65823,41.31,100.0,-0.0184,0.0018,13.59
2023-06-28 09:00:00,NODE_09,27.32405,88.62626,41.64,100.0,0.9117,0.4543,13.59
2023-06-28 09:00:00,NODE_10,27.28763,88.57017,41.49,100.0,0.0022,0.0013,13.59
2023-06-28 10:00:00,NODE_01,27.29535,88.6231,41.83,100.0,-0.0068,-0.0027,12.87
2023-06-28 10:00:00,NODE_02,27.35987,88.66507,41.7,100.0,-0.0096,0.0092,12.87
2023-06-28 10:00:00,NODE_03,27.32649,88.60522,41.88,100.0,0.4425,0.6506,12.87
2023-06-28 10:00:00,NODE_04,27.36949,88.5676,41.06,100.0,0.0255,-0.0001,12.87
2023-06-28 10:00:00,NODE_05,27.35503,88.67429,41.35,100.0,0.0181,-0.001,12.87
2023-06-28 10:00:00,NODE_06,27.3375,88.61639,41.21,100.0,0.0067,0.0115,12.87
2023-06-28 10:00:00,NODE_07,27.35687,88.65051,41.99,100.0,0.4289,0.3618,12.87
2023-06-28 10:00:00,NODE_08,27.3729,88.65823,40.91,100.0,0.0184,-0.0045,12.87
2023-06-28 10:00:00,NODE_09,27.32405,88.62626,41.74,100.0,0.8979,0.4698,12.87
2023-06-28 10:00:00,NODE_10,27.28763,88.57017,41.58,100.0,-0.0005,-0.011,12.87
2023-06-28 11:00:00,NODE_01,27.29535,88.6231,40.95,100.0,0.009,-0.0148,12.87
2023-06-28 11:00:00,NODE_02,27.35987,88.66507,41.2,100.0,-0.0015,0.0038,12.87
2023-06-28 11:00:00,NODE_03,27.32649,88.60522,41.07,100.0,0.4465,0.6445,12.87
2023-06-28 11:00:00,NODE_04,27.36949,88.5676,40.53,100.0,-0.0028,0.0012,12.87
2023-06-28 11:00:00,NODE_05,27.35503,88.67429,41.29,100.0,-0.001,-0.0058,12.87
2023-06-28 11:00:00,NODE_06,27.3375,88.61639,41.27,100.0,0.0011,-0.0165,12.87
2023-06-28 11:00:00,NODE_07,27.35687,88.65051,40.41,100.0,0.4437,0.3245,12.87
2023-06-28 11:00:00,NODE_08,27.3729,88.65823,41.43,100.0,0.0093,0.0088,12.87
2023-06-28 11:00:00,NODE_09,27.32405,88.62626,41.99,100.0,0.9029,0.4813,12.87
2023-06-28 11:00:00,NODE_10,27.28763,88.57017,41.12,100.0,0.0118,0.0138,12.87
2023-06-28 12:00:00,NODE_01,27.29535,88.6231,41.38,100.0,0.008,0.0142,9.87
2023-06-28 12:00:00,NODE_02,27.35987,88.66507,40.97,100.0,-0.0056,0.0127,9.87
2023-06-28 12:00:00,NODE_03,27.32649,88.60522,40.64,100.0,0.4463,0.639,9.87
2023-06-28 12:00:00,NODE_04,27.36949,88.5676,41.2,100.0,0.002,-0.0172,9.87
2023-06-28 12:00:00,NODE_05,27.35503,88.67429,40.74,100.0,-0.0105,-0.0023,9.87
2023-06-28 12:00:00,NODE_06,27.3375,88.61639,41.09,100.0,0.006,-0.0009,9.87
2023-06-28 12:00:00,NODE_07,27.35687,88.65051,41.06,100.0,0.4689,0.3386,9.87
2023-06-28 12:00:00,NODE_08,27.3729,88.65823,40.87,100.0,0.0188,0.0025,9.87
2023-06-28 12:00:00,NODE_09,27.32405,88.62626,40.25,100.0,0.916,0.4794,9.87
2023-06-28 12:00:00,NODE_10,27.28763,88.57017,41.27,100.0,-0.0045,-0.0105,9.87
2023-06-28 13:00:00,NODE_01,27.29535,88.6231,40.24,100.0,0.0028,-0.0039,9.87
2023-06-28 13:00:00,NODE_02,27.35987,88.66507,41.08,100.0,-0.0101,-0.0235,9.87
2023-06-28 13:00:00,NODE_03,27.32649,88.60522,40.6,100.0,0.4615,0.6784,9.87
2023-06-28 13:00:00,NODE_04,27.36949,88.5676,40.39,100.0,0.0057,-0.0072,9.87
2023-06-28 13:00:00,NODE_05,27.35503,88.67429,40.82,100.0,-0.0137,-0.0238,9.87
2023-06-28 13:00:00,NODE_06,27.3375,88.61639,40.88,100.0,-0.0068,0.0014,9.87
2023-06-28 13:00:00,NODE_07,27.35687,88.65051,40.59,100.0,0.4443,0.361,9.87
2023-06-28 13:00:00,NODE_08,27.3729,88.65823,41.32,100.0,0.0087,0.0333,9.87
2023-06-28 13:00:00,NODE_09,27.32405,88.62626,40.93,100.0,0.931,0.4868,9.87
2023-06-28 13:00:00,NODE_10,27.28763,88.57017,41.14,100.0,-0.0039,0.0091,9.87
2023-06-28 14:00:00,NODE_01,27.29535,88.6231,41.04,100.0,-0.0135,0.0137,12.9
2023-06-28 14:00:00,NODE_02,27.35987,88.66507,40.28,100.0,0.0189,-0.0029,12.9
2023-06-28 14:00:00,NODE_03,27.32649,88.60522,40.52,100.0,0.4625,0.6519,12.9
2023-06-28 14:00:00,NODE_04,27.36949,88.5676,40.88,100.0,-0.0041,0.0091,12.9
2023-06-28 14:00:00,NODE_05,27.35503,88.67429,40.93,100.0,0.0013,-0.0114,12.9
2023-06-28 14:00:00,NODE_06,27.3375,88.61639,40.86,100.0,-0.0211,0.006,12.9
2023-06-28 14:00:00,NODE_07,27.35687,88.65051,40.14,100.0,0.4512,0.3424,12.9
2023-06-28 14:00:00,NODE_08,27.3729,88.65823,41.02,100.0,0.0068,-0.003,12.9
2023-06-28 14:00:00,NODE_09,27.32405,88.62626,40.53,100.0,0.9487,0.4751,12.9
2023-06-28 14:00:00,NODE_10,27.28763,88.57017,41.11,100.0,-0.0166,0.0042,12.9
2023-06-28 15:00:00,NODE_01,27.29535,88.6231,41.09,100.0,-0.0031,0.0005,11.79
2023-06-28 15:00:00,NODE_02,27.35987,88.66507,40.78,100.0,0.0047,-0.0031,11.79
2023-06-28 15:00:00,NODE_03,27.32649,88.60522,40.98,100.0,0.4704,0.6638,11.79
2023-06-28 15:00:00,NODE_04,27.36949,88.5676,41.07,100.0,0.0001,0.0006,11.79
2023-06-28 15:00:00,NODE_05,27.35503,88.67429,40.69,100.0,-0.0076,0.0095,11.79
2023-06-28 15:00:00,NODE_06,27.3375,88.61639,40.74,100.0,-0.0061,-0.0172,11.79
2023-06-28 15:00:00,NODE_07,27.35687,88.65051,40.49,100.0,0.4353,0.3575,11.79
2023-06-28 15:00:00,NODE_08,27.3729,88.65823,40.23,100.0,0.0037,0.0154,11.79
2023-06-28 15:00:00,NODE_09,27.32405,88.62626,41.22,100.0,0.9557,0.4664,11.79
2023-06-28 15:00:00,NODE_10,27.28763,88.57017,40.37,100.0,0.0064,0.0218,11.79
2023-06-28 16:00:00,NODE_01,27.29535,88.6231,40.98,100.0,-0.0075,0.0143,12.55
2023-06-28 16:00:00,NODE_02,27.35987,88.66507,40.77,100.0,0.0057,0.0115,12.55
2023-06-28 16:00:00,NODE_03,27.32649,88.60522,41.26,100.0,0.458,0.6675,12.55
2023-06-28 16:00:00,NODE_04,27.36949,88.5676,41.32,100.0,-0.0,0.0037,12.55
2023-06-28 16:00:00,NODE_05,27.35503,88.67429,41.45,100.0,0.0025,0.0119,12.55
2023-06-28 16:00:00,NODE_06,27.3375,88.61639,41.48,100.0,0.0075,-0.0026,12.55
2023-06-28 16:00:00,NODE_07,27.35687,88.65051,41.0,100.0,0.446,0.3579,12.55
2023-06-28 16:00:00,NODE_08,27.3729,88.65823,40.81,100.0,-0.0019,0.0163,12.55
2023-06-28 16:00:00,NODE_09,27.32405,88.62626,41.46,100.0,0.9386,0.4699,12.55
2023-06-28 16:00:00,NODE_10,27.28763,88.57017,40.84,100.0,0.0055,0.0054,12.55
2023-06-28 17:00:00,NODE_01,27.29535,88.6231,41.71,100.0,0.0087,0.0026,13.76
2023-06-28 17:00:00,NODE_02,27.35987,88.66507,42.42,100.0,0.0088,0.0157,13.76
2023-06-28 17:00:00,NODE_03,27.32649,88.60522,41.59,100.0,0.476,0.6805,13.76
2023-06-28 17:00:00,NODE_04,27.36949,88.5676,42.09,100.0,-0.0091,0.0013,13.76
2023-06-28 17:00:00,NODE_05,27.35503,88.67429,41.41,100.0,-0.0162,0.0141,13.76
2023-06-28 17:00:00,NODE_06,27.3375,88.61639,41.67,100.0,0.0008,0.004,13.76
2023-06-28 17:00:00,NODE_07,27.35687,88.65051,41.74,100.0,0.4617,0.366,13.76
2023-06-28 17:00:00,NODE_08,27.3729,88.65823,41.45,100.0,0.0051,0.0053,13.76
2023-06-28 17:00:00,NODE_09,27.32405,88.62626,41.62,100.0,0.9503,0.4951,13.76
2023-06-28 17:00:00,NODE_10,27.28763,88.57017,41.46,100.0,0.0098,-0.0145,13.76
2023-06-28 18:00:00,NODE_01,27.29535,88.6231,42.13,100.0,0.0118,0.0085,15.3
2023-06-28 18:00:00,NODE_02,27.35987,88.66507,42.73,100.0,0.0077,-0.0145,15.3
2023-06-28 18:00:00,NODE_03,27.32649,88.60522,43.05,100.0,0.453,0.6819,15.3
2023-06-28 18:00:00,NODE_04,27.36949,88.5676,42.71,100.0,0.0044,0.0219,15.3
2023-06-28 18:00:00,NODE_05,27.35503,88.67429,43.3,100.0,0.0069,0.0044,15.3
2023-06-28 18:00:00,NODE_06,27.3375,88.61639,42.18,100.0,-0.0014,0.0048,15.3
2023-06-28 18:00:00,NODE_07,27.35687,88.65051,42.78,100.0,0.4564,0.3748,15.3
2023-06-28 18:00:00,NODE_08,27.3729,88.65823,42.56,100.0,-0.0055,0.0004,15.3
2023-06-28 18:00:00,NODE_09,27.32405,88.62626,42.63,100.0,0.9618,0.4653,15.3
2023-06-28 18:00:00,NODE_10,27.28763,88.57017,42.06,100.0,0.0103,0.0105,15.3
2023-06-28 19:00:00,NODE_01,27.29535,88.6231,42.65,100.0,0.0106,0.0072,16.4
2023-06-28 19:00:00,NODE_02,27.35987,88.66507,42.2,100.0,-0.0041,0.0141,16.4
2023-06-28 19:00:00,NODE_03,27.32649,88.60522,42.79,100.0,0.4554,0.6728,16.4
2023-06-28 19:00:00,NODE_04,27.36949,88.5676,43.15,100.0,-0.0165,-0.0043,16.4
2023-06-28 19:00:00,NODE_05,27.35503,88.67429,43.03,100.0,-0.0106,-0.0226,16.4
2023-06-28 19:00:00,NODE_06,27.3375,88.61639,43.67,100.0,-0.0085,0.0119,16.4
2023-06-28 19:00:00,NODE_07,27.35687,88.65051,43.22,100.0,0.4684,0.361,16.4
2023-06-28 19:00:00,NODE_08,27.3729,88.65823,42.66,100.0,-0.0107,0.0009,16.4
2023-06-28 19:00:00,NODE_09,27.32405,88.62626,43.53,100.0,0.9651,0.5015,16.4
2023-06-28 19:00:00,NODE_10,27.28763,88.57017,42.86,100.0,0.0079,0.017,16.4
2023-06-28 20:00:00,NODE_01,27.29535,88.6231,42.97,100.0,-0.0076,0.0062,16.4
2023-06-28 20:00:00,NODE_02,27.35987,88.66507,42.51,100.0,0.0027,-0.0117,16.4
2023-06-28 20:00:00,NODE_03,27.32649,88.60522,43.67,100.0,0.4598,0.6817,16.4
2023-06-28 20:00:00,NODE_04,27.36949,88.5676,42.94,100.0,0.0175,0.0161,16.4
2023-06-28 20:00:00,NODE_05,27.35503,88.67429,42.65,100.0,0.0005,-0.0064,16.4
2023-06-28 20:00:00,NODE_06,27.3375,88.61639,43.07,100.0,-0.0196,0.0076,16.4
2023-06-28 20:00:00,NODE_07,27.35687,88.65051,43.49,100.0,0.4691,0.3422,16.4
2023-06-28 20:00:00,NODE_08,27.3729,88.65823,43.18,100.0,-0.0033,0.0001,16.4
2023-06-28 20:00:00,NODE_09,27.32405,88.62626,43.05,100.0,0.9608,0.4812,16.4
2023-06-28 20:00:00,NODE_10,27.28763,88.57017,43.48,100.0,0.0083,-0.0177,16.4
2023-06-28 21:00:00,NODE_01,27.29535,88.6231,42.53,100.0,-0.0274,0.0035,16.4
2023-06-28 21:00:00,NODE_02,27.35987,88.66507,42.92,100.0,-0.0027,-0.0114,16.4
2023-06-28 21:00:00,NODE_03,27.32649,88.60522,42.56,100.0,0.4747,0.6865,16.4
2023-06-28 21:00:00,NODE_04,27.36949,88.5676,43.01,100.0,0.0079,0.0013,16.4
2023-06-28 21:00:00,NODE_05,27.35503,88.67429,42.58,100.0,-0.0034,0.0132,16.4
2023-06-28 21:00:00,NODE_06,27.3375,88.61639,43.41,100.0,0.0142,-0.0006,16.4
2023-06-28 21:00:00,NODE_07,27.35687,88.65051,42.98,100.0,0.4542,0.3546,16.4
2023-06-28 21:00:00,NODE_08,27.3729,88.65823,42.44,100.0,0.0129,0.0113,16.4
2023-06-28 21:00:00,NODE_09,27.32405,88.62626,42.44,100.0,0.9684,0.5109,16.4
2023-06-28 21:00:00,NODE_10,27.28763,88.57017,43.25,100.0,0.0061,0.0064,16.4
2023-06-28 22:00:00,NODE_01,27.29535,88.6231,42.83,100.0,-0.0177,-0.0023,15.29
2023-06-28 22:00:00,NODE_02,27.35987,88.66507,42.51,100.0,0.0044,-0.0023,15.29
2023-06-28 22:00:00,NODE_03,27.32649,88.60522,42.73,100.0,0.4893,0.7001,15.29
2023-06-28 22:00:00,NODE_04,27.36949,88.5676,42.46,100.0,0.0064,0.0169,15.29
2023-06-28 22:00:00,NODE_05,27.35503,88.67429,43.16,100.0,0.0172,0.0162,15.29
2023-06-28 22:00:00,NODE_06,27.3375,88.61639,43.19,100.0,-0.0021,0.0067,15.29
2023-06-28 22:00:00,NODE_07,27.35687,88.65051,42.42,100.0,0.4801,0.3855,15.29
2023-06-28 22:00:00,NODE_08,27.3729,88.65823,42.7,100.0,-0.0123,-0.0087,15.29
2023-06-28 22:00:00,NODE_09,27.32405,88.62626,43.27,100.0,0.9716,0.4935,15.29
2023-06-28 22:00:00,NODE_10,27.28763,88.57017,42.53,100.0,0.0076,0.0086,15.29
2023-06-28 23:00:00,NODE_01,27.29535,88.6231,41.98,100.0,0.0142,0.0192,15.29
2023-06-28 23:00:00,NODE_02,27.35987,88.66507,41.91,100.0,0.0034,-0.0032,15.29
2023-06-28 23:00:00,NODE_03,27.32649,88.60522,42.91,100.0,0.4739,0.6848,15.29
2023-06-28 23:00:00,NODE_04,27.36949,88.5676,42.36,100.0,-0.0174,-0.0122,15.29
2023-06-28 23:00:00,NODE_05,27.35503,88.67429,42.27,100.0,0.0017,0.0136,15.29
2023-06-28 23:00:00,NODE_06,27.3375,88.61639,42.95,100.0,-0.0043,-0.002,15.29
2023-06-28 23:00:00,NODE_07,27.35687,88.65051,42.36,100.0,0.4601,0.3515,15.29
2023-06-28 23:00:00,NODE_08,27.3729,88.65823,42.58,100.0,-0.0122,-0.0016,15.29
2023-06-28 23:00:00,NODE_09,27.32405,88.62626,42.77,100.0,0.9757,0.504,15.29
2023-06-28 23:00:00,NODE_10,27.28763,88.57017,42.67,100.0,-0.0184,-0.0021,15.29
2023-06-29 00:00:00,NODE_01,27.29535,88.6231,42.46,100.0,-0.004,-0.0091,11.99
2023-06-29 00:00:00,NODE_02,27.35987,88.66507,42.95,100.0,-0.0038,-0.0156,11.99
2023-06-29 00:00:00,NODE_03,27.32649,88.60522,42.63,100.0,0.4778,0.7205,11.99
2023-06-29 00:00:00,NODE_04,27.36949,88.5676,43.22,100.0,-0.0079,0.0018,11.99
2023-06-29 00:00:00,NODE_05,27.35503,88.67429,41.63,100.0,0.0195,-0.0024,11.99
2023-06-29 00:00:00,NODE_06,27.3375,88.61639,42.45,100.0,-0.0067,0.0015,11.99
2023-06-29 00:00:00,NODE_07,27.35687,88.65051,42.45,100.0,0.4675,0.3726,11.99
2023-06-29 00:00:00,NODE_08,27.3729,88.65823,42.76,100.0,0.0059,-0.0028,11.99
2023-06-29 00:00:00,NODE_09,27.32405,88.62626,42.4,100.0,0.9795,0.5233,11.99
2023-06-29 00:00:00,NODE_10,27.28763,88.57017,42.31,100.0,-0.011,-0.0242,11.99
2023-06-29 01:00:00,NODE_01,27.29535,88.6231,42.05,100.0,-0.0075,0.0,17.19
2023-06-29 01:00:00,NODE_02,27.35987,88.66507,42.65,100.0,-0.0133,0.0065,17.19
2023-06-29 01:00:00,NODE_03,27.32649,88.60522,42.36,100.0,0.483,0.6966,17.19
2023-06-29 01:00:00,NODE_04,27.36949,88.5676,42.6,100.0,0.0139,-0.0039,17.19
2023-06-29 01:00:00,NODE_05,27.35503,88.67429,42.86,100.0,0.0056,-0.0131,17.19
2023-06-29 01:00:00,NODE_06,27.3375,88.61639,42.52,100.0,0.0125,0.0079,17.19
2023-06-29 01:00:00,NODE_07,27.35687,88.65051,42.94,100.0,0.48,0.3445,17.19
2023-06-29 01:00:00,NODE_08,27.3729,88.65823,42.62,100.0,-0.0042,-0.0173,17.19
2023-06-29 01:00:00,NODE_09,27.32405,88.62626,42.25,100.0,0.9868,0.4987,17.19
2023-06-29 01:00:00,NODE_10,27.28763,88.57017,42.51,100.0,-0.0126,-0.003,17.19
2023-06-29 02:00:00,NODE_01,27.29535,88.6231,42.64,100.0,0.0164,0.0001,17.19
2023-06-29 02:00:00,NODE_02,27.35987,88.66507,43.06,100.0,0.0015,0.0068,17.19
2023-06-29 02:00:00,NODE_03,27.32649,88.60522,43.09,100.0,0.4936,0.708,17.19
2023-06-29 02:00:00,NODE_04,27.36949,88.5676,43.05,100.0,0.0415,0.0014,17.19
2023-06-29 02:00:00,NODE_05,27.35503,88.67429,42.7,100.0,0.0143,-0.0004,17.19
2023-06-29 02:00:00,NODE_06,27.3375,88.61639,42.84,100.0,0.0088,-0.0005,17.19
2023-06-29 02:00:00,NODE_07,27.35687,88.65051,42.81,100.0,0.496,0.3581,17.19
2023-06-29 02:00:00,NODE_08,27.3729,88.65823,42.54,100.0,0.0049,0.0086,17.19
2023-06-29 02:00:00,NODE_09,27.32405,88.62626,43.26,100.0,0.989,0.5011,17.19
2023-06-29 02:00:00,NODE_10,27.28763,88.57017,43.33,100.0,0.0127,-0.0058,17.19
2023-06-29 03:00:00,NODE_01,27.29535,88.6231,42.95,100.0,0.0127,0.004,17.19
2023-06-29 03:00:00,NODE_02,27.35987,88.66507,42.93,100.0,-0.002,0.0105,17.19
2023-06-29 03:00:00,NODE_03,27.32649,88.60522,43.37,100.0,0.4857,0.7003,17.19
2023-06-29 03:00:00,NODE_04,27.36949,88.5676,42.92,100.0,0.0119,0.0122,17.19
2023-06-29 03:00:00,NODE_05,27.35503,88.67429,43.47,100.0,-0.0021,0.0001,17.19
2023-06-29 03:00:00,NODE_06,27.3375,88.61639,43.11,100.0,-0.0097,0.0036,17.19
2023-06-29 03:00:00,NODE_07,27.35687,88.65051,42.83,100.0,0.4729,0.3825,17.19
2023-06-29 03:00:00,NODE_08,27.3729,88.65823,43.8,100.0,0.0099,0.0106,17.19
2023-06-29 03:00:00,NODE_09,27.32405,88.62626,44.02,100.0,0.9868,0.5002,17.19
2023-06-29 03:00:00,NODE_10,27.28763,88.57017,42.94,100.0,-0.0078,0.0153,17.19
2023-06-29 04:00:00,NODE_01,27.29535,88.6231,43.46,100.0,0.0002,-0.0043,17.19
2023-06-29 04:00:00,NODE_02,27.35987,88.66507,43.22,100.0,-0.0189,-0.0043,17.19
2023-06-29 04:00:00,NODE_03,27.32649,88.60522,42.72,100.0,0.4878,0.7028,17.19
2023-06-29 04:00:00,NODE_04,27.36949,88.5676,43.34,100.0,0.0104,0.0038,17.19
2023-06-29 04:00:00,NODE_05,27.35503,88.67429,43.31,100.0,0.0035,0.0157,17.19
2023-06-29 04:00:00,NODE_06,27.3375,88.61639,42.06,100.0,0.0116,0.0096,17.19
2023-06-29 04:00:00,NODE_07,27.35687,88.65051,43.07,100.0,0.487,0.376,17.19
2023-06-29 04:00:00,NODE_08,27.3729,88.65823,42.86,100.0,0.0046,-0.0063,17.19
2023-06-29 04:00:00,NODE_09,27.32405,88.62626,42.88,100.0,1.0119,0.4997,17.19
2023-06-29 04:00:00,NODE_10,27.28763,88.57017,42.95,100.0,-0.0062,-0.0009,17.19
2023-06-29 05:00:00,NODE_01,27.29535,88.6231,42.79,100.0,-0.0029,0.0031,17.19
2023-06-29 05:00:00,NODE_02,27.35987,88.66507,42.51,100.0,0.0051,-0.0004,17.19
2023-06-29 05:00:00,NODE_03,27.32649,88.60522,42.91,100.0,0.4824,0.7108,17.19
2023-06-29 05:00:00,NODE_04,27.36949,88.5676,42.97,100.0,0.0052,0.0122,17.19
2023-06-29 05:00:00,NODE_05,27.35503,88.67429,42.77,100.0,0.0122,0.0023,17.19
2023-06-29 05:00:00,NODE_06,27.3375,88.61639,42.95,100.0,-0.0015,0.0071,17.19
2023-06-29 05:00:00,NODE_07,27.35687,88.65051,42.85,100.0,0.4896,0.3738,17.19
2023-06-29 05:00:00,NODE_08,27.3729,88.65823,42.97,100.0,-0.0063,0.0103,17.19
2023-06-29 05:00:00,NODE_09,27.32405,88.62626,42.7,100.0,1.0135,0.509,17.19
2023-06-29 05:00:00,NODE_10,27.28763,88.57017,42.24,100.0,0.0001,-0.0041,17.19
2023-06-29 06:00:00,NODE_01,27.29535,88.6231,42.31,100.0,-0.0013,-0.0017,17.19
2023-06-29 06:00:00,NODE_02,27.35987,88.66507,42.28,100.0,0.0097,-0.0003,17.19
2023-06-29 06:00:00,NODE_03,27.32649,88.60522,43.14,100.0,0.4927,0.7137,17.19
2023-06-29 06:00:00,NODE_04,27.36949,88.5676,42.7,100.0,-0.0085,-0.0067,17.19
2023-06-29 06:00:00,NODE_05,27.35503,88.67429,43.36,100.0,0.009,0.0002,17.19
2023-06-29 06:00:00,NODE_06,27.3375,88.61639,42.5,100.0,-0.0061,0.0123,17.19
2023-06-29 06:00:00,NODE_07,27.35687,88.65051,42.89,100.0,0.4972,0.3715,17.19
2023-06-29 06:00:00,NODE_08,27.3729,88.65823,42.15,100.0,0.0128,-0.0158,17.19
2023-06-29 06:00:00,NODE_09,27.32405,88.62626,41.97,100.0,1.0322,0.5094,17.19
2023-06-29 06:00:00,NODE_10,27.28763,88.57017,42.0,100.0,-0.0124,-0.0059,17.19
2023-06-29 07:00:00,NODE_01,27.29535,88.6231,42.34,100.0,0.0023,-0.0158,17.19
2023-06-29 07:00:00,NODE_02,27.35987,88.66507,42.38,100.0,0.0253,0.0169,17.19
2023-06-29 07:00:00,NODE_03,27.32649,88.60522,42.32,100.0,0.5129,0.7231,17.19
2023-06-29 07:00:00,NODE_04,27.36949,88.5676,42.22,100.0,0.01,-0.0082,17.19
2023-06-29 07:00:00,NODE_05,27.35503,88.67429,41.45,100.0,0.0053,0.0007,17.19
2023-06-29 07:00:00,NODE_06,27.3375,88.61639,42.47,100.0,-0.0029,0.0233,17.19
2023-06-29 07:00:00,NODE_07,27.35687,88.65051,41.86,100.0,0.5051,0.3616,17.19
2023-06-29 07:00:00,NODE_08,27.3729,88.65823,42.17,100.0,0.0074,0.0002,17.19
2023-06-29 07:00:00,NODE_09,27.32405,88.62626,41.85,100.0,1.0222,0.505,17.19
2023-06-29 07:00:00,NODE_10,27.28763,88.57017,41.59,100.0,0.0038,0.0033,17.19
2023-06-29 08:00:00,NODE_01,27.29535,88.6231,41.04,100.0,0.016,0.0001,17.19
2023-06-29 08:00:00,NODE_02,27.35987,88.66507,41.23,100.0,-0.0039,-0.0283,17.19
2023-06-29 08:00:00,NODE_03,27.32649,88.60522,42.11,100.0,0.5047,0.7213,17.19
2023-06-29 08:00:00,NODE_04,27.36949,88.5676,42.29,100.0,-0.011,0.0002,17.19
2023-06-29 08:00:00,NODE_05,27.35503,88.67429,41.55,100.0,-0.0033,0.004,17.19
2023-06-29 08:00:00,NODE_06,27.3375,88.61639,41.83,100.0,-0.0078,0.007,17.19
2023-06-29 08:00:00,NODE_07,27.35687,88.65051,41.61,100.0,0.4918,0.3905,17.19
2023-06-29 08:00:00,NODE_08,27.3729,88.65823,41.56,100.0,0.0003,-0.0013,17.19
2023-06-29 08:00:00,NODE_09,27.32405,88.62626,41.45,100.0,1.0195,0.518,17.19
2023-06-29 08:00:00,NODE_10,27.28763,88.57017,41.48,100.0,-0.0213,0.0006,17.19
2023-06-29 09:00:00,NODE_01,27.29535,88.6231,41.61,100.0,0.0042,-0.011,17.19
2023-06-29 09:00:00,NODE_02,27.35987,88.66507,42.26,100.0,-0.0054,-0.0096,17.19
2023-06-29 09:00:00,NODE_03,27.32649,88.60522,41.89,100.0,0.499,0.7419,17.19
2023-06-29 09:00:00,NODE_04,27.36949,88.5676,42.13,100.0,-0.0121,-0.0004,17.19
2023-06-29 09:00:00,NODE_05,27.35503,88.67429,41.52,100.0,-0.0016,0.0063,17.19
2023-06-29 09:00:00,NODE_06,27.3375,88.61639,41.89,100.0,-0.0132,-0.0046,17.19
2023-06-29 09:00:00,NODE_07,27.35687,88.65051,41.93,100.0,0.5085,0.3828,17.19
2023-06-29 09:00:00,NODE_08,27.3729,88.65823,41.75,100.0,-0.0002,0.0009,17.19
2023-06-29 09:00:00,NODE_09,27.32405,88.62626,41.68,100.0,1.0225,0.5272,17.19
2023-06-29 09:00:00,NODE_10,27.28763,88.57017,41.66,100.0,-0.0118,-0.0079,17.19
2023-06-29 10:00:00,NODE_01,27.29535,88.6231,42.18,100.0,0.0073,-0.0173,17.19
2023-06-29 10:00:00,NODE_02,27.35987,88.66507,41.45,100.0,-0.0111,0.0001,17.19
2023-06-29 10:00:00,NODE_03,27.32649,88.60522,40.79,100.0,0.5214,0.731,17.19
2023-06-29 10:00:00,NODE_04,27.36949,88.5676,41.49,100.0,-0.0127,-0.0019,17.19
2023-06-29 10:00:00,NODE_05,27.35503,88.67429,42.28,100.0,0.0114,-0.0072,17.19
2023-06-29 10:00:00,NODE_06,27.3375,88.61639,40.83,100.0,0.0078,0.0051,17.19
2023-06-29 10:00:00,NODE_07,27.35687,88.65051,41.21,100.0,0.5143,0.3724,17.19
2023-06-29 10:00:00,NODE_08,27.3729,88.65823,41.7,100.0,0.0037,0.0008,17.19
2023-06-29 10:00:00,NODE_09,27.32405,88.62626,41.24,100.0,1.0343,0.5163,17.19
2023-06-29 10:00:00,NODE_10,27.28763,88.57017,41.26,100.0,0.002,0.0026,17.19
2023-06-29 11:00:00,NODE_01,27.29535,88.6231,41.18,100.0,0.0117,0.0014,17.19
2023-06-29 11:00:00,NODE_02,27.35987,88.66507,41.64,100.0,0.0021,-0.0109,17.19
2023-06-29 11:00:00,NODE_03,27.32649,88.60522,41.32,100.0,0.5059,0.7337,17.19
2023-06-29 11:00:00,NODE_04,27.36949,88.5676,41.09,100.0,0.0098,-0.0096,17.19
2023-06-29 11:00:00,NODE_05,27.35503,88.67429,41.85,100.0,0.0135,-0.0106,17.19
2023-06-29 11:00:00,NODE_06,27.3375,88.61639,40.66,100.0,-0.0022,0.0047,17.19
2023-06-29 11:00:00,NODE_07,27.35687,88.65051,40.95,100.0,0.5214,0.3899,17.19
2023-06-29 11:00:00,NODE_08,27.3729,88.65823,40.93,100.0,-0.0031,-0.0008,17.19
2023-06-29 11:00:00,NODE_09,27.32405,88.62626,41.28,100.0,1.0445,0.5262,17.19
2023-06-29 11:00:00,NODE_10,27.28763,88.57017,41.02,100.0,-0.0124,-0.0056,17.19
2023-06-29 12:00:00,NODE_01,27.29535,88.6231,40.92,100.0,-0.0117,0.0049,17.19
2023-06-29 12:00:00,NODE_02,27.35987,88.66507,40.46,100.0,0.002,-0.0026,17.19
2023-06-29 12:00:00,NODE_03,27.32649,88.60522,40.48,100.0,0.5286,0.7426,17.19
2023-06-29 12:00:00,NODE_04,27.36949,88.5676,41.25,100.0,-0.0006,0.012,17.19
2023-06-29 12:00:00,NODE_05,27.35503,88.67429,41.4,100.0,-0.0059,0.0137,17.19
2023-06-29 12:00:00,NODE_06,27.3375,88.61639,39.9,100.0,0.0062,0.0061,17.19
2023-06-29 12:00:00,NODE_07,27.35687,88.65051,41.39,100.0,0.5112,0.3974,17.19
2023-06-29 12:00:00,NODE_08,27.3729,88.65823,40.67,100.0,-0.0163,-0.0039,17.19
2023-06-29 12:00:00,NODE_09,27.32405,88.62626,40.53,100.0,1.0416,0.5445,17.19
2023-06-29 12:00:00,NODE_10,27.28763,88.57017,40.77,100.0,0.013,-0.0259,17.19
2023-06-29 13:00:00,NODE_01,27.29535,88.6231,40.87,100.0,0.0075,0.0053,17.19
2023-06-29 13:00:00,NODE_02,27.35987,88.66507,40.28,100.0,-0.0081,-0.0013,17.19
2023-06-29 13:00:00,NODE_03,27.32649,88.60522,40.41,100.0,0.5311,0.7603,17.19
2023-06-29 13:00:00,NODE_04,27.36949,88.5676,40.29,100.0,0.001,-0.0036,17.19
2023-06-29 13:00:00,NODE_05,27.35503,88.67429,40.33,100.0,-0.0074,-0.0164,17.19
2023-06-29 13:00:00,NODE_06,27.3375,88.61639,40.6,100.0,0.0029,0.015,17.19
2023-06-29 13:00:00,NODE_07,27.35687,88.65051,40.1,100.0,0.5103,0.3916,17.19
2023-06-29 13:00:00,NODE_08,27.3729,88.65823,40.79,100.0,0.0075,-0.0011,17.19
2023-06-29 13:00:00,NODE_09,27.32405,88.62626,40.58,100.0,1.0344,0.5188,17.19
2023-06-29 13:00:00,NODE_10,27.28763,88.57017,41.36,100.0,0.0005,0.0067,17.19
2023-06-29 14:00:00,NODE_01,27.29535,88.6231,40.77,100.0,-0.0029,0.0057,14.15
2023-06-29 14:00:00,NODE_02,27.35987,88.66507,39.95,100.0,-0.0017,-0.0066,14.15
2023-06-29 14:00:00,NODE_03,27.32649,88.60522,41.28,100.0,0.5202,0.7564,14.15
2023-06-29 14:00:00,NODE_04,27.36949,88.5676,40.13,100.0,-0.0002,0.0143,14.15
2023-06-29 14:00:00,NODE_05,27.35503,88.67429,40.14,100.0,-0.009,0.0164,14.15
2023-06-29 14:00:00,NODE_06,27.3375,88.61639,40.11,100.0,0.0055,-0.0168,14.15
2023-06-29 14:00:00,NODE_07,27.35687,88.65051,41.24,100.0,0.5066,0.3967,14.15
2023-06-29 14:00:00,NODE_08,27.3729,88.65823,40.09,100.0,0.0069,0.0136,14.15
2023-06-29 14:00:00,NODE_09,27.32405,88.62626,40.03,100.0,1.0468,0.5549,14.15
2023-06-29 14:00:00,NODE_10,27.28763,88.57017,39.96,100.0,0.0113,0.0057,14.15
2023-06-29 15:00:00,NODE_01,27.29535,88.6231,39.39,100.0,-0.0252,-0.0193,14.15
2023-06-29 15:00:00,NODE_02,27.35987,88.66507,40.28,100.0,-0.0198,0.0006,14.15
2023-06-29 15:00:00,NODE_03,27.32649,88.60522,40.08,100.0,0.5073,0.7571,14.15
2023-06-29 15:00:00,NODE_04,27.36949,88.5676,40.16,100.0,-0.0113,0.0001,14.15
2023-06-29 15:00:00,NODE_05,27.35503,88.67429,39.85,100.0,0.0083,-0.0191,14.15
2023-06-29 15:00:00,NODE_06,27.3375,88.61639,39.82,100.0,-0.0205,0.0151,14.15
2023-06-29 15:00:00,NODE_07,27.35687,88.65051,39.94,100.0,0.4993,0.398,14.15
2023-06-29 15:00:00,NODE_08,27.3729,88.65823,39.58,100.0,-0.023,-0.0058,14.15
2023-06-29 15:00:00,NODE_09,27.32405,88.62626,40.26,100.0,1.0595,0.5315,14.15
2023-06-29 15:00:00,NODE_10,27.28763,88.57017,39.69,100.0,0.0036,0.002,14.15
2023-06-29 16:00:00,NODE_01,27.29535,88.6231,39.28,100.0,-0.0213,-0.0136,13.39
2023-06-29 16:00:00,NODE_02,27.35987,88.66507,39.98,100.0,0.0093,0.0063,13.39
2023-06-29 16:00:00,NODE_03,27.32649,88.60522,39.66,100.0,0.5479,0.7476,13.39
2023-06-29 16:00:00,NODE_04,27.36949,88.5676,39.26,100.0,-0.0067,0.0065,13.39
2023-06-29 16:00:00,NODE_05,27.35503,88.67429,39.64,100.0,-0.0093,-0.0058,13.39
2023-06-29 16:00:00,NODE_06,27.3375,88.61639,40.09,100.0,-0.0087,0.0185,13.39
2023-06-29 16:00:00,NODE_07,27.35687,88.65051,40.3,100.0,0.5137,0.3925,13.39
2023-06-29 16:00:00,NODE_08,27.3729,88.65823,40.1,100.0,0.0051,0.0226,13.39
2023-06-29 16:00:00,NODE_09,27.32405,88.62626,39.3,100.0,1.0718,0.5428,13.39
2023-06-29 16:00:00,NODE_10,27.28763,88.57017,39.62,100.0,-0.0001,-0.0044,13.39
2023-06-29 17:00:00,NODE_01,27.29535,88.6231,39.82,100.0,-0.0102,0.0197,7.84
2023-06-29 17:00:00,NODE_02,27.35987,88.66507,39.55,100.0,-0.0077,-0.0024,7.84
2023-06-29 17:00:00,NODE_03,27.32649,88.60522,40.19,100.0,0.5315,0.7543,7.84
2023-06-29 17:00:00,NODE_04,27.36949,88.5676,40.06,100.0,-0.0062,0.0056,7.84
2023-06-29 17:00:00,NODE_05,27.35503,88.67429,40.33,100.0,0.0082,0.0097,7.84
2023-06-29 17:00:00,NODE_06,27.3375,88.61639,39.56,100.0,0.0057,0.0057,7.84
2023-06-29 17:00:00,NODE_07,27.35687,88.65051,39.69,100.0,0.5202,0.4021,7.84
2023-06-29 17:00:00,NODE_08,27.3729,88.65823,39.69,100.0,0.0176,-0.0064,7.84
2023-06-29 17:00:00,NODE_09,27.32405,88.62626,39.79,100.0,1.0546,0.5562,7.84
2023-06-29 17:00:00,NODE_10,27.28763,88.57017,39.7,100.0,-0.01,-0.0007,7.84
2023-06-29 18:00:00,NODE_01,27.29535,88.6231,39.23,100.0,0.0053,-0.0105,6.3
2023-06-29 18:00:00,NODE_02,27.35987,88.66507,39.11,100.0,-0.0003,-0.0045,6.3
2023-06-29 18:00:00,NODE_03,27.32649,88.60522,39.13,100.0,0.527,0.7568,6.3
2023-06-29 18:00:00,NODE_04,27.36949,88.5676,39.13,100.0,-0.0141,-0.0082,6.3
2023-06-29 18:00:00,NODE_05,27.35503,88.67429,39.41,100.0,0.0055,0.0,6.3
2023-06-29 18:00:00,NODE_06,27.3375,88.61639,38.94,100.0,-0.0127,0.0059,6.3
2023-06-29 18:00:00,NODE_07,27.35687,88.65051,39.62,100.0,0.5205,0.4109,6.3
2023-06-29 18:00:00,NODE_08,27.3729,88.65823,39.46,100.0,-0.0113,0.0024,6.3
2023-06-29 18:00:00,NODE_09,27.32405,88.62626,39.4,100.0,1.0772,0.5618,6.3
2023-06-29 18:00:00,NODE_10,27.28763,88.57017,39.72,100.0,0.0093,0.0082,6.3
2023-06-29 19:00:00,NODE_01,27.29535,88.6231,39.9,100.0,0.0011,0.0061,5.86
2023-06-29 19:00:00,NODE_02,27.35987,88.66507,38.86,100.0,-0.0143,-0.0017,5.86
2023-06-29 19:00:00,NODE_03,27.32649,88.60522,39.19,100.0,0.5425,0.7865,5.86
2023-06-29 19:00:00,NODE_04,27.36949,88.5676,39.18,100.0,-0.005,0.0037,5.86
2023-06-29 19:00:00,NODE_05,27.35503,88.67429,39.33,100.0,-0.0055,-0.0132,5.86
2023-06-29 19:00:00,NODE_06,27.3375,88.61639,40.39,100.0,0.0037,-0.0024,5.86
2023-06-29 19:00:00,NODE_07,27.35687,88.65051,39.27,100.0,0.5302,0.4159,5.86
2023-06-29 19:00:00,NODE_08,27.3729,88.65823,39.58,100.0,-0.0007,0.0057,5.86
2023-06-29 19:00:00,NODE_09,27.32405,88.62626,39.44,100.0,1.0819,0.5533,5.86
2023-06-29 19:00:00,NODE_10,27.28763,88.57017,39.62,100.0,0.0044,-0.0063,5.86
2023-06-29 20:00:00,NODE_01,27.29535,88.6231,39.11,100.0,0.0018,-0.0069,5.86
2023-06-29 20:00:00,NODE_02,27.35987,88.66507,39.21,100.0,-0.0058,-0.0001,5.86
2023-06-29 20:00:00,NODE_03,27.32649,88.60522,39.73,100.0,0.5426,0.7826,5.86
2023-06-29 20:00:00,NODE_04,27.36949,88.5676,39.15,100.0,-0.0108,0.0193,5.86
2023-06-29 20:00:00,NODE_05,27.35503,88.67429,39.54,100.0,0.0156,0.0043,5.86
2023-06-29 20:00:00,NODE_06,27.3375,88.61639,39.22,100.0,-0.0139,0.0001,5.86
2023-06-29 20:00:00,NODE_07,27.35687,88.65051,39.58,100.0,0.5123,0.4155,5.86
2023-06-29 20:00:00,NODE_08,27.3729,88.65823,39.5,100.0,-0.0018,-0.0029,5.86
2023-06-29 20:00:00,NODE_09,27.32405,88.62626,38.57,100.0,1.0802,0.5442,5.86
2023-06-29 20:00:00,NODE_10,27.28763,88.57017,39.61,100.0,0.0208,0.0086,5.86
2023-06-29 21:00:00,NODE_01,27.29535,88.6231,38.49,100.0,0.0195,0.0008,7.27
2023-06-29 21:00:00,NODE_02,27.35987,88.66507,39.08,100.0,-0.0028,-0.0174,7.27
2023-06-29 21:00:00,NODE_03,27.32649,88.60522,39.28,100.0,0.5513,0.7725,7.27
2023-06-29 21:00:00,NODE_04,27.36949,88.5676,39.28,100.0,0.0058,0.0025,7.27
2023-06-29 21:00:00,NODE_05,27.35503,88.67429,38.6,100.0,-0.0146,0.0007,7.27
2023-06-29 21:00:00,NODE_06,27.3375,88.61639,38.83,100.0,0.0002,0.007,7.27
2023-06-29 21:00:00,NODE_07,27.35687,88.65051,39.12,100.0,0.5276,0.4028,7.27
2023-06-29 21:00:00,NODE_08,27.3729,88.65823,39.2,100.0,0.0166,0.0138,7.27
2023-06-29 21:00:00,NODE_09,27.32405,88.62626,39.52,100.0,1.084,0.5459,7.27
2023-06-29 21:00:00,NODE_10,27.28763,88.57017,39.22,100.0,0.0083,-0.0147,7.27
2023-06-29 22:00:00,NODE_01,27.29535,88.6231,38.71,100.0,-0.0127,-0.0063,7.27
2023-06-29 22:00:00,NODE_02,27.35987,88.66507,38.94,100.0,-0.0001,0.0046,7.27
2023-06-29 22:00:00,NODE_03,27.32649,88.60522,38.59,100.0,0.5343,0.7794,7.27
2023-06-29 22:00:00,NODE_04,27.36949,88.5676,39.07,100.0,0.0066,0.009,7.27
2023-06-29 22:00:00,NODE_05,27.35503,88.67429,39.23,100.0,0.0166,-0.0022,7.27
2023-06-29 22:00:00,NODE_06,27.3375,88.61639,38.94,100.0,0.0161,0.0063,7.27
2023-06-29 22:00:00,NODE_07,27.35687,88.65051,38.98,100.0,0.5519,0.4179,7.27
2023-06-29 22:00:00,NODE_08,27.3729,88.65823,38.76,100.0,0.0112,0.0055,7.27
2023-06-29 22:00:00,NODE_09,27.32405,88.62626,39.09,100.0,1.0876,0.5506,7.27
2023-06-29 22:00:00,NODE_10,27.28763,88.57017,39.05,100.0,-0.004,0.0017,7.27
2023-06-29 23:00:00,NODE_01,27.29535,88.6231,38.06,100.0,-0.0003,0.0056,7.27
2023-06-29 23:00:00,NODE_02,27.35987,88.66507,39.78,100.0,0.0048,-0.0045,7.27
2023-06-29 23:00:00,NODE_03,27.32649,88.60522,39.38,100.0,0.5467,0.7806,7.27
2023-06-29 23:00:00,NODE_04,27.36949,88.5676,39.14,100.0,-0.0129,0.0069,7.27
2023-06-29 23:00:00,NODE_05,27.35503,88.67429,38.72,100.0,0.0032,-0.0062,7.27
2023-06-29 23:00:00,NODE_06,27.3375,88.61639,39.09,100.0,0.0077,0.0072,7.27
2023-06-29 23:00:00,NODE_07,27.35687,88.65051,39.89,100.0,0.5445,0.4182,7.27
2023-06-29 23:00:00,NODE_08,27.3729,88.65823,38.91,100.0,-0.0088,-0.002,7.27
2023-06-29 23:00:00,NODE_09,27.32405,88.62626,39.25,100.0,1.1014,0.5778,7.27
2023-06-29 23:00:00,NODE_10,27.28763,88.57017,39.82,100.0,0.0029,0.0003,7.27
2023-06-30 00:00:00,NODE_01,27.29535,88.6231,38.86,100.0,0.003,0.0014,7.27
2023-06-30 00:00:00,NODE_02,27.35987,88.66507,38.92,100.0,0.0144,0.0126,7.27
2023-06-30 00:00:00,NODE_03,27.32649,88.60522,38.79,100.0,0.5343,0.7838,7.27
2023-06-30 00:00:00,NODE_04,27.36949,88.5676,38.93,100.0,-0.003,0.0031,7.27
2023-06-30 00:00:00,NODE_05,27.35503,88.67429,38.83,100.0,-0.0207,-0.0003,7.27
2023-06-30 00:00:00,NODE_06,27.3375,88.61639,38.88,100.0,-0.0185,0.0063,7.27
2023-06-30 00:00:00,NODE_07,27.35687,88.65051,38.96,100.0,0.5433,0.4085,7.27
2023-06-30 00:00:00,NODE_08,27.3729,88.65823,39.19,100.0,0.0034,0.0137,7.27
2023-06-30 00:00:00,NODE_09,27.32405,88.62626,38.2,100.0,1.1164,0.5577,7.27
2023-06-30 00:00:00,NODE_10,27.28763,88.57017,37.84,100.0,0.0042,0.01,7.27
2023-06-30 01:00:00,NODE_01,27.29535,88.6231,38.67,100.0,-0.0074,-0.0045,2.07
2023-06-30 01:00:00,NODE_02,27.35987,88.66507,39.25,100.0,0.0073,0.0059,2.07
2023-06-30 01:00:00,NODE_03,27.32649,88.60522,39.36,100.0,0.5555,0.8012,2.07
2023-06-30 01:00:00,NODE_04,27.36949,88.5676,38.56,100.0,0.0186,0.0019,2.07
2023-06-30 01:00:00,NODE_05,27.35503,88.67429,38.51,100.0,0.0159,-0.0058,2.07
2023-06-30 01:00:00,NODE_06,27.3375,88.61639,39.26,100.0,0.0085,0.009,2.07
2023-06-30 01:00:00,NODE_07,27.35687,88.65051,38.47,100.0,0.5436,0.4129,2.07
2023-06-30 01:00:00,NODE_08,27.3729,88.65823,38.8,100.0,0.023,-0.0102,2.07
2023-06-30 01:00:00,NODE_09,27.32405,88.62626,38.24,100.0,1.1222,0.5673,2.07
2023-06-30 01:00:00,NODE_10,27.28763,88.57017,38.77,100.0,0.0116,-0.0092,2.07
2023-06-30 02:00:00,NODE_01,27.29535,88.6231,38.37,100.0,0.0003,-0.0105,2.07
2023-06-30 02:00:00,NODE_02,27.35987,88.66507,38.32,100.0,0.0096,0.0117,2.07
2023-06-30 02:00:00,NODE_03,27.32649,88.60522,38.29,100.0,0.5513,0.7975,2.07
2023-06-30 02:00:00,NODE_04,27.36949,88.5676,38.23,100.0,-0.0098,0.0055,2.07
2023-06-30 02:00:00,NODE_05,27.35503,88.67429,38.28,100.0,0.0097,0.0243,2.07
2023-06-30 02:00:00,NODE_06,27.3375,88.61639,38.5,100.0,0.0182,0.0079,2.07
2023-06-30 02:00:00,NODE_07,27.35687,88.65051,37.94,100.0,0.5386,0.4264,2.07
2023-06-30 02:00:00,NODE_08,27.3729,88.65823,38.32,100.0,-0.0062,-0.0057,2.07
2023-06-30 02:00:00,NODE_09,27.32405,88.62626,38.38,100.0,1.1041,0.5562,2.07
2023-06-30 02:00:00,NODE_10,27.28763,88.57017,38.71,100.0,0.0132,-0.0081,2.07
2023-06-30 03:00:00,NODE_01,27.29535,88.6231,38.76,100.0,-0.016,0.0027,2.07
2023-06-30 03:00:00,NODE_02,27.35987,88.66507,38.43,100.0,0.0145,-0.0101,2.07
2023-06-30 03:00:00,NODE_03,27.32649,88.60522,38.75,100.0,0.557,0.8251,2.07
2023-06-30 03:00:00,NODE_04,27.36949,88.5676,38.77,100.0,0.0043,0.0076,2.07
2023-06-30 03:00:00,NODE_05,27.35503,88.67429,38.42,100.0,-0.0043,-0.0024,2.07
2023-06-30 03:00:00,NODE_06,27.3375,88.61639,39.07,100.0,0.028,-0.0102,2.07
2023-06-30 03:00:00,NODE_07,27.35687,88.65051,39.08,100.0,0.5273,0.4353,2.07
2023-06-30 03:00:00,NODE_08,27.3729,88.65823,38.02,100.0,-0.0001,0.0056,2.07
2023-06-30 03:00:00,NODE_09,27.32405,88.62626,38.88,100.0,1.1185,0.5577,2.07
2023-06-30 03:00:00,NODE_10,27.28763,88.57017,39.08,100.0,-0.0016,-0.0139,2.07
2023-06-30 04:00:00,NODE_01,27.29535,88.6231,38.61,100.0,0.0141,-0.0121,2.07
2023-06-30 04:00:00,NODE_02,27.35987,88.66507,38.11,100.0,0.0057,-0.0037,2.07
2023-06-30 04:00:00,NODE_03,27.32649,88.60522,38.84,100.0,0.5553,0.8206,2.07
2023-06-30 04:00:00,NODE_04,27.36949,88.5676,37.29,100.0,0.0011,-0.0135,2.07
2023-06-30 04:00:00,NODE_05,27.35503,88.67429,38.22,100.0,-0.0096,-0.0037,2.07
2023-06-30 04:00:00,NODE_06,27.3375,88.61639,37.96,100.0,0.0048,0.0083,2.07
2023-06-30 04:00:00,NODE_07,27.35687,88.65051,37.91,100.0,0.552,0.4054,2.07
2023-06-30 04:00:00,NODE_08,27.3729,88.65823,38.38,100.0,0.0051,0.008,2.07
2023-06-30 04:00:00,NODE_09,27.32405,88.62626,38.34,100.0,1.1036,0.5721,2.07
2023-06-30 04:00:00,NODE_10,27.28763,88.57017,37.47,100.0,-0.0122,-0.0057,2.07
2023-06-30 05:00:00,NODE_01,27.29535,88.6231,37.87,100.0,-0.0068,0.0043,2.07
2023-06-30 05:00:00,NODE_02,27.35987,88.66507,37.26,100.0,-0.0004,-0.0124,2.07
2023-06-30 05:00:00,NODE_03,27.32649,88.60522,37.6,100.0,0.5569,0.825,2.07
2023-06-30 05:00:00,NODE_04,27.36949,88.5676,37.85,100.0,0.0109,0.0025,2.07
2023-06-30 05:00:00,NODE_05,27.35503,88.67429,37.85,100.0,-0.0157,-0.0054,2.07
2023-06-30 05:00:00,NODE_06,27.3375,88.61639,38.11,100.0,-0.0136,0.0186,2.07
2023-06-30 05:00:00,NODE_07,27.35687,88.65051,38.76,100.0,0.5256,0.442,2.07
2023-06-30 05:00:00,NODE_08,27.3729,88.65823,37.85,100.0,-0.0061,0.0032,2.07
2023-06-30 05:00:00,NODE_09,27.32405,88.62626,37.99,100.0,1.1317,0.5712,2.07
2023-06-30 05:00:00,NODE_10,27.28763,88.57017,37.77,100.0,-0.0185,0.0026,2.07
2023-06-30 06:00:00,NODE_01,27.29535,88.6231,36.89,100.0,0.0203,0.0263,2.07
2023-06-30 06:00:00,NODE_02,27.35987,88.66507,38.31,100.0,0.0101,-0.0071,2.07
2023-06-30 06:00:00,NODE_03,27.32649,88.60522,37.66,100.0,0.5534,0.8225,2.07
2023-06-30 06:00:00,NODE_04,27.36949,88.5676,37.55,100.0,0.003,-0.0018,2.07
2023-06-30 06:00:00,NODE_05,27.35503,88.67429,37.89,100.0,0.0242,0.0178,2.07
2023-06-30 06:00:00,NODE_06,27.3375,88.61639,38.15,100.0,0.0043,-0.0003,2.07
2023-06-30 06:00:00,NODE_07,27.35687,88.65051,37.9,100.0,0.5494,0.4392,2.07
2023-06-30 06:00:00,NODE_08,27.3729,88.65823,38.04,100.0,0.0176,-0.0013,2.07
2023-06-30 06:00:00,NODE_09,27.32405,88.62626,37.37,100.0,1.1417,0.5745,2.07
2023-06-30 06:00:00,NODE_10,27.28763,88.57017,37.2,100.0,-0.0114,-0.018,2.07
2023-06-30 07:00:00,NODE_01,27.29535,88.6231,37.8,100.0,-0.0003,0.0135,2.07
2023-06-30 07:00:00,NODE_02,27.35987,88.66507,37.5,100.0,0.0107,0.0125,2.07
2023-06-30 07:00:00,NODE_03,27.32649,88.60522,37.71,100.0,0.5727,0.8154,2.07
2023-06-30 07:00:00,NODE_04,27.36949,88.5676,37.72,100.0,-0.0043,-0.0039,2.07
2023-06-30 07:00:00,NODE_05,27.35503,88.67429,37.2,100.0,-0.0092,-0.0164,2.07
2023-06-30 07:00:00,NODE_06,27.3375,88.61639,38.03,100.0,0.016,0.015,2.07
2023-06-30 07:00:00,NODE_07,27.35687,88.65051,37.61,100.0,0.5552,0.4315,2.07
2023-06-30 07:00:00,NODE_08,27.3729,88.65823,37.9,100.0,-0.0047,-0.0025,2.07
2023-06-30 07:00:00,NODE_09,27.32405,88.62626,37.11,100.0,1.1565,0.5648,2.07
2023-06-30 07:00:00,NODE_10,27.28763,88.57017,36.83,100.0,-0.0059,-0.0044,2.07
2023-06-30 08:00:00,NODE_01,27.29535,88.6231,37.58,100.0,0.0103,0.0072,2.07
2023-06-30 08:00:00,NODE_02,27.35987,88.66507,37.66,100.0,0.0065,0.0149,2.07
2023-06-30 08:00:00,NODE_03,27.32649,88.60522,37.02,100.0,0.5823,0.8295,2.07
2023-06-30 08:00:00,NODE_04,27.36949,88.5676,36.78,100.0,0.0007,0.013,2.07
2023-06-30 08:00:00,NODE_05,27.35503,88.67429,37.64,100.0,-0.0126,0.0036,2.07
2023-06-30 08:00:00,NODE_06,27.3375,88.61639,37.89,100.0,-0.0019,-0.0092,2.07
2023-06-30 08:00:00,NODE_07,27.35687,88.65051,37.43,100.0,0.5533,0.4291,2.07
2023-06-30 08:00:00,NODE_08,27.3729,88.65823,37.24,100.0,-0.0139,0.0113,2.07
2023-06-30 08:00:00,NODE_09,27.32405,88.62626,37.47,100.0,1.128,0.5815,2.07
2023-06-30 08:00:00,NODE_10,27.28763,88.57017,37.28,100.0,0.015,0.0061,2.07
2023-06-30 09:00:00,NODE_01,27.29535,88.6231,37.3,100.0,-0.0005,-0.0009,2.07
2023-06-30 09:00:00,NODE_02,27.35987,88.66507,36.88,99.78,-0.0145,-0.0115,2.07
2023-06-30 09:00:00,NODE_03,27.32649,88.60522,37.29,100.0,0.5645,0.8239,2.07
2023-06-30 09:00:00,NODE_04,27.36949,88.5676,36.98,100.0,0.0008,-0.0073,2.07
2023-06-30 09:00:00,NODE_05,27.35503,88.67429,37.09,100.0,0.0027,-0.0024,2.07
2023-06-30 09:00:00,NODE_06,27.3375,88.61639,37.07,100.0,0.0104,-0.0003,2.07
2023-06-30 09:00:00,NODE_07,27.35687,88.65051,38.06,100.0,0.5821,0.4374,2.07
2023-06-30 09:00:00,NODE_08,27.3729,88.65823,37.56,100.0,-0.0052,0.0024,2.07
2023-06-30 09:00:00,NODE_09,27.32405,88.62626,37.46,99.67,1.1401,0.6003,2.07
2023-06-30 09:00:00,NODE_10,27.28763,88.57017,37.51,100.0,0.0152,-0.001,2.07
2023-06-30 10:00:00,NODE_01,27.29535,88.6231,37.46,100.0,-0.0003,-0.0194,2.67
2023-06-30 10:00:00,NODE_02,27.35987,88.66507,37.0,99.67,-0.0084,-0.0046,2.67
2023-06-30 10:00:00,NODE_03,27.32649,88.60522,36.97,100.0,0.5782,0.8475,2.67
2023-06-30 10:00:00,NODE_04,27.36949,88.5676,37.02,100.0,-0.0009,-0.0139,2.67
2023-06-30 10:00:00,NODE_05,27.35503,88.67429,36.87,99.69,-0.0164,-0.0142,2.67
2023-06-30 10:00:00,NODE_06,27.3375,88.61639,37.06,100.0,-0.0084,-0.0064,2.67
2023-06-30 10:00:00,NODE_07,27.35687,88.65051,36.19,100.0,0.5812,0.4291,2.67
2023-06-30 10:00:00,NODE_08,27.3729,88.65823,37.12,99.83,0.0065,-0.0087,2.67
2023-06-30 10:00:00,NODE_09,27.32405,88.62626,37.15,100.0,1.1575,0.5789,2.67
2023-06-30 10:00:00,NODE_10,27.28763,88.57017,37.55,100.0,0.0096,0.0008,2.67
2023-06-30 11:00:00,NODE_01,27.29535,88.6231,36.49,98.73,-0.0058,-0.0132,2.67
2023-06-30 11:00:00,NODE_02,27.35987,88.66507,36.6,99.38,-0.0027,-0.0008,2.67
2023-06-30 11:00:00,NODE_03,27.32649,88.60522,36.85,100.0,0.5797,0.8391,2.67
2023-06-30 11:00:00,NODE_04,27.36949,88.5676,37.38,99.26,-0.0132,0.008,2.67
2023-06-30 11:00:00,NODE_05,27.35503,88.67429,36.63,99.45,-0.0098,-0.0082,2.67
2023-06-30 11:00:00,NODE_06,27.3375,88.61639,35.96,99.55,0.0037,0.0138,2.67
2023-06-30 11:00:00,NODE_07,27.35687,88.65051,37.04,99.4,0.5759,0.4358,2.67
2023-06-30 11:00:00,NODE_08,27.3729,88.65823,37.06,99.48,-0.008,-0.0093,2.67
2023-06-30 11:00:00,NODE_09,27.32405,88.62626,37.64,99.88,1.145,0.5989,2.67
2023-06-30 11:00:00,NODE_10,27.28763,88.57017,36.74,99.25,0.0123,-0.0151,2.67
2023-06-30 12:00:00,NODE_01,27.29535,88.6231,37.64,99.41,0.0012,0.0128,2.67
2023-06-30 12:00:00,NODE_02,27.35987,88.66507,37.34,99.24,0.0078,0.0059,2.67
2023-06-30 12:00:00,NODE_03,27.32649,88.60522,36.86,99.79,0.5781,0.8415,2.67
2023-06-30 12:00:00,NODE_04,27.36949,88.5676,36.97,99.14,0.0124,-0.0142,2.67
2023-06-30 12:00:00,NODE_05,27.35503,88.67429,36.74,99.07,0.0099,0.0032,2.67
2023-06-30 12:00:00,NODE_06,27.3375,88.61639,36.76,99.36,-0.0249,0.0164,2.67
2023-06-30 12:00:00,NODE_07,27.35687,88.65051,36.73,98.92,0.5589,0.4248,2.67
2023-06-30 12:00:00,NODE_08,27.3729,88.65823,35.97,99.33,0.003,0.0151,2.67
2023-06-30 12:00:00,NODE_09,27.32405,88.62626,36.57,99.11,1.168,0.5579,2.67
2023-06-30 12:00:00,NODE_10,27.28763,88.57017,37.11,99.27,-0.0071,-0.001,2.67
2023-06-30 13:00:00,NODE_01,27.29535,88.6231,36.91,98.4,0.0032,-0.0079,8.1
2023-06-30 13:00:00,NODE_02,27.35987,88.66507,37.42,98.9,-0.0002,-0.0176,8.1
2023-06-30 13:00:00,NODE_03,27.32649,88.60522,37.33,98.72,0.5654,0.844,8.1
2023-06-30 13:00:00,NODE_04,27.36949,88.5676,36.82,98.99,0.0107,-0.0193,8.1
2023-06-30 13:00:00,NODE_05,27.35503,88.67429,38.05,98.59,0.0046,-0.0086,8.1
2023-06-30 13:00:00,NODE_06,27.3375,88.61639,37.73,98.63,-0.0095,-0.001,8.1
2023-06-30 13:00:00,NODE_07,27.35687,88.65051,37.21,98.87,0.5899,0.4241,8.1
2023-06-30 13:00:00,NODE_08,27.3729,88.65823,36.91,98.87,0.0056,-0.0072,8.1
2023-06-30 13:00:00,NODE_09,27.32405,88.62626,37.37,98.44,1.1776,0.5871,8.1
2023-06-30 13:00:00,NODE_10,27.28763,88.57017,37.22,99.6,-0.0152,0.0003,8.1
2023-06-30 14:00:00,NODE_01,27.29535,88.6231,38.05,98.51,-0.0078,-0.007,8.1
2023-06-30 14:00:00,NODE_02,27.35987,88.66507,37.89,98.24,0.0114,-0.016,8.1
2023-06-30 14:00:00,NODE_03,27.32649,88.60522,37.81,99.06,0.5703,0.864,8.1
2023-06-30 14:00:00,NODE_04,27.36949,88.5676,37.55,98.18,-0.0104,0.0091,8.1
2023-06-30 14:00:00,NODE_05,27.35503,88.67429,37.72,98.55,-0.0039,0.0026,8.1
2023-06-30 14:00:00,NODE_06,27.3375,88.61639,38.11,98.69,-0.0001,0.0117,8.1
2023-06-30 14:00:00,NODE_07,27.35687,88.65051,37.81,98.42,0.5795,0.4669,8.1
2023-06-30 14:00:00,NODE_08,27.3729,88.65823,37.38,98.67,-0.0121,0.0027,8.1
2023-06-30 14:00:00,NODE_09,27.32405,88.62626,37.07,98.68,1.1636,0.5786,8.1
2023-06-30 14:00:00,NODE_10,27.28763,88.57017,37.97,98.47,-0.0101,-0.0016,8.1
2023-06-30 15:00:00,NODE_01,27.29535,88.6231,37.52,98.16,-0.0013,-0.0017,8.1
2023-06-30 15:00:00,NODE_02,27.35987,88.66507,38.73,98.24,0.0132,0.0049,8.1
2023-06-30 15:00:00,NODE_03,27.32649,88.60522,37.95,97.83,0.5781,0.8361,8.1
2023-06-30 15:00:00,NODE_04,27.36949,88.5676,38.54,98.43,-0.003,0.0016,8.1
2023-06-30 15:00:00,NODE_05,27.35503,88.67429,37.73,98.26,0.0002,0.0173,8.1
2023-06-30 15:00:00,NODE_06,27.3375,88.61639,38.16,97.89,-0.0036,0.0165,8.1
2023-06-30 15:00:00,NODE_07,27.35687,88.65051,38.08,98.2,0.5664,0.4462,8.1
2023-06-30 15:00:00,NODE_08,27.3729,88.65823,38.06,98.14,-0.0056,0.0135,8.1
2023-06-30 15:00:00,NODE_09,27.32405,88.62626,38.27,98.04,1.1828,0.6127,8.1
2023-06-30 15:00:00,NODE_10,27.28763,88.57017,38.65,98.4,-0.0203,0.0015,8.1
2023-06-30 16:00:00,NODE_01,27.29535,88.6231,37.62,98.09,-0.0061,-0.0106,8.1
2023-06-30 16:00:00,NODE_02,27.35987,88.66507,38.45,97.75,0.012,-0.0195,8.1
2023-06-30 16:00:00,NODE_03,27.32649,88.60522,37.77,98.18,0.5672,0.8727,8.1
2023-06-30 16:00:00,NODE_04,27.36949,88.5676,37.51,97.81,-0.0023,0.0047,8.1
2023-06-30 16:00:00,NODE_05,27.35503,88.67429,38.36,97.53,-0.0044,0.0017,8.1
2023-06-30 16:00:00,NODE_06,27.3375,88.61639,38.67,97.82,-0.013,-0.0003,8.1
2023-06-30 16:00:00,NODE_07,27.35687,88.65051,38.07,98.23,0.5788,0.4496,8.1
2023-06-30 16:00:00,NODE_08,27.3729,88.65823,38.04,97.67,0.0035,0.0054,8.1
2023-06-30 16:00:00,NODE_09,27.32405,88.62626,38.58,97.42,1.1745,0.6117,8.1
2023-06-30 16:00:00,NODE_10,27.28763,88.57017,37.91,98.29,-0.0111,-0.0031,8.1
2023-06-30 17:00:00,NODE_01,27.29535,88.6231,38.4,97.64,0.023,-0.0123,8.1
2023-06-30 17:00:00,NODE_02,27.35987,88.66507,38.1,96.66,0.0121,-0.0045,8.1
2023-06-30 17:00:00,NODE_03,27.32649,88.60522,37.75,97.5,0.6053,0.8563,8.1
2023-06-30 17:00:00,NODE_04,27.36949,88.5676,37.77,97.44,-0.0116,-0.0044,8.1
2023-06-30 17:00:00,NODE_05,27.35503,88.67429,37.61,97.04,-0.0006,-0.0145,8.1
2023-06-30 17:00:00,NODE_06,27.3375,88.61639,37.64,97.45,-0.005,0.0013,8.1
2023-06-30 17:00:00,NODE_07,27.35687,88.65051,37.79,97.68,0.5906,0.4492,8.1
2023-06-30 17:00:00,NODE_08,27.3729,88.65823,37.86,97.58,0.007,-0.0076,8.1
2023-06-30 17:00:00,NODE_09,27.32405,88.62626,37.38,98.14,1.2055,0.5952,8.1
2023-06-30 17:00:00,NODE_10,27.28763,88.57017,38.23,98.29,-0.0051,-0.0046,8.1
2023-06-30 18:00:00,NODE_01,27.29535,88.6231,37.94,96.47,-0.0009,-0.0005,11.87
2023-06-30 18:00:00,NODE_02,27.35987,88.66507,37.48,97.11,-0.0104,0.0016,11.87
2023-06-30 18:00:00,NODE_03,27.32649,88.60522,38.03,97.08,0.5976,0.8479,11.87
2023-06-30 18:00:00,NODE_04,27.36949,88.5676,38.04,96.6,-0.0187,-0.0138,11.87
2023-06-30 18:00:00,NODE_05,27.35503,88.67429,38.16,97.35,-0.0076,-0.0085,11.87
2023-06-30 18:00:00,NODE_06,27.3375,88.61639,37.76,96.39,0.0033,0.0073,11.87
2023-06-30 18:00:00,NODE_07,27.35687,88.65051,37.52,97.4,0.5776,0.4432,11.87
2023-06-30 18:00:00,NODE_08,27.3729,88.65823,38.16,96.97,-0.0054,-0.0102,11.87
2023-06-30 18:00:00,NODE_09,27.32405,88.62626,38.38,97.02,1.1989,0.611,11.87
2023-06-30 18:00:00,NODE_10,27.28763,88.57017,37.56,97.33,0.0017,-0.0104,11.87
2023-06-30 19:00:00,NODE_01,27.29535,88.6231,38.63,96.69,0.0155,-0.0089,11.21
2023-06-30 19:00:00,NODE_02,27.35987,88.66507,38.01,97.32,0.0048,0.0042,11.21
2023-06-30 19:00:00,NODE_03,27.32649,88.60522,38.11,97.27,0.5963,0.8583,11.21
2023-06-30 19:00:00,NODE_04,27.36949,88.5676,38.14,96.82,-0.0067,-0.0119,11.21
2023-06-30 19:00:00,NODE_05,27.35503,88.67429,38.05,97.15,-0.0058,-0.0029,11.21
2023-06-30 19:00:00,NODE_06,27.3375,88.61639,38.1,97.0,-0.0009,-0.0084,11.21
2023-06-30 19:00:00,NODE_07,27.35687,88.65051,38.44,97.15,0.5876,0.4505,11.21
2023-06-30 19:00:00,NODE_08,27.3729,88.65823,38.02,97.14,0.0015,0.0187,11.21
2023-06-30 19:00:00,NODE_09,27.32405,88.62626,38.87,96.59,1.1955,0.6227,11.21
2023-06-30 19:00:00,NODE_10,27.28763,88.57017,38.55,97.38,0.0014,0.0097,11.21
2023-06-30 20:00:00,NODE_01,27.29535,88.6231,38.62,96.72,-0.002,-0.0074,11.21
2023-06-30 20:00:00,NODE_02,27.35987,88.66507,38.13,96.24,-0.0061,-0.0014,11.21
2023-06-30 20:00:00,NODE_03,27.32649,88.60522,38.66,97.11,0.5773,0.8532,11.21
2023-06-30 20:00:00,NODE_04,27.36949,88.5676,39.61,96.8,-0.0036,-0.0027,11.21
2023-06-30 20:00:00,NODE_05,27.35503,88.67429,39.04,96.96,-0.0061,-0.0035,11.21
2023-06-30 20:00:00,NODE_06,27.3375,88.61639,38.08,96.58,0.0006,0.0011,11.21
2023-06-30 20:00:00,NODE_07,27.35687,88.65051,38.82,96.18,0.5919,0.4564,11.21
2023-06-30 20:00:00,NODE_08,27.3729,88.65823,38.81,96.64,-0.0028,-0.0104,11.21
2023-06-30 20:00:00,NODE_09,27.32405,88.62626,38.25,96.87,1.1946,0.6268,11.21
2023-06-30 20:00:00,NODE_10,27.28763,88.57017,38.94,96.53,-0.0069,-0.0123,11.21
2023-06-30 21:00:00,NODE_01,27.29535,88.6231,38.28,96.38,0.0026,-0.0078,9.8
2023-06-30 21:00:00,NODE_02,27.35987,88.66507,38.62,96.53,-0.0165,-0.0037,9.8
2023-06-30 21:00:00,NODE_03,27.32649,88.60522,37.6,96.85,0.5836,0.8801,9.8
2023-06-30 21:00:00,NODE_04,27.36949,88.5676,38.16,96.97,-0.0144,-0.0127,9.8
2023-06-30 21:00:00,NODE_05,27.35503,88.67429,38.09,96.66,-0.0073,0.0015,9.8
2023-06-30 21:00:00,NODE_06,27.3375,88.61639,38.58,96.53,0.0073,0.0214,9.8
2023-06-30 21:00:00,NODE_07,27.35687,88.65051,38.11,96.17,0.5803,0.4556,9.8
2023-06-30 21:00:00,NODE_08,27.3729,88.65823,39.05,96.55,0.0073,-0.0055,9.8
2023-06-30 21:00:00,NODE_09,27.32405,88.62626,38.51,96.53,1.216,0.6118,9.8
2023-06-30 21:00:00,NODE_10,27.28763,88.57017,38.7,96.53,0.0057,0.0016,9.8
2023-06-30 22:00:00,NODE_01,27.29535,88.6231,39.11,96.36,-0.0132,0.0052,13.57
2023-06-30 22:00:00,NODE_02,27.35987,88.66507,38.64,96.73,-0.0029,0.0084,13.57
2023-06-30 22:00:00,NODE_03,27.32649,88.60522,38.28,96.39,0.6045,0.867,13.57
2023-06-30 22:00:00,NODE_04,27.36949,88.5676,38.75,96.39,0.0018,0.0031,13.57
2023-06-30 22:00:00,NODE_05,27.35503,88.67429,39.13,96.74,0.0104,0.0031,13.57
2023-06-30 22:00:00,NODE_06,27.3375,88.61639,38.68,96.35,-0.0034,-0.005,13.57
2023-06-30 22:00:00,NODE_07,27.35687,88.65051,39.31,96.28,0.5912,0.452,13.57
2023-06-30 22:00:00,NODE_08,27.3729,88.65823,38.43,96.33,0.0052,0.0037,13.57
2023-06-30 22:00:00,NODE_09,27.32405,88.62626,39.2,96.77,1.2307,0.5963,13.57
2023-06-30 22:00:00,NODE_10,27.28763,88.57017,38.09,96.16,-0.0067,0.0181,13.57
2023-06-30 23:00:00,NODE_01,27.29535,88.6231,38.71,96.24,-0.0045,-0.0023,13.57
2023-06-30 23:00:00,NODE_02,27.35987,88.66507,38.25,95.8,0.0132,0.0029,13.57
2023-06-30 23:00:00,NODE_03,27.32649,88.60522,38.69,96.13,0.6269,0.8829,13.57
2023-06-30 23:00:00,NODE_04,27.36949,88.5676,38.5,96.35,0.0116,-0.0046,13.57
2023-06-30 23:00:00,NODE_05,27.35503,88.67429,38.38,96.35,0.0077,0.0173,13.57
2023-06-30 23:00:00,NODE_06,27.3375,88.61639,39.05,96.66,0.0136,0.0085,13.57
2023-06-30 23:00:00,NODE_07,27.35687,88.65051,39.34,95.93,0.5863,0.4663,13.57
2023-06-30 23:00:00,NODE_08,27.3729,88.65823,38.54,96.52,-0.0037,-0.0022,13.57
2023-06-30 23:00:00,NODE_09,27.32405,88.62626,38.9,96.0,1.2145,0.612,13.57
2023-06-30 23:00:00,NODE_10,27.28763,88.57017,38.72,95.51,0.0001,0.011,13.57
